client,status,solve_ms,total_ms,error
22,accepted,0.000,20.681,
0,accepted,1.500,23.681,
7,accepted,1.501,23.991,
5,accepted,0.500,25.181,
27,accepted,1.001,25.681,
26,accepted,1.500,25.681,
9,accepted,1.500,25.681,
2,accepted,1.501,25.011,
23,accepted,1.000,27.182,
25,accepted,1.001,26.182,
6,accepted,1.000,26.182,
1,accepted,0.000,26.015,
4,accepted,0.500,26.681,
19,accepted,1.001,27.681,
10,accepted,0.500,27.181,
18,accepted,0.500,27.181,
21,accepted,1.000,28.182,
20,accepted,0.000,28.680,
29,accepted,1.000,27.011,
11,accepted,0.500,27.516,
31,accepted,0.500,29.182,
30,accepted,0.500,27.011,
28,accepted,0.499,27.516,
14,accepted,0.499,27.516,
8,accepted,1.000,30.679,
15,accepted,1.500,31.181,
3,accepted,0.500,30.181,
17,accepted,1.001,30.679,
13,accepted,0.500,30.181,
12,accepted,1.001,30.181,
24,accepted,0.000,30.681,
16,accepted,0.499,32.679,
7,accepted,0.499,10.190,
22,accepted,1.500,15.001,
5,accepted,0.000,12.000,
0,accepted,1.500,15.001,
26,accepted,0.500,12.499,
27,accepted,0.498,12.499,
20,accepted,0.000,10.501,
18,accepted,0.000,11.999,
6,accepted,0.000,12.999,
4,accepted,0.499,13.928,
2,accepted,0.000,14.427,
23,accepted,0.000,17.000,
7,accepted,0.000,9.500,
21,accepted,0.000,15.501,
1,accepted,0.498,17.001,
10,accepted,0.000,16.999,
19,accepted,0.499,18.000,
9,accepted,0.000,19.000,
28,accepted,0.000,17.001,
3,accepted,0.499,15.002,
11,accepted,0.500,17.500,
24,accepted,0.501,15.001,
25,accepted,0.000,19.999,
17,accepted,0.000,16.501,
30,accepted,0.000,18.500,
29,accepted,0.500,18.500,
31,accepted,0.000,18.500,
8,accepted,0.000,17.000,
12,accepted,0.501,17.501,
15,accepted,1.000,17.501,
16,accepted,1.000,16.002,
13,accepted,0.499,20.000,
14,accepted,0.000,22.499,
22,accepted,0.000,14.999,
18,accepted,0.998,13.501,
5,accepted,0.000,15.501,
0,accepted,0.000,16.500,
26,accepted,0.502,15.500,
6,accepted,0.499,16.501,
4,accepted,0.500,15.072,
24,accepted,0.500,11.999,
1,accepted,0.000,13.998,
7,accepted,0.498,14.499,
19,accepted,0.500,12.999,
20,accepted,0.501,19.499,
23,accepted,0.501,15.834,
29,accepted,0.500,12.335,
11,accepted,0.000,13.334,
27,accepted,0.501,20.835,
25,accepted,0.499,12.835,
30,accepted,0.000,12.335,
2,accepted,0.501,19.072,
10,accepted,0.000,15.500,
21,accepted,0.500,16.499,
17,accepted,0.000,13.500,
8,accepted,0.000,13.000,
12,accepted,0.000,12.999,
3,accepted,0.500,15.499,
28,accepted,0.000,16.000,
31,accepted,0.500,15.001,
9,accepted,0.500,17.001,
14,accepted,0.000,12.001,
15,accepted,0.500,16.499,
16,accepted,0.499,16.500,
13,accepted,0.000,14.502,
18,accepted,0.999,12.501,
6,accepted,0.500,10.499,
5,accepted,0.999,13.999,
22,accepted,1.499,16.501,
25,accepted,0.000,9.665,
26,accepted,0.000,15.500,
0,accepted,0.501,16.000,
24,accepted,0.499,12.001,
4,accepted,0.000,14.000,
11,accepted,0.501,13.166,
8,accepted,0.000,12.001,
20,accepted,0.501,14.000,
30,accepted,0.000,14.165,
1,accepted,0.500,15.500,
27,accepted,0.000,14.665,
2,accepted,0.000,17.002,
29,accepted,0.000,17.666,
7,accepted,0.501,19.002,
14,accepted,0.501,14.001,
23,accepted,0.499,18.165,
12,accepted,0.999,16.500,
9,accepted,0.500,15.998,
19,accepted,0.499,20.500,
10,accepted,0.000,18.500,
21,accepted,0.500,18.499,
17,accepted,1.498,19.499,
13,accepted,0.000,14.997,
28,accepted,0.500,18.498,
15,accepted,0.500,15.999,
3,accepted,0.500,19.499,
16,accepted,0.000,15.497,
6,accepted,0.500,15.000,
18,accepted,0.000,16.497,
26,accepted,0.000,12.499,
31,accepted,0.000,19.998,
22,accepted,0.501,14.999,
11,accepted,0.500,11.498,
25,accepted,0.000,14.999,
5,accepted,0.000,19.000,
1,accepted,0.000,14.500,
0,accepted,0.517,17.999,
2,accepted,0.500,11.998,
4,accepted,0.000,19.499,
20,accepted,0.499,16.999,
27,accepted,0.000,15.500,
8,accepted,0.000,17.498,
12,accepted,0.500,12.999,
29,accepted,0.000,13.498,
24,accepted,0.500,20.498,
30,accepted,0.500,16.999,
14,accepted,0.000,13.999,
21,accepted,0.500,12.002,
10,accepted,0.499,13.501,
23,accepted,0.000,14.500,
9,accepted,0.000,15.000,
7,accepted,0.000,15.998,
15,accepted,0.000,13.002,
13,accepted,0.000,14.001,
25,accepted,0.000,11.500,
17,accepted,0.000,15.501,
31,accepted,0.000,13.501,
26,accepted,0.500,13.501,
28,accepted,0.499,15.501,
19,accepted,0.500,19.001,
3,accepted,1.000,17.001,
22,accepted,0.000,15.501,
11,accepted,0.000,14.000,
6,accepted,0.000,17.002,
18,accepted,0.500,16.502,
16,accepted,1.000,18.501,
5,accepted,0.000,14.001,
0,accepted,0.000,12.502,
1,accepted,0.000,13.501,
23,accepted,0.000,10.501,
10,accepted,0.499,10.501,
2,accepted,0.000,14.502,
4,accepted,0.501,18.012,
27,accepted,0.000,18.012,
20,accepted,0.499,18.012,
15,accepted,0.000,15.512,
12,accepted,1.002,18.514,
30,accepted,0.499,18.514,
3,accepted,0.501,12.514,
28,accepted,0.501,14.514,
9,accepted,0.499,18.014,
29,accepted,1.001,20.515,
8,accepted,0.499,21.015,
13,accepted,0.000,17.014,
21,accepted,0.499,20.511,
7,accepted,0.499,18.512,
14,accepted,0.499,20.511,
24,accepted,1.001,21.013,
25,accepted,0.498,16.012,
22,accepted,0.000,14.013,
23,accepted,0.000,9.511,
31,accepted,0.000,17.513,
18,accepted,0.000,15.011,
19,accepted,0.000,16.012,
6,accepted,0.000,15.011,
11,accepted,0.000,15.513,
26,accepted,0.000,18.513,
16,accepted,0.000,15.013,
5,accepted,0.000,15.511,
10,accepted,0.500,14.510,
17,accepted,0.000,22.013,
0,accepted,0.000,17.510,
4,accepted,0.498,10.499,
20,accepted,0.000,11.000,
1,accepted,0.000,17.510,
27,accepted,0.000,12.500,
2,accepted,0.000,16.511,
30,accepted,0.000,12.999,
12,accepted,0.500,12.999,
3,accepted,0.000,11.998,
15,accepted,0.500,13.499,
22,accepted,0.999,12.001,
9,accepted,0.000,12.999,
13,accepted,0.999,13.498,
25,accepted,0.500,13.000,
23,accepted,1.000,12.500,
6,accepted,0.500,11.500,
8,accepted,0.500,13.999,
29,accepted,0.500,14.499,
28,accepted,0.500,15.499,
26,accepted,0.000,11.500,
19,accepted,0.499,12.500,
31,accepted,1.000,13.500,
24,accepted,0.499,15.001,
14,accepted,0.500,15.501,
21,accepted,1.500,16.000,
5,accepted,0.000,13.002,
18,accepted,0.000,15.001,
16,accepted,0.500,14.502,
7,accepted,1.000,17.500,
11,accepted,0.500,16.000,
10,accepted,0.500,14.000,
17,accepted,0.500,13.500,
27,accepted,0.000,11.000,
2,accepted,0.000,11.000,
0,accepted,0.500,14.001,
20,accepted,0.000,13.500,
1,accepted,0.000,14.501,
22,accepted,0.500,13.000,
4,accepted,0.000,20.002,
30,accepted,0.499,17.000,
9,accepted,0.500,14.999,
29,accepted,0.500,15.500,
3,accepted,0.000,19.500,
2,accepted,0.502,12.500,
21,accepted,0.000,16.000,
5,accepted,0.000,15.498,
18,accepted,0.000,15.498,
13,accepted,0.000,20.000,
25,accepted,0.498,20.000,
28,accepted,0.000,19.000,
26,accepted,0.500,19.000,
24,accepted,0.000,18.000,
8,accepted,0.500,19.500,
19,accepted,0.000,18.500,
31,accepted,0.000,18.000,
23,accepted,0.501,20.000,
16,accepted,0.000,16.499,
7,accepted,0.000,16.500,
14,accepted,0.000,18.500,
17,accepted,1.000,15.002,
11,accepted,0.500,16.501,
6,accepted,0.500,21.001,
15,accepted,0.000,24.002,
12,accepted,0.500,24.502,
1,accepted,0.000,13.003,
10,accepted,0.000,15.502,
9,accepted,0.000,8.001,
27,accepted,0.000,17.001,
20,accepted,0.502,16.002,
0,accepted,0.000,16.002,
4,accepted,0.000,10.499,
30,accepted,0.000,14.502,
22,accepted,0.501,16.500,
18,accepted,0.000,10.501,
3,accepted,0.000,13.001,
21,accepted,0.000,11.500,
5,accepted,0.000,11.500,
2,accepted,0.000,13.000,
25,accepted,0.499,12.000,
26,accepted,0.000,12.500,
13,accepted,0.000,12.500,
29,accepted,0.000,15.999,
8,accepted,0.000,14.000,
31,accepted,0.499,14.500,
7,accepted,0.000,15.505,
24,accepted,0.500,16.505,
4,accepted,0.000,15.005,
28,accepted,0.500,19.005,
20,accepted,0.000,15.504,
27,accepted,0.500,16.006,
11,accepted,0.000,18.005,
12,accepted,0.500,17.505,
14,accepted,0.500,19.007,
10,accepted,0.500,18.503,
0,accepted,0.500,17.004,
19,accepted,0.000,20.505,
9,accepted,0.500,18.505,
23,accepted,0.000,21.005,
17,accepted,0.500,19.503,
1,accepted,0.500,20.003,
16,accepted,0.500,21.505,
31,accepted,0.000,7.506,
6,accepted,0.000,22.004,
15,accepted,0.500,21.503,
30,accepted,0.000,15.504,
18,accepted,0.000,15.505,
21,accepted,0.500,15.005,
22,accepted,0.000,17.504,
3,accepted,0.500,16.504,
5,accepted,0.500,15.505,
7,accepted,0.000,11.501,
25,accepted,0.000,16.005,
26,accepted,0.000,15.505,
2,accepted,0.000,16.005,
29,accepted,0.000,16.505,
13,accepted,0.000,17.005,
27,accepted,0.000,11.499,
8,accepted,0.501,17.005,
4,accepted,0.499,12.500,
14,accepted,0.000,11.499,
24,accepted,0.000,15.001,
28,accepted,0.000,13.500,
1,accepted,0.000,10.500,
9,accepted,0.500,11.501,
20,accepted,0.000,16.001,
12,accepted,0.000,15.499,
16,accepted,0.000,13.500,
15,accepted,0.000,12.499,
19,accepted,0.000,16.000,
30,accepted,0.500,12.000,
18,accepted,0.000,12.001,
31,accepted,0.000,15.500,
11,accepted,0.500,17.999,
17,accepted,0.500,16.501,
6,accepted,0.500,14.499,
22,accepted,0.000,12.500,
21,accepted,0.000,13.500,
3,accepted,0.000,12.500,
5,accepted,0.000,12.500,
0,accepted,0.000,18.500,
23,accepted,0.500,18.000,
10,accepted,0.000,18.500,
2,accepted,0.000,13.999,
8,accepted,0.000,10.999,
26,accepted,0.000,15.501,
27,accepted,0.000,12.501,
7,accepted,0.000,17.000,
4,accepted,0.501,14.001,
14,accepted,0.499,14.501,
24,accepted,0.499,14.501,
31,accepted,1.499,8.501,
9,accepted,0.501,13.501,
12,accepted,0.000,12.001,
28,accepted,0.501,14.502,
13,accepted,0.499,18.001,
25,accepted,0.000,19.500,
29,accepted,0.499,18.500,
15,accepted,0.998,12.501,
20,accepted,0.501,13.499,
16,accepted,0.501,13.999,
1,accepted,0.501,17.501,
11,accepted,1.499,13.430,
19,accepted,0.500,14.431,
17,accepted,0.498,13.430,
18,accepted,0.000,13.430,
2,accepted,0.000,13.500,
10,accepted,0.500,16.500,
0,accepted,0.999,17.500,
27,accepted,0.499,13.846,
22,accepted,0.500,18.347,
25,accepted,0.000,10.500,
6,accepted,0.500,20.001,
30,accepted,0.500,22.001,
21,accepted,0.000,19.501,
26,accepted,0.000,15.501,
5,accepted,0.501,20.002,
3,accepted,0.000,20.002,
8,accepted,0.000,17.003,
23,accepted,0.000,20.002,
7,accepted,0.000,14.002,
29,accepted,1.001,12.319,
9,accepted,0.000,14.499,
14,accepted,0.499,15.499,
15,accepted,0.499,13.000,
24,accepted,0.499,17.998,
16,accepted,0.000,14.501,
2,accepted,0.000,10.000,
31,accepted,0.000,19.998,
4,accepted,0.499,20.498,
11,accepted,0.000,15.069,
0,accepted,0.000,10.000,
17,accepted,0.000,15.570,
28,accepted,0.000,19.498,
19,accepted,0.501,15.570,
1,accepted,0.000,16.499,
12,accepted,0.500,19.498,
20,accepted,0.501,18.500,
10,accepted,0.000,12.501,
30,accepted,0.000,9.999,
18,accepted,0.000,17.568,
13,accepted,0.000,21.499,
27,accepted,1.000,14.154,
23,accepted,0.999,12.498,
5,accepted,0.500,12.498,
21,accepted,0.500,13.500,
6,accepted,0.999,15.000,
22,accepted,0.999,15.654,
29,accepted,0.499,14.181,
7,accepted,0.999,16.498,
25,accepted,0.999,17.499,
26,accepted,0.000,16.498,
8,accepted,0.000,16.998,
9,accepted,0.000,15.500,
3,accepted,0.501,17.998,
14,accepted,0.500,16.501,
15,accepted,0.500,18.001,
16,accepted,0.000,16.001,
2,accepted,0.000,15.002,
0,accepted,1.002,15.000,
24,accepted,0.000,17.501,
28,accepted,1.000,15.000,
31,accepted,0.500,15.501,
19,accepted,0.499,16.502,
1,accepted,0.501,17.003,
12,accepted,0.000,17.003,
4,accepted,0.501,17.504,
10,accepted,0.000,16.962,
11,accepted,0.499,20.001,
13,accepted,0.499,17.000,
27,accepted,0.000,14.499,
20,accepted,0.000,19.000,
17,accepted,0.498,19.500,
7,accepted,0.000,11.500,
29,accepted,0.000,13.500,
30,accepted,0.000,19.500,
18,accepted,0.500,19.500,
23,accepted,0.000,16.498,
5,accepted,0.000,16.498,
26,accepted,0.000,13.000,
14,accepted,0.595,11.000,
21,accepted,0.000,17.001,
9,accepted,0.000,13.500,
22,accepted,0.000,16.499,
8,accepted,0.499,13.500,
6,accepted,0.502,16.499,
25,accepted,0.000,14.000,
3,accepted,0.000,13.499,
15,accepted,0.000,12.999,
16,accepted,0.499,14.000,
2,accepted,0.539,14.000,
28,accepted,0.000,13.000,
31,accepted,0.000,14.809,
0,accepted,0.000,14.809,
29,accepted,1.000,10.500,
10,accepted,0.500,13.038,
24,accepted,0.500,18.000,
19,accepted,0.000,16.498,
12,accepted,0.000,16.498,
4,accepted,0.000,16.498,
13,accepted,1.000,14.001,
1,accepted,0.000,16.996,
20,accepted,1.501,14.500,
23,accepted,0.000,13.002,
9,accepted,0.500,11.501,
30,accepted,0.500,13.002,
17,accepted,0.500,15.499,
11,accepted,1.000,15.499,
27,accepted,1.000,15.499,
7,accepted,2.000,15.500,
5,accepted,0.000,15.002,
6,accepted,0.501,13.501,
18,accepted,0.499,15.002,
21,accepted,0.000,13.999,
0,accepted,0.000,9.190,
15,accepted,0.000,13.499,
26,accepted,0.000,18.000,
3,accepted,0.000,16.000,
22,accepted,0.000,17.000,
8,accepted,0.501,17.000,
25,accepted,0.000,20.500,
14,accepted,0.000,20.998,
31,accepted,0.501,14.192,
2,accepted,0.500,16.500,
29,accepted,0.500,13.999,
28,accepted,0.000,17.499,
16,accepted,0.000,17.999,
17,accepted,0.000,13.502,
13,accepted,0.000,15.000,
19,accepted,0.501,16.001,
24,accepted,0.500,16.502,
10,accepted,0.000,18.500,
12,accepted,0.500,16.499,
20,accepted,0.000,17.500,
1,accepted,0.499,17.500,
7,accepted,0.600,16.500,
23,accepted,0.500,18.499,
6,accepted,0.000,17.305,
18,accepted,0.000,17.305,
9,accepted,0.000,20.999,
5,accepted,0.000,18.999,
11,accepted,0.000,21.002,
4,accepted,0.000,22.999,
15,accepted,0.502,17.001,
2,accepted,0.502,13.367,
0,accepted,0.501,18.868,
14,accepted,0.000,14.368,
30,accepted,0.000,23.367,
31,accepted,0.500,13.866,
25,accepted,0.000,14.368,
3,accepted,0.500,17.868,
21,accepted,0.999,21.367,
27,accepted,0.600,23.502,
29,accepted,0.500,13.002,
28,accepted,0.000,13.002,
16,accepted,0.501,13.002,
26,accepted,0.000,19.999,
8,accepted,0.000,19.999,
13,accepted,0.000,11.498,
24,accepted,0.500,11.498,
17,accepted,0.501,12.999,
22,accepted,0.000,21.500,
19,accepted,0.499,12.499,
1,accepted,0.501,10.000,
12,accepted,0.500,12.500,
20,accepted,0.000,12.499,
7,accepted,0.000,15.499,
10,accepted,0.500,18.499,
4,accepted,0.000,12.499,
23,accepted,0.000,16.000,
5,accepted,0.500,15.332,
26,accepted,0.000,10.833,
31,accepted,0.000,13.633,
30,accepted,0.000,14.134,
9,accepted,0.000,17.001,
25,accepted,1.000,15.132,
2,accepted,0.501,15.132,
8,accepted,0.000,13.001,
15,accepted,0.500,16.499,
24,accepted,0.000,12.000,
6,accepted,0.000,19.694,
11,accepted,0.000,17.498,
18,accepted,0.000,19.694,
17,accepted,1.000,13.000,
27,accepted,1.000,15.998,
14,accepted,1.501,16.632,
0,accepted,1.501,17.132,
28,accepted,0.500,18.500,
16,accepted,0.999,21.998,
3,accepted,1.500,22.632,
7,accepted,0.000,12.500,
19,accepted,0.500,19.000,
12,accepted,0.500,18.000,
20,accepted,0.000,17.001,
13,accepted,2.999,21.001,
29,accepted,1.000,23.499,
22,accepted,1.500,20.500,
1,accepted,0.000,20.500,
21,accepted,1.000,24.633,
26,accepted,0.501,11.669,
31,accepted,0.000,12.499,
10,accepted,0.500,16.002,
23,accepted,0.000,16.500,
5,accepted,0.500,14.668,
30,accepted,0.000,13.999,
4,accepted,0.500,18.501,
0,accepted,0.500,13.001,
16,accepted,0.000,7.501,
2,accepted,0.501,17.000,
14,accepted,0.000,15.500,
11,accepted,0.499,16.500,
27,accepted,0.499,16.000,
13,accepted,0.000,9.500,
18,accepted,0.000,17.000,
28,accepted,0.000,13.499,
24,accepted,0.499,17.500,
8,accepted,0.000,17.500,
6,accepted,0.500,17.000,
15,accepted,0.499,18.001,
25,accepted,0.000,18.001,
17,accepted,0.000,16.501,
19,accepted,2.000,10.501,
3,accepted,0.500,11.000,
21,accepted,0.501,9.499,
20,accepted,1.001,11.000,
9,accepted,0.000,20.002,
26,accepted,0.000,10.002,
7,accepted,0.999,12.003,
22,accepted,1.001,10.503,
29,accepted,1.001,11.499,
31,accepted,0.000,9.499,
1,accepted,1.001,11.499,
12,accepted,1.501,15.001,
23,accepted,0.500,10.001,
5,accepted,0.000,10.501,
16,accepted,0.500,9.128,
10,accepted,0.000,12.627,
14,accepted,0.497,8.127,
30,accepted,0.000,12.127,
13,accepted,0.501,8.127,
4,accepted,0.000,11.126,
2,accepted,0.000,9.127,
11,accepted,0.000,9.628,
0,accepted,0.499,12.127,
27,accepted,0.000,9.627,
7,accepted,0.501,9.124,
21,accepted,1.000,9.627,
24,accepted,1.000,12.127,
26,accepted,0.501,10.625,
22,accepted,0.622,11.624,
15,accepted,0.501,13.626,
29,accepted,0.000,12.628,
6,accepted,0.000,15.628,
25,accepted,0.000,15.127,
17,accepted,0.622,15.627,
8,accepted,0.501,16.127,
31,accepted,0.000,13.128,
3,accepted,0.000,15.128,
19,accepted,0.000,15.627,
23,accepted,0.000,11.127,
9,accepted,1.000,14.124,
20,accepted,1.621,14.624,
28,accepted,1.000,16.627,
1,accepted,0.499,13.627,
18,accepted,1.000,16.627,
14,accepted,0.000,10.000,
30,accepted,0.000,10.000,
10,accepted,0.000,10.999,
5,accepted,0.000,12.126,
12,accepted,0.500,13.126,
4,accepted,0.000,10.000,
13,accepted,0.000,10.000,
16,accepted,0.499,11.499,
2,accepted,0.500,9.500,
0,accepted,0.000,10.000,
7,accepted,0.000,9.500,
11,accepted,0.000,11.499,
24,accepted,0.499,9.000,
27,accepted,0.000,11.500,
26,accepted,0.500,9.000,
21,accepted,0.500,11.142,
22,accepted,0.000,8.643,
15,accepted,0.000,8.647,
29,accepted,0.000,8.146,
23,accepted,0.499,8.147,
6,accepted,0.500,8.646,
9,accepted,0.499,8.147,
17,accepted,0.500,9.146,
25,accepted,0.499,10.647,
1,accepted,0.500,9.649,
19,accepted,0.500,11.147,
3,accepted,0.500,11.646,
4,accepted,0.642,10.147,
16,accepted,0.505,10.147,
13,accepted,0.500,10.647,
8,accepted,0.500,12.646,
10,accepted,0.000,11.146,
2,accepted,0.500,10.647,
12,accepted,0.642,10.647,
28,accepted,0.000,12.646,
30,accepted,0.642,11.646,
26,accepted,0.500,7.646,
18,accepted,0.642,12.646,
31,accepted,0.000,13.647,
0,accepted,0.499,10.147,
23,accepted,0.000,5.999,
27,accepted,0.501,9.646,
14,accepted,0.500,13.145,
15,accepted,0.000,7.999,
24,accepted,1.000,10.146,
29,accepted,0.497,7.499,
5,accepted,0.642,13.645,
20,accepted,0.642,14.646,
7,accepted,0.000,10.646,
11,accepted,0.000,10.646,
21,accepted,0.499,10.004,
1,accepted,0.000,5.997,
17,accepted,0.499,7.500,
22,accepted,0.000,11.004,
6,accepted,0.501,8.999,
25,accepted,0.000,7.998,
9,accepted,0.000,10.499,
19,accepted,0.000,7.999,
16,accepted,0.500,7.999,
8,accepted,0.501,8.999,
3,accepted,0.000,10.000,
2,accepted,1.000,10.999,
12,accepted,0.499,11.500,
28,accepted,1.000,12.499,
4,accepted,0.500,13.498,
13,accepted,0.000,12.998,
15,accepted,1.999,12.000,
31,accepted,0.500,12.998,
26,accepted,0.000,13.500,
5,accepted,1.000,11.500,
24,accepted,1.500,11.500,
27,accepted,0.000,13.003,
18,accepted,0.500,14.502,
30,accepted,0.500,14.502,
0,accepted,1.000,14.001,
10,accepted,0.000,15.002,
1,accepted,0.500,11.503,
11,accepted,0.500,12.503,
20,accepted,0.999,12.503,
23,accepted,0.000,14.501,
17,accepted,0.500,12.000,
29,accepted,0.500,13.502,
6,accepted,0.499,11.501,
14,accepted,1.999,14.002,
7,accepted,0.999,14.001,
3,accepted,0.000,7.500,
21,accepted,0.000,13.000,
22,accepted,0.000,12.000,
19,accepted,0.000,10.500,
9,accepted,0.000,11.501,
25,accepted,0.000,12.500,
16,accepted,0.000,10.501,
2,accepted,0.000,8.500,
8,accepted,0.499,10.500,
12,accepted,0.502,8.500,
13,accepted,0.499,8.503,
29,accepted,0.000,6.500,
4,accepted,0.501,10.001,
27,accepted,0.500,7.998,
7,accepted,0.500,6.500,
21,accepted,0.500,6.500,
26,accepted,0.501,10.000,
28,accepted,0.999,11.001,
30,accepted,0.000,9.498,
31,accepted,1.000,10.501,
15,accepted,0.501,11.000,
23,accepted,0.500,10.498,
5,accepted,0.498,13.001,
22,accepted,0.500,10.501,
1,accepted,0.000,12.550,
6,accepted,0.500,11.551,
3,accepted,0.500,11.053,
2,accepted,0.499,8.053,
11,accepted,0.498,12.550,
0,accepted,0.498,12.550,
10,accepted,0.000,13.054,
16,accepted,0.000,10.056,
24,accepted,0.498,15.020,
17,accepted,0.000,13.018,
18,accepted,0.000,14.017,
20,accepted,0.000,14.017,
8,accepted,0.502,10.057,
12,accepted,0.000,9.556,
19,accepted,0.000,12.556,
14,accepted,0.000,13.556,
9,accepted,0.000,12.055,
13,accepted,0.000,10.055,
25,accepted,0.000,14.056,
30,accepted,1.501,9.057,
27,accepted,1.499,11.557,
29,accepted,1.499,12.056,
4,accepted,1.001,12.559,
28,accepted,0.501,12.058,
21,accepted,1.553,13.557,
15,accepted,0.000,11.557,
16,accepted,0.000,9.002,
23,accepted,0.000,10.559,
17,accepted,0.000,8.039,
22,accepted,0.501,10.592,
5,accepted,0.000,11.095,
31,accepted,0.000,13.595,
24,accepted,0.499,9.076,
26,accepted,1.001,14.596,
7,accepted,1.053,15.596,
10,accepted,0.000,11.539,
18,accepted,0.000,10.575,
20,accepted,0.000,10.575,
14,accepted,0.000,10.541,
6,accepted,0.499,12.545,
8,accepted,0.000,10.541,
11,accepted,0.000,12.545,
9,accepted,0.501,12.539,
1,accepted,0.000,14.544,
0,accepted,0.000,14.544,
13,accepted,0.000,10.540,
27,accepted,0.501,8.039,
12,accepted,0.999,13.039,
25,accepted,0.501,10.540,
2,accepted,0.000,15.543,
19,accepted,0.501,13.539,
3,accepted,0.000,15.543,
30,accepted,0.000,9.538,
15,accepted,0.000,7.039,
4,accepted,0.000,8.037,
28,accepted,0.504,8.537,
29,accepted,0.000,10.038,
21,accepted,0.503,10.039,
22,accepted,0.000,9.504,
17,accepted,0.000,10.538,
31,accepted,0.000,9.500,
24,accepted,0.000,10.000,
16,accepted,0.500,11.537,
5,accepted,0.000,10.500,
14,accepted,0.000,8.998,
6,accepted,0.500,9.498,
20,accepted,0.500,10.001,
8,accepted,0.000,9.498,
7,accepted,0.000,11.000,
26,accepted,0.500,11.000,
18,accepted,0.000,10.502,
23,accepted,0.500,14.037,
10,accepted,0.500,11.501,
9,accepted,0.499,9.000,
1,accepted,1.499,9.000,
11,accepted,0.000,10.998,
0,accepted,1.000,10.499,
3,accepted,0.500,9.500,
19,accepted,0.500,11.999,
2,accepted,1.000,11.999,
13,accepted,1.499,12.999,
25,accepted,0.499,12.499,
12,accepted,1.499,13.000,
30,accepted,0.500,12.500,
15,accepted,0.000,12.000,
27,accepted,2.000,13.000,
6,accepted,0.499,7.501,
17,accepted,0.499,10.501,
21,accepted,0.000,11.999,
4,accepted,0.000,14.999,
31,accepted,0.499,10.999,
29,accepted,0.500,14.000,
28,accepted,0.500,14.000,
24,accepted,0.500,10.499,
22,accepted,0.000,12.000,
8,accepted,0.000,10.001,
16,accepted,0.000,11.001,
14,accepted,0.000,12.500,
5,accepted,0.000,13.000,
18,accepted,0.000,11.999,
20,accepted,0.000,12.500,
26,accepted,0.502,12.500,
0,accepted,0.499,9.501,
9,accepted,1.001,12.002,
2,accepted,0.000,9.501,
3,accepted,0.499,12.000,
23,accepted,1.502,13.500,
13,accepted,0.500,12.001,
1,accepted,1.000,16.000,
19,accepted,1.000,12.001,
12,accepted,0.000,12.000,
31,accepted,0.000,9.001,
11,accepted,0.500,16.501,
25,accepted,0.000,12.501,
29,accepted,0.502,9.001,
15,accepted,0.000,12.000,
21,accepted,0.499,9.001,
27,accepted,0.501,12.000,
17,accepted,0.500,9.499,
30,accepted,0.000,12.000,
7,accepted,1.502,18.501,
10,accepted,1.001,17.001,
6,accepted,0.000,11.001,
14,accepted,0.499,7.501,
4,accepted,0.500,10.502,
28,accepted,0.500,11.003,
24,accepted,0.000,11.003,
8,accepted,0.000,10.499,
5,accepted,0.000,8.500,
16,accepted,0.000,10.499,
22,accepted,0.501,11.000,
18,accepted,0.501,9.501,
26,accepted,0.000,9.501,
20,accepted,0.500,9.501,
9,accepted,1.000,10.499,
3,accepted,0.500,9.503,
23,accepted,0.000,9.503,
13,accepted,0.000,7.003,
0,accepted,1.500,12.500,
2,accepted,0.000,11.001,
1,accepted,0.498,8.501,
19,accepted,0.000,10.500,
12,accepted,0.000,10.000,
10,accepted,0.000,10.499,
25,accepted,0.500,11.499,
29,accepted,0.000,11.499,
27,accepted,0.500,11.499,
21,accepted,0.000,12.999,
24,accepted,0.500,12.499,
11,accepted,0.000,15.001,
6,accepted,1.000,14.501,
17,accepted,0.000,15.001,
30,accepted,1.000,15.936,
26,accepted,0.499,11.936,
4,accepted,0.502,14.435,
8,accepted,1.501,13.436,
7,accepted,1.000,15.999,
9,accepted,1.000,11.000,
23,accepted,0.000,10.497,
18,accepted,1.499,13.000,
5,accepted,1.001,14.500,
20,accepted,1.001,13.000,
22,accepted,0.497,14.500,
16,accepted,0.999,14.999,
28,accepted,1.501,15.497,
31,accepted,1.000,17.499,
14,accepted,0.000,15.998,
15,accepted,1.000,17.499,
13,accepted,0.000,11.999,
0,accepted,0.500,12.000,
12,accepted,0.501,9.000,
1,accepted,0.000,10.999,
3,accepted,0.000,12.497,
2,accepted,0.500,10.999,
19,accepted,0.500,10.002,
27,accepted,0.000,10.001,
10,accepted,0.000,10.501,
21,accepted,0.000,9.501,
25,accepted,0.000,11.500,
29,accepted,0.500,12.501,
24,accepted,0.499,9.999,
4,accepted,1.000,9.064,
23,accepted,0.000,8.000,
26,accepted,1.000,10.066,
13,accepted,0.000,7.501,
30,accepted,1.001,11.063,
5,accepted,0.000,9.999,
11,accepted,1.000,11.998,
9,accepted,0.499,11.500,
12,accepted,0.498,9.500,
6,accepted,1.501,13.499,
0,accepted,0.501,17.006,
8,accepted,0.501,20.070,
15,accepted,0.498,18.506,
20,accepted,0.000,19.006,
3,accepted,0.000,17.006,
14,accepted,0.498,18.506,
17,accepted,1.502,21.502,
31,accepted,0.501,19.004,
2,accepted,0.000,17.503,
19,accepted,1.000,16.502,
27,accepted,0.000,15.003,
16,accepted,0.000,19.505,
1,accepted,0.000,18.004,
28,accepted,0.000,19.505,
22,accepted,0.498,20.004,
7,accepted,0.000,20.504,
10,accepted,0.000,15.504,
18,accepted,0.000,20.505,
25,accepted,0.000,15.004,
21,accepted,0.000,16.003,
29,accepted,0.497,15.003,
24,accepted,0.000,15.003,
23,accepted,0.500,16.003,
13,accepted,1.000,15.000,
4,accepted,0.500,17.503,
26,accepted,1.000,16.501,
30,accepted,0.000,17.003,
5,accepted,0.499,17.503,
17,accepted,0.000,8.999,
11,accepted,1.499,18.503,
8,accepted,0.500,11.497,
0,accepted,0.500,11.497,
20,accepted,0.502,11.999,
22,accepted,1.000,11.001,
14,accepted,0.502,11.999,
15,accepted,0.500,11.999,
23,accepted,0.000,8.002,
6,accepted,0.500,20.505,
9,accepted,0.998,20.505,
2,accepted,0.500,12.502,
1,accepted,0.000,12.002,
16,accepted,1.500,12.002,
27,accepted,1.000,12.502,
19,accepted,0.500,12.502,
31,accepted,0.498,13.000,
18,accepted,0.500,11.999,
12,accepted,1.000,21.503,
13,accepted,0.000,9.000,
28,accepted,1.000,13.499,
7,accepted,1.500,14.000,
3,accepted,0.000,14.998,
25,accepted,1.000,13.000,
24,accepted,0.000,11.500,
10,accepted,0.500,14.000,
29,accepted,0.500,12.501,
21,accepted,0.500,13.000,
30,accepted,0.000,9.501,
26,accepted,0.501,11.000,
5,accepted,0.502,9.000,
4,accepted,0.501,11.000,
11,accepted,1.000,10.001,
17,accepted,1.000,10.001,
8,accepted,0.498,8.500,
15,accepted,0.500,8.998,
14,accepted,0.500,8.998,
20,accepted,0.501,9.497,
27,accepted,0.000,9.498,
22,accepted,0.000,11.498,
12,accepted,0.000,9.500,
31,accepted,0.000,10.500,
3,accepted,0.499,10.000,
23,accepted,0.000,12.498,
2,accepted,0.000,12.498,
16,accepted,0.500,12.498,
7,accepted,0.000,10.500,
13,accepted,0.000,11.500,
6,accepted,0.000,12.498,
24,accepted,0.499,10.500,
18,accepted,0.501,12.000,
9,accepted,0.000,12.498,
1,accepted,0.500,12.998,
19,accepted,0.000,12.998,
21,accepted,0.000,11.500,
0,accepted,0.000,17.000,
30,accepted,0.502,11.000,
5,accepted,0.000,11.000,
26,accepted,0.000,11.500,
29,accepted,0.500,13.999,
28,accepted,0.000,15.000,
25,accepted,0.000,14.499,
17,accepted,0.000,10.500,
10,accepted,0.000,15.000,
11,accepted,0.000,10.999,
4,accepted,0.000,13.000,
27,accepted,0.000,9.999,
20,accepted,0.000,11.000,
15,accepted,0.500,11.499,
8,accepted,0.499,13.000,
3,accepted,0.502,7.999,
2,accepted,0.000,8.501,
22,accepted,0.499,10.501,
7,accepted,0.500,8.501,
14,accepted,0.502,13.500,
18,accepted,0.501,9.500,
6,accepted,0.500,10.000,
23,accepted,0.000,10.000,
13,accepted,0.501,10.501,
12,accepted,0.501,12.501,
21,accepted,0.500,10.500,
16,accepted,0.000,12.000,
31,accepted,0.000,13.500,
0,accepted,1.000,9.000,
24,accepted,0.499,12.000,
17,accepted,0.000,7.499,
19,accepted,0.000,12.500,
30,accepted,0.500,10.500,
29,accepted,0.500,9.500,
11,accepted,0.500,8.501,
9,accepted,1.000,14.501,
4,accepted,0.500,9.501,
28,accepted,1.002,10.501,
1,accepted,1.000,15.500,
25,accepted,0.000,12.001,
26,accepted,1.000,12.501,
15,accepted,0.000,9.501,
20,accepted,0.000,9.501,
14,accepted,0.000,7.501,
8,accepted,0.000,9.001,
27,accepted,0.501,10.000,
3,accepted,0.000,10.000,
22,accepted,0.500,9.499,
10,accepted,0.501,13.500,
5,accepted,1.000,15.001,
2,accepted,0.500,10.999,
18,accepted,0.000,10.500,
7,accepted,0.498,11.499,
12,accepted,0.000,10.499,
23,accepted,0.500,11.501,
16,accepted,0.000,10.001,
13,accepted,0.000,12.498,
0,accepted,1.000,10.999,
6,accepted,0.500,13.500,
21,accepted,0.000,11.500,
31,accepted,1.000,13.566,
1,accepted,0.000,9.566,
19,accepted,1.000,12.566,
9,accepted,0.500,11.066,
29,accepted,1.000,14.077,
30,accepted,1.000,14.077,
28,accepted,0.500,13.076,
11,accepted,0.999,14.077,
24,accepted,1.000,16.254,
17,accepted,1.000,16.254,
4,accepted,0.500,13.753,
3,accepted,0.498,10.254,
10,accepted,0.000,10.758,
15,accepted,0.000,12.258,
25,accepted,0.501,12.758,
27,accepted,0.501,11.758,
2,accepted,0.501,9.258,
26,accepted,0.500,13.758,
5,accepted,0.000,11.758,
22,accepted,0.000,11.758,
12,accepted,0.500,8.759,
14,accepted,0.000,13.258,
13,accepted,0.566,6.759,
20,accepted,0.000,13.258,
8,accepted,0.500,13.258,
23,accepted,0.000,8.257,
7,accepted,0.000,10.758,
18,accepted,0.000,11.258,
0,accepted,0.000,9.759,
16,accepted,0.566,11.257,
19,accepted,1.184,8.732,
21,accepted,0.677,11.302,
6,accepted,1.184,11.802,
1,accepted,0.000,9.736,
31,accepted,0.677,9.736,
9,accepted,0.000,10.736,
25,accepted,0.500,7.544,
11,accepted,0.500,9.226,
30,accepted,0.500,9.226,
28,accepted,0.000,9.725,
29,accepted,0.000,10.725,
12,accepted,0.500,9.044,
5,accepted,0.500,9.543,
23,accepted,0.504,9.543,
18,accepted,0.000,8.543,
8,accepted,0.540,10.043,
27,accepted,0.500,11.043,
4,accepted,0.500,11.547,
15,accepted,0.000,11.544,
10,accepted,0.000,11.544,
17,accepted,0.000,12.048,
26,accepted,0.000,10.544,
24,accepted,0.501,12.549,
2,accepted,0.500,12.045,
0,accepted,0.000,8.045,
7,accepted,0.504,10.544,
20,accepted,0.000,12.044,
13,accepted,0.500,12.044,
3,accepted,0.500,14.547,
22,accepted,0.500,13.043,
21,accepted,0.500,7.999,
16,accepted,0.500,9.543,
14,accepted,0.540,13.543,
6,accepted,0.000,9.499,
19,accepted,0.000,10.503,
25,accepted,0.000,8.999,
1,accepted,0.000,10.501,
29,accepted,0.000,9.001,
31,accepted,0.000,12.000,
9,accepted,0.000,11.500,
5,accepted,0.000,8.501,
11,accepted,0.000,10.999,
27,accepted,0.000,9.500,
18,accepted,0.000,9.500,
12,accepted,0.500,11.001,
30,accepted,0.501,13.001,
24,accepted,0.000,9.999,
17,accepted,0.000,10.500,
28,accepted,0.000,13.500,
10,accepted,0.501,11.500,
8,accepted,0.501,12.501,
15,accepted,0.000,12.000,
13,accepted,0.000,11.000,
2,accepted,0.000,12.500,
4,accepted,0.000,13.502,
26,accepted,0.499,13.500,
23,accepted,0.000,14.501,
3,accepted,0.000,11.500,
22,accepted,0.500,11.500,
0,accepted,0.000,13.498,
7,accepted,0.500,12.999,
6,accepted,1.500,10.001,
14,accepted,1.500,12.001,
31,accepted,0.499,8.501,
1,accepted,0.500,10.499,
20,accepted,0.000,14.499,
21,accepted,0.000,13.500,
16,accepted,1.500,13.500,
19,accepted,0.502,11.500,
9,accepted,0.000,9.002,
29,accepted,0.000,9.502,
11,accepted,0.500,10.000,
25,accepted,0.500,12.501,
17,accepted,0.499,7.500,
5,accepted,0.000,10.500,
24,accepted,0.998,8.000,
27,accepted,0.000,9.501,
18,accepted,0.000,9.501,
28,accepted,0.000,9.499,
30,accepted,0.499,10.498,
10,accepted,0.000,9.000,
12,accepted,0.499,10.999,
15,accepted,0.000,8.500,
13,accepted,1.000,10.000,
8,accepted,0.501,10.499,
3,accepted,0.998,9.501,
26,accepted,0.998,10.000,
6,accepted,0.500,10.134,
22,accepted,0.500,10.635,
11,accepted,0.499,7.637,
0,accepted,0.500,11.138,
23,accepted,0.500,11.637,
14,accepted,0.500,10.137,
21,accepted,0.000,9.138,
4,accepted,1.000,12.136,
16,accepted,0.499,9.638,
31,accepted,0.000,10.136,
7,accepted,0.000,11.638,
19,accepted,0.000,9.638,
20,accepted,0.000,10.139,
1,accepted,0.501,10.139,
2,accepted,0.498,13.636,
5,accepted,0.498,8.637,
9,accepted,0.499,10.136,
29,accepted,0.000,10.136,
25,accepted,0.499,9.638,
24,accepted,0.500,9.138,
17,accepted,0.500,10.138,
30,accepted,0.500,8.638,
18,accepted,0.000,11.138,
27,accepted,0.000,11.638,
12,accepted,0.000,9.638,
28,accepted,0.000,10.138,
15,accepted,0.000,9.638,
13,accepted,0.000,8.138,
10,accepted,0.501,10.137,
8,accepted,0.000,9.638,
3,accepted,0.499,9.137,
26,accepted,0.500,10.137,
6,accepted,0.500,9.505,
14,accepted,0.499,10.500,
22,accepted,0.500,11.004,
11,accepted,0.500,11.500,
23,accepted,0.499,11.500,
0,accepted,1.000,12.000,
16,accepted,0.000,11.500,
25,accepted,0.000,9.999,
4,accepted,1.000,12.000,
31,accepted,0.000,11.500,
2,accepted,0.500,10.500,
21,accepted,0.499,12.000,
5,accepted,0.000,11.000,
17,accepted,0.000,9.500,
19,accepted,0.000,12.000,
9,accepted,0.000,11.000,
18,accepted,0.499,8.000,
7,accepted,0.500,12.000,
29,accepted,0.000,11.501,
1,accepted,0.501,11.999,
24,accepted,0.000,12.500,
20,accepted,0.500,13.998,
15,accepted,0.500,12.000,
30,accepted,0.499,13.500,
28,accepted,0.000,12.000,
26,accepted,0.000,9.500,
6,accepted,0.000,8.999,
12,accepted,0.500,13.501,
10,accepted,0.000,13.001,
13,accepted,0.000,13.001,
27,accepted,1.000,13.501,
8,accepted,0.000,11.501,
3,accepted,0.501,11.501,
0,accepted,0.000,8.502,
14,accepted,0.498,10.002,
22,accepted,0.000,10.002,
19,accepted,0.000,8.500,
11,accepted,0.000,10.500,
29,accepted,0.500,9.999,
17,accepted,0.500,10.499,
7,accepted,0.000,11.500,
18,accepted,0.000,11.500,
1,accepted,0.500,11.500,
25,accepted,0.500,12.501,
23,accepted,0.500,13.500,
9,accepted,0.500,12.500,
21,accepted,0.000,13.001,
4,accepted,0.000,13.001,
16,accepted,0.500,13.001,
24,accepted,0.000,10.000,
30,accepted,0.502,8.000,
15,accepted,0.499,9.000,
20,accepted,0.500,11.000,
28,accepted,0.000,9.499,
31,accepted,0.500,14.500,
2,accepted,0.500,14.500,
26,accepted,0.500,8.499,
5,accepted,0.000,13.999,
8,accepted,1.000,9.499,
10,accepted,0.501,9.999,
6,accepted,1.501,10.500,
0,accepted,0.000,7.998,
12,accepted,0.501,9.999,
13,accepted,0.501,9.999,
27,accepted,0.000,9.999,
19,accepted,0.000,8.001,
14,accepted,0.000,8.499,
3,accepted,0.000,11.499,
22,accepted,0.000,9.998,
11,accepted,0.500,9.500,
29,accepted,0.500,9.501,
1,accepted,0.500,8.000,
17,accepted,0.499,9.501,
23,accepted,0.000,7.500,
7,accepted,0.501,9.441,
25,accepted,0.500,8.940,
4,accepted,0.499,9.447,
16,accepted,0.501,9.447,
2,accepted,0.000,8.449,
21,accepted,0.499,10.947,
31,accepted,0.000,9.448,
28,accepted,2.001,11.948,
15,accepted,1.000,12.448,
30,accepted,0.000,13.447,
26,accepted,0.501,11.948,
5,accepted,1.501,12.449,
20,accepted,2.001,12.948,
9,accepted,0.000,13.948,
24,accepted,0.499,13.948,
18,accepted,0.499,14.948,
19,accepted,0.500,10.947,
8,accepted,1.000,11.947,
14,accepted,0.000,11.448,
6,accepted,1.000,11.949,
27,accepted,0.940,13.947,
10,accepted,0.500,13.947,
29,accepted,0.000,10.447,
3,accepted,0.500,12.448,
22,accepted,0.500,12.448,
12,accepted,0.940,14.447,
13,accepted,1.006,14.948,
7,accepted,0.500,10.007,
0,accepted,1.000,14.948,
2,accepted,0.000,8.499,
4,accepted,0.000,9.500,
1,accepted,0.000,11.447,
23,accepted,0.500,11.447,
11,accepted,0.500,12.447,
16,accepted,0.500,10.000,
25,accepted,0.500,11.007,
17,accepted,0.000,12.448,
31,accepted,0.500,9.001,
30,accepted,1.498,9.001,
19,accepted,1.000,7.500,
28,accepted,1.000,9.001,
21,accepted,0.500,11.501,
18,accepted,1.498,8.999,
9,accepted,0.500,9.500,
20,accepted,0.500,9.500,
6,accepted,0.000,8.998,
5,accepted,1.000,10.999,
15,accepted,1.000,11.500,
24,accepted,0.000,10.999,
14,accepted,0.000,9.498,
26,accepted,1.000,11.500,
8,accepted,0.500,10.501,
27,accepted,0.500,8.500,
13,accepted,0.505,8.001,
10,accepted,0.500,9.500,
4,accepted,0.505,8.000,
0,accepted,0.505,9.500,
22,accepted,0.501,10.000,
31,accepted,0.000,10.000,
1,accepted,0.000,11.001,
3,accepted,0.501,12.001,
29,accepted,0.000,12.001,
7,accepted,0.000,11.501,
28,accepted,0.000,7.999,
11,accepted,0.499,11.999,
17,accepted,0.000,11.499,
25,accepted,0.000,12.000,
12,accepted,0.994,13.500,
16,accepted,0.000,12.000,
2,accepted,0.499,13.000,
9,accepted,1.000,8.500,
6,accepted,0.500,7.500,
18,accepted,0.501,9.001,
19,accepted,0.000,9.500,
21,accepted,0.000,11.000,
23,accepted,0.495,14.501,
30,accepted,0.000,11.000,
26,accepted,0.501,9.000,
24,accepted,0.500,9.502,
8,accepted,0.501,9.000,
20,accepted,0.000,11.501,
14,accepted,0.000,10.002,
15,accepted,0.000,10.002,
5,accepted,0.500,10.002,
13,accepted,0.000,10.500,
27,accepted,0.501,11.501,
4,accepted,0.000,11.000,
22,accepted,0.501,10.500,
0,accepted,0.000,11.001,
2,accepted,0.000,8.000,
29,accepted,0.000,9.999,
25,accepted,0.000,8.500,
10,accepted,0.000,13.000,
11,accepted,0.000,9.001,
1,accepted,0.000,9.999,
3,accepted,0.000,9.999,
31,accepted,0.000,10.499,
6,accepted,0.499,8.998,
28,accepted,0.499,10.499,
7,accepted,0.499,11.498,
16,accepted,0.500,9.999,
12,accepted,0.000,11.499,
19,accepted,0.499,11.500,
17,accepted,0.500,12.000,
21,accepted,0.998,9.999,
18,accepted,0.499,12.001,
30,accepted,0.000,10.501,
14,accepted,0.499,9.498,
20,accepted,0.500,9.498,
15,accepted,0.000,9.498,
26,accepted,0.000,10.500,
9,accepted,0.000,12.500,
23,accepted,0.499,10.999,
8,accepted,0.501,10.498,
5,accepted,0.000,10.498,
13,accepted,0.000,8.999,
27,accepted,0.000,9.500,
24,accepted,0.500,12.498,
22,accepted,0.500,9.501,
0,accepted,0.500,9.500,
25,accepted,0.500,8.501,
4,accepted,0.000,11.000,
10,accepted,0.501,9.000,
2,accepted,0.501,10.001,
31,accepted,0.501,10.500,
1,accepted,0.500,11.501,
7,accepted,0.499,10.002,
28,accepted,0.000,10.502,
29,accepted,0.499,12.000,
3,accepted,0.499,12.000,
6,accepted,0.000,12.001,
17,accepted,1.500,9.499,
11,accepted,0.501,14.001,
19,accepted,1.000,10.500,
12,accepted,1.000,12.002,
30,accepted,0.000,11.000,
16,accepted,0.000,13.502,
14,accepted,0.500,10.501,
15,accepted,0.500,10.501,
21,accepted,0.500,11.501,
18,accepted,0.999,11.000,
20,accepted,0.500,10.501,
5,accepted,0.000,9.502,
26,accepted,0.000,11.000,
8,accepted,0.000,10.500,
23,accepted,0.500,11.000,
9,accepted,0.000,11.501,
13,accepted,0.000,10.999,
25,accepted,0.000,8.499,
0,accepted,0.000,8.999,
27,accepted,0.499,10.500,
22,accepted,0.000,9.500,
24,accepted,0.000,10.500,
2,accepted,0.500,8.499,
4,accepted,0.000,10.500,
7,accepted,0.499,7.999,
28,accepted,0.000,7.999,
10,accepted,0.000,10.500,
1,accepted,0.000,9.999,
31,accepted,0.000,10.500,
3,accepted,0.000,11.501,
29,accepted,0.000,12.000,
30,accepted,0.000,10.499,
19,accepted,0.999,11.499,
17,accepted,0.501,12.500,
20,accepted,0.000,11.638,
21,accepted,1.000,12.144,
22,accepted,0.000,9.645,
27,accepted,0.501,9.645,
0,accepted,0.000,9.645,
13,accepted,0.000,10.145,
24,accepted,0.500,9.645,
26,accepted,0.499,11.645,
7,accepted,0.000,7.645,
15,accepted,0.500,13.644,
25,accepted,0.500,11.645,
2,accepted,0.501,10.644,
9,accepted,0.499,12.644,
14,accepted,0.500,13.644,
16,accepted,0.500,13.644,
6,accepted,0.501,15.645,
4,accepted,0.000,9.145,
11,accepted,0.501,15.144,
5,accepted,0.000,14.144,
8,accepted,0.000,13.645,
12,accepted,0.000,14.144,
18,accepted,0.000,14.144,
23,accepted,0.499,13.645,
10,accepted,0.000,9.645,
1,accepted,0.499,7.645,
31,accepted,0.000,8.144,
28,accepted,0.000,10.144,
17,accepted,0.000,8.643,
30,accepted,0.000,9.644,
3,accepted,0.639,11.643,
29,accepted,0.000,11.144,
19,accepted,0.500,10.143,
26,accepted,0.500,8.498,
20,accepted,0.500,10.504,
13,accepted,0.500,9.999,
0,accepted,0.500,9.999,
22,accepted,0.000,9.999,
16,accepted,0.500,8.499,
6,accepted,0.500,8.499,
24,accepted,0.500,9.999,
27,accepted,0.500,9.999,
7,accepted,0.000,9.999,
11,accepted,0.501,8.499,
25,accepted,0.000,8.999,
21,accepted,0.500,10.998,
15,accepted,0.000,10.499,
31,accepted,0.499,9.499,
8,accepted,0.499,9.999,
2,accepted,0.499,10.499,
4,accepted,0.000,10.999,
14,accepted,0.499,10.999,
23,accepted,0.500,11.500,
10,accepted,0.999,11.500,
9,accepted,0.999,12.498,
18,accepted,0.999,12.499,
5,accepted,0.500,12.499,
1,accepted,0.499,12.499,
28,accepted,0.500,12.999,
12,accepted,0.500,13.499,
17,accepted,0.000,9.001,
0,accepted,0.000,7.500,
30,accepted,0.000,10.000,
3,accepted,0.500,10.500,
29,accepted,0.501,10.500,
19,accepted,0.501,11.001,
26,accepted,0.500,11.001,
7,accepted,0.500,13.001,
27,accepted,0.499,13.001,
23,accepted,0.500,10.483,
21,accepted,0.000,12.985,
24,accepted,0.499,14.487,
4,accepted,0.000,11.988,
25,accepted,0.500,13.987,
31,accepted,0.000,12.487,
8,accepted,0.000,12.992,
11,accepted,0.500,14.492,
22,accepted,0.499,14.992,
2,accepted,0.501,12.992,
13,accepted,0.000,14.992,
16,accepted,0.500,14.992,
20,accepted,0.500,14.992,
6,accepted,0.000,14.992,
5,accepted,0.500,10.493,
10,accepted,0.000,11.991,
14,accepted,0.000,12.992,
28,accepted,0.500,9.992,
15,accepted,0.000,13.492,
12,accepted,0.000,10.810,
9,accepted,0.000,12.311,
18,accepted,0.000,11.811,
17,accepted,2.000,10.310,
1,accepted,0.500,11.811,
19,accepted,0.000,7.491,
3,accepted,0.000,9.491,
29,accepted,0.500,9.491,
0,accepted,0.000,10.991,
30,accepted,0.000,10.992,
26,accepted,0.000,10.991,
7,accepted,0.000,8.545,
4,accepted,0.680,7.058,
21,accepted,0.000,8.061,
24,accepted,0.000,7.557,
27,accepted,0.000,9.044,
20,accepted,0.500,8.553,
14,accepted,1.001,9.053,
8,accepted,0.500,10.055,
23,accepted,0.500,11.561,
5,accepted,0.500,11.053,
11,accepted,0.000,11.553,
12,accepted,0.999,11.117,
22,accepted,2.000,12.435,
28,accepted,0.500,11.936,
3,accepted,0.500,9.437,
13,accepted,0.500,12.435,
31,accepted,0.500,12.940,
10,accepted,1.500,12.553,
17,accepted,0.999,11.735,
29,accepted,0.000,10.054,
16,accepted,2.000,13.053,
15,accepted,0.999,12.553,
0,accepted,0.000,11.054,
25,accepted,2.000,15.558,
30,accepted,0.000,11.054,
1,accepted,0.550,13.735,
27,accepted,0.500,8.000,
19,accepted,0.000,13.554,
2,accepted,2.000,15.552,
9,accepted,0.999,14.234,
18,accepted,0.999,14.234,
26,accepted,0.502,10.555,
4,accepted,0.000,9.500,
24,accepted,0.000,9.001,
7,accepted,0.000,10.500,
6,accepted,1.500,17.053,
21,accepted,0.000,10.501,
14,accepted,0.000,8.001,
20,accepted,0.000,9.000,
11,accepted,1.001,7.002,
8,accepted,0.000,8.999,
28,accepted,0.500,7.117,
3,accepted,0.500,7.617,
5,accepted,0.999,10.000,
22,accepted,0.000,9.618,
23,accepted,2.000,12.000,
13,accepted,0.000,10.117,
12,accepted,0.500,10.117,
17,accepted,0.501,9.500,
15,accepted,0.500,12.002,
25,accepted,0.500,10.002,
27,accepted,0.000,10.500,
10,accepted,0.000,12.500,
18,accepted,0.000,10.000,
1,accepted,0.000,10.500,
30,accepted,0.501,10.500,
0,accepted,0.000,11.000,
16,accepted,0.501,13.001,
4,accepted,0.000,11.999,
29,accepted,0.000,15.000,
31,accepted,0.000,16.120,
6,accepted,0.501,11.999,
19,accepted,0.501,13.500,
9,accepted,0.499,13.500,
2,accepted,0.499,13.500,
3,accepted,0.000,10.501,
11,accepted,0.499,11.998,
26,accepted,0.501,14.999,
21,accepted,0.499,13.499,
8,accepted,0.000,12.999,
24,accepted,0.499,15.999,
14,accepted,0.000,15.000,
7,accepted,0.499,16.000,
28,accepted,0.500,14.000,
22,accepted,0.502,11.500,
23,accepted,0.000,11.000,
20,accepted,0.000,16.000,
10,accepted,0.499,8.502,
27,accepted,0.000,9.501,
0,accepted,0.500,9.501,
1,accepted,0.000,9.501,
18,accepted,0.000,9.501,
17,accepted,0.499,12.501,
30,accepted,0.497,10.000,
13,accepted,0.501,13.000,
25,accepted,0.000,10.499,
5,accepted,0.500,15.361,
19,accepted,0.000,7.362,
16,accepted,0.000,10.361,
12,accepted,0.500,13.861,
6,accepted,0.000,7.867,
4,accepted,0.000,8.866,
31,accepted,0.000,8.364,
15,accepted,0.000,12.364,
29,accepted,0.500,9.865,
9,accepted,0.000,8.865,
11,accepted,0.000,7.865,
21,accepted,0.500,8.365,
2,accepted,1.000,10.866,
3,accepted,0.000,9.865,
24,accepted,0.999,8.867,
22,accepted,0.000,7.866,
8,accepted,0.999,9.366,
26,accepted,1.002,10.865,
14,accepted,0.000,9.365,
28,accepted,0.000,8.365,
23,accepted,0.505,8.866,
7,accepted,0.505,9.366,
17,accepted,0.000,8.366,
19,accepted,0.000,8.003,
27,accepted,0.500,9.364,
20,accepted,0.000,10.865,
25,accepted,0.999,8.864,
10,accepted,0.500,10.363,
30,accepted,0.000,8.864,
1,accepted,0.497,10.364,
18,accepted,0.000,10.364,
0,accepted,0.501,10.939,
29,accepted,0.500,8.580,
16,accepted,0.497,10.084,
13,accepted,0.497,10.945,
12,accepted,0.497,10.084,
9,accepted,0.499,10.579,
4,accepted,0.000,12.077,
15,accepted,0.501,12.079,
21,accepted,0.501,10.079,
2,accepted,0.000,9.579,
24,accepted,0.000,8.578,
11,accepted,0.499,11.578,
31,accepted,0.000,13.078,
5,accepted,0.497,13.582,
6,accepted,0.000,13.078,
3,accepted,0.000,10.579,
10,accepted,0.000,8.080,
14,accepted,0.501,10.580,
8,accepted,0.500,12.078,
22,accepted,1.001,12.078,
28,accepted,0.505,12.578,
19,accepted,0.500,10.079,
29,accepted,0.000,9.498,
27,accepted,0.000,12.080,
18,accepted,0.500,11.079,
9,accepted,0.000,8.001,
4,accepted,0.500,8.001,
20,accepted,0.498,13.079,
1,accepted,0.500,12.079,
26,accepted,0.505,15.579,
25,accepted,0.499,13.579,
23,accepted,0.000,15.577,
16,accepted,0.000,11.498,
0,accepted,0.499,12.004,
7,accepted,0.505,15.577,
15,accepted,0.500,9.001,
24,accepted,0.500,9.499,
5,accepted,0.000,9.500,
12,accepted,0.000,12.999,
17,accepted,0.000,16.077,
30,accepted,0.499,15.079,
13,accepted,0.500,12.999,
21,accepted,0.000,10.000,
2,accepted,0.000,11.000,
3,accepted,0.501,9.999,
11,accepted,0.999,11.501,
10,accepted,0.000,9.000,
31,accepted,0.500,12.000,
6,accepted,0.500,12.000,
22,accepted,0.000,8.500,
8,accepted,0.000,10.001,
29,accepted,0.502,7.501,
28,accepted,0.500,9.502,
14,accepted,0.501,11.500,
26,accepted,0.000,7.001,
19,accepted,0.000,10.500,
7,accepted,0.501,8.003,
1,accepted,0.499,8.502,
18,accepted,0.000,10.500,
27,accepted,0.000,10.999,
20,accepted,0.000,10.500,
9,accepted,0.500,11.499,
25,accepted,0.499,11.001,
16,accepted,0.000,11.001,
4,accepted,0.000,12.000,
15,accepted,0.499,11.499,
0,accepted,0.000,12.001,
30,accepted,0.501,10.500,
23,accepted,0.500,12.501,
12,accepted,0.500,11.500,
2,accepted,0.500,11.000,
24,accepted,0.000,12.501,
5,accepted,0.000,12.000,
13,accepted,1.499,12.000,
22,accepted,0.000,9.999,
10,accepted,0.500,11.499,
6,accepted,0.502,11.000,
14,accepted,0.000,9.999,
8,accepted,0.499,10.999,
3,accepted,1.999,13.500,
21,accepted,1.999,15.000,
29,accepted,0.502,10.999,
11,accepted,0.500,12.999,
26,accepted,0.000,9.998,
31,accepted,0.502,13.001,
17,accepted,1.999,15.501,
28,accepted,0.500,11.999,
19,accepted,0.000,11.501,
7,accepted,0.000,11.498,
1,accepted,0.000,12.670,
18,accepted,0.000,12.671,
16,accepted,0.000,12.278,
9,accepted,0.000,13.782,
4,accepted,0.500,13.283,
2,accepted,0.499,10.783,
0,accepted,1.501,12.283,
15,accepted,1.501,12.283,
27,accepted,0.000,14.784,
10,accepted,0.000,10.283,
6,accepted,1.000,10.283,
14,accepted,0.501,9.283,
30,accepted,0.501,13.283,
20,accepted,0.000,15.282,
22,accepted,0.000,11.283,
25,accepted,0.000,15.282,
13,accepted,0.000,12.782,
5,accepted,0.000,12.782,
11,accepted,0.499,9.783,
29,accepted,0.607,9.783,
24,accepted,0.000,13.282,
7,accepted,0.000,8.283,
8,accepted,0.500,11.283,
23,accepted,1.000,15.282,
3,accepted,0.000,11.785,
26,accepted,0.499,11.785,
12,accepted,1.001,15.784,
31,accepted,0.000,12.282,
17,accepted,0.000,12.783,
16,accepted,0.500,6.505,
1,accepted,0.000,10.611,
28,accepted,0.000,13.283,
18,accepted,0.000,10.111,
19,accepted,0.000,13.782,
0,accepted,0.000,9.000,
14,accepted,0.000,8.000,
10,accepted,0.502,8.000,
21,accepted,0.000,17.283,
4,accepted,0.000,10.500,
6,accepted,0.000,10.000,
30,accepted,0.499,10.000,
2,accepted,0.502,12.000,
27,accepted,0.000,12.000,
15,accepted,0.499,12.000,
9,accepted,0.502,12.501,
22,accepted,0.498,11.500,
20,accepted,0.499,11.500,
24,accepted,0.000,11.500,
11,accepted,0.000,12.000,
26,accepted,0.499,9.998,
7,accepted,0.000,10.500,
1,accepted,0.501,7.000,
13,accepted,0.500,12.000,
29,accepted,0.500,12.000,
25,accepted,0.000,12.000,
5,accepted,0.000,12.000,
3,accepted,0.500,10.498,
17,accepted,0.000,9.501,
8,accepted,0.499,11.501,
31,accepted,0.000,10.001,
12,accepted,0.000,10.998,
23,accepted,0.000,12.000,
16,accepted,0.500,9.999,
18,accepted,0.000,10.001,
28,accepted,0.000,10.999,
0,accepted,0.500,9.502,
19,accepted,1.498,10.502,
14,accepted,0.000,10.501,
15,accepted,0.500,7.999,
30,accepted,0.000,10.000,
21,accepted,0.000,13.000,
10,accepted,0.500,14.000,
20,accepted,0.500,11.001,
27,accepted,0.000,11.500,
17,accepted,0.502,8.999,
11,accepted,0.500,10.001,
7,accepted,0.500,10.500,
1,accepted,0.502,11.001,
2,accepted,0.000,13.000,
29,accepted,0.000,11.001,
4,accepted,0.000,14.999,
6,accepted,0.000,14.500,
26,accepted,0.500,11.500,
9,accepted,0.500,13.499,
8,accepted,0.501,11.499,
25,accepted,0.000,12.501,
19,accepted,1.002,7.998,
5,accepted,0.000,12.501,
24,accepted,0.999,12.501,
22,accepted,0.000,14.001,
18,accepted,0.502,10.500,
23,accepted,0.501,12.999,
12,accepted,0.000,12.999,
31,accepted,0.000,13.498,
3,accepted,0.000,13.999,
13,accepted,0.000,14.500,
16,accepted,0.000,12.999,
0,accepted,0.500,11.498,
14,accepted,0.000,10.999,
28,accepted,0.498,12.500,
10,accepted,0.500,8.000,
21,accepted,0.499,9.003,
15,accepted,0.000,13.001,
11,accepted,0.000,9.001,
30,accepted,0.500,12.501,
7,accepted,0.000,9.500,
20,accepted,0.500,10.499,
19,accepted,0.000,7.500,
25,accepted,0.000,7.500,
27,accepted,0.000,11.000,
9,accepted,0.500,9.001,
17,accepted,0.499,10.500,
4,accepted,0.000,9.001,
8,accepted,0.500,8.000,
29,accepted,0.000,10.000,
2,accepted,0.000,10.999,
6,accepted,0.500,10.500,
26,accepted,0.000,10.500,
1,accepted,0.000,10.999,
22,accepted,1.001,9.999,
24,accepted,0.000,9.999,
23,accepted,0.998,10.001,
5,accepted,0.000,12.000,
12,accepted,1.000,10.501,
10,accepted,0.500,8.500,
28,accepted,0.000,9.000,
31,accepted,1.500,12.006,
3,accepted,1.000,12.006,
21,accepted,0.000,9.996,
13,accepted,1.998,13.000,
11,accepted,0.000,9.000,
18,accepted,2.500,14.499,
15,accepted,0.000,9.500,
7,accepted,0.500,8.501,
4,accepted,0.999,8.000,
16,accepted,0.499,14.502,
0,accepted,0.499,13.000,
14,accepted,0.499,12.501,
30,accepted,0.000,10.000,
20,accepted,0.000,9.501,
2,accepted,0.500,7.501,
19,accepted,0.000,10.000,
17,accepted,0.500,10.499,
27,accepted,0.500,10.499,
26,accepted,0.500,9.500,
8,accepted,0.501,11.000,
9,accepted,0.500,11.500,
6,accepted,0.500,12.000,
25,accepted,0.000,14.000,
5,accepted,0.501,10.500,
1,accepted,0.500,13.500,
24,accepted,0.000,13.001,
12,accepted,1.001,10.500,
28,accepted,1.000,10.000,
23,accepted,0.000,10.999,
29,accepted,0.500,15.000,
22,accepted,0.500,13.501,
10,accepted,1.000,11.500,
11,accepted,0.000,8.999,
13,accepted,0.500,10.502,
31,accepted,0.000,11.497,
3,accepted,0.000,12.995,
4,accepted,0.500,11.000,
7,accepted,0.000,12.001,
30,accepted,0.000,11.001,
24,accepted,0.499,7.002,
16,accepted,0.000,13.999,
18,accepted,0.500,14.499,
0,accepted,0.000,13.999,
21,accepted,0.000,15.501,
19,accepted,0.000,13.502,
28,accepted,0.999,8.001,
25,accepted,1.501,9.502,
20,accepted,0.000,14.500,
8,accepted,0.000,12.500,
9,accepted,0.000,12.000,
26,accepted,0.500,12.500,
5,accepted,0.500,9.499,
23,accepted,0.999,8.999,
12,accepted,0.000,8.999,
27,accepted,0.501,13.499,
2,accepted,0.000,14.999,
17,accepted,0.501,13.499,
14,accepted,0.000,15.499,
15,accepted,0.500,15.999,
6,accepted,1.001,11.003,
22,accepted,0.999,9.003,
1,accepted,0.000,10.000,
13,accepted,0.000,7.499,
29,accepted,0.500,10.500,
31,accepted,0.499,8.499,
11,accepted,0.501,9.501,
10,accepted,0.499,9.501,
30,accepted,0.000,8.499,
3,accepted,0.498,9.999,
7,accepted,0.000,9.499,
4,accepted,0.000,11.000,
16,accepted,0.000,7.500,
18,accepted,0.000,7.500,
24,accepted,0.000,8.499,
19,accepted,0.499,8.998,
20,accepted,0.500,8.500,
28,accepted,1.000,8.998,
25,accepted,0.999,9.999,
26,accepted,1.000,9.500,
21,accepted,0.499,10.500,
0,accepted,1.000,11.002,
27,accepted,1.500,10.319,
10,accepted,0.501,9.499,
31,accepted,0.000,9.499,
9,accepted,1.499,12.000,
15,accepted,0.000,12.504,
17,accepted,0.999,12.504,
23,accepted,0.500,12.504,
11,accepted,0.499,11.000,
13,accepted,1.000,12.000,
1,accepted,0.500,12.499,
12,accepted,0.500,13.500,
30,accepted,0.000,8.999,
14,accepted,0.499,13.500,
2,accepted,0.500,13.500,
5,accepted,1.000,13.500,
6,accepted,0.499,12.996,
22,accepted,0.499,12.996,
29,accepted,1.000,12.000,
3,accepted,0.500,9.001,
16,accepted,0.000,8.000,
7,accepted,0.000,9.499,
4,accepted,0.501,9.500,
18,accepted,0.000,9.500,
8,accepted,1.000,16.500,
24,accepted,0.000,10.499,
25,accepted,0.000,8.500,
31,accepted,0.000,7.000,
0,accepted,0.996,9.999,
19,accepted,0.682,12.500,
20,accepted,0.000,12.500,
23,accepted,0.500,8.997,
11,accepted,0.000,8.999,
15,accepted,0.000,9.497,
21,accepted,0.000,13.000,
9,accepted,0.499,10.500,
18,accepted,0.000,6.500,
4,accepted,0.500,6.999,
17,accepted,0.499,9.996,
26,accepted,0.500,13.499,
27,accepted,0.000,13.182,
28,accepted,0.500,15.500,
13,accepted,0.000,10.499,
22,accepted,0.502,11.001,
1,accepted,0.000,11.001,
8,accepted,0.500,9.000,
10,accepted,0.500,13.500,
31,accepted,0.000,7.002,
14,accepted,0.500,12.501,
30,accepted,0.500,12.501,
29,accepted,0.499,12.000,
25,accepted,0.499,9.500,
12,accepted,0.000,13.501,
7,accepted,0.499,12.000,
16,accepted,0.499,13.000,
5,accepted,0.000,13.501,
2,accepted,0.500,13.501,
6,accepted,0.502,13.501,
24,accepted,0.000,10.501,
3,accepted,0.500,13.501,
0,accepted,0.000,8.001,
23,accepted,0.500,6.500,
21,accepted,0.000,8.000,
9,accepted,0.000,8.000,
20,accepted,0.501,9.999,
1,accepted,0.000,7.001,
19,accepted,1.001,11.002,
28,accepted,0.000,8.501,
11,accepted,0.500,10.000,
17,accepted,0.000,9.501,
13,accepted,0.501,9.501,
22,accepted,0.000,8.500,
15,accepted,0.501,11.001,
31,accepted,0.000,8.998,
18,accepted,0.000,12.500,
27,accepted,0.000,11.000,
26,accepted,0.000,13.001,
4,accepted,0.000,13.001,
8,accepted,0.501,10.500,
2,accepted,0.000,9.000,
3,accepted,0.000,8.499,
6,accepted,0.000,9.500,
12,accepted,0.500,9.500,
5,accepted,0.500,10.000,
21,accepted,0.000,7.001,
0,accepted,0.000,9.499,
24,accepted,0.000,9.999,
25,accepted,0.000,10.500,
29,accepted,0.000,11.500,
14,accepted,0.500,11.500,
10,accepted,0.000,12.500,
30,accepted,0.500,11.500,
16,accepted,0.000,10.500,
23,accepted,0.000,9.500,
7,accepted,0.000,11.000,
1,accepted,1.000,6.498,
9,accepted,1.500,9.502,
20,accepted,0.000,9.002,
19,accepted,0.501,9.997,
27,accepted,0.000,6.999,
11,accepted,0.000,12.501,
28,accepted,0.500,13.000,
17,accepted,0.501,13.000,
22,accepted,0.500,12.499,
1,accepted,0.000,8.000,
3,accepted,1.000,10.000,
15,accepted,0.501,12.999,
13,accepted,0.499,12.999,
18,accepted,0.500,12.000,
6,accepted,0.502,10.999,
7,accepted,0.000,9.499,
26,accepted,0.000,11.999,
31,accepted,0.000,12.999,
30,accepted,0.000,9.999,
16,accepted,0.000,9.999,
12,accepted,1.000,10.999,
8,accepted,1.000,13.500,
14,accepted,0.000,11.500,
29,accepted,0.500,11.500,
4,accepted,0.502,14.000,
21,accepted,0.502,12.499,
19,accepted,0.500,8.502,
23,accepted,1.501,13.001,
25,accepted,1.002,13.500,
24,accepted,0.000,13.500,
10,accepted,1.501,13.500,
0,accepted,0.000,15.500,
2,accepted,0.000,16.500,
5,accepted,0.498,16.000,
20,accepted,0.500,13.499,
27,accepted,0.500,12.002,
9,accepted,0.000,13.999,
11,accepted,0.499,9.000,
13,accepted,0.000,7.501,
15,accepted,0.000,9.000,
17,accepted,0.000,10.000,
22,accepted,0.000,11.501,
1,accepted,0.500,11.001,
3,accepted,0.000,11.001,
28,accepted,0.501,12.000,
16,accepted,0.500,9.502,
18,accepted,0.501,11.001,
31,accepted,0.000,10.501,
30,accepted,0.000,11.002,
26,accepted,0.499,11.002,
14,accepted,0.499,10.000,
8,accepted,0.000,10.000,
6,accepted,0.499,11.501,
12,accepted,0.501,12.501,
29,accepted,1.000,11.500,
23,accepted,1.000,9.999,
19,accepted,0.999,10.500,
4,accepted,1.500,11.001,
21,accepted,1.000,11.001,
20,accepted,0.000,7.500,
25,accepted,0.000,10.000,
7,accepted,1.500,14.500,
24,accepted,0.500,10.999,
10,accepted,0.000,10.999,
5,accepted,1.000,9.499,
0,accepted,0.000,10.000,
27,accepted,0.000,8.999,
9,accepted,0.000,9.499,
2,accepted,0.501,13.999,
11,accepted,0.499,13.499,
13,accepted,0.499,13.499,
30,accepted,0.499,9.002,
15,accepted,0.500,12.502,
3,accepted,0.000,11.499,
17,accepted,0.000,13.500,
22,accepted,0.500,11.499,
6,accepted,0.000,10.501,
18,accepted,0.000,12.000,
28,accepted,0.501,13.000,
31,accepted,0.000,12.500,
16,accepted,0.000,13.500,
29,accepted,0.499,10.000,
26,accepted,1.000,13.499,
12,accepted,0.499,12.499,
4,accepted,1.000,11.999,
7,accepted,0.000,10.500,
8,accepted,2.000,13.499,
23,accepted,1.001,11.999,
14,accepted,1.501,13.499,
0,accepted,0.502,10.929,
20,accepted,0.000,13.500,
1,accepted,0.501,17.500,
21,accepted,0.000,14.500,
2,accepted,0.000,8.501,
5,accepted,0.000,12.501,
25,accepted,0.000,14.000,
19,accepted,0.500,14.999,
24,accepted,0.000,13.501,
10,accepted,0.501,13.501,
9,accepted,0.000,13.000,
11,accepted,0.000,8.999,
27,accepted,0.000,13.500,
3,accepted,0.000,8.502,
17,accepted,0.000,9.000,
13,accepted,0.500,10.500,
28,accepted,0.000,7.999,
15,accepted,0.000,10.999,
30,accepted,0.000,10.999,
31,accepted,0.572,8.001,
6,accepted,0.500,10.000,
22,accepted,0.000,11.001,
18,accepted,0.000,10.000,
16,accepted,0.500,11.000,
8,accepted,0.572,9.001,
1,accepted,0.498,7.000,
4,accepted,0.000,10.001,
29,accepted,0.000,12.000,
12,accepted,0.000,10.001,
26,accepted,0.000,10.501,
25,accepted,0.000,8.001,
23,accepted,0.500,10.502,
14,accepted,0.000,11.002,
21,accepted,0.000,8.501,
20,accepted,0.000,10.000,
7,accepted,0.000,11.501,
0,accepted,0.000,11.071,
2,accepted,0.000,10.000,
24,accepted,0.999,9.500,
9,accepted,0.500,9.501,
10,accepted,0.000,11.001,
19,accepted,0.000,11.001,
5,accepted,0.499,11.500,
11,accepted,0.499,11.001,
3,accepted,0.500,10.000,
28,accepted,0.000,10.001,
16,accepted,0.000,6.501,
17,accepted,0.500,10.501,
27,accepted,0.000,13.001,
31,accepted,0.000,11.499,
30,accepted,0.000,11.499,
13,accepted,0.000,12.501,
6,accepted,1.000,12.156,
8,accepted,0.000,12.157,
15,accepted,0.500,15.156,
22,accepted,0.000,14.157,
29,accepted,0.501,11.656,
25,accepted,0.000,11.156,
12,accepted,0.000,12.156,
4,accepted,0.501,12.156,
1,accepted,0.501,14.156,
24,accepted,0.000,10.657,
26,accepted,0.501,13.156,
23,accepted,0.501,12.656,
7,accepted,0.000,12.156,
10,accepted,0.000,9.656,
20,accepted,0.501,12.156,
0,accepted,0.500,12.156,
14,accepted,0.000,14.156,
2,accepted,0.000,12.657,
18,accepted,2.000,18.156,
9,accepted,0.000,12.156,
21,accepted,0.499,14.156,
17,accepted,0.502,9.656,
5,accepted,0.000,11.156,
3,accepted,0.501,11.156,
11,accepted,0.503,11.156,
27,accepted,0.501,11.156,
13,accepted,0.998,10.156,
28,accepted,0.000,13.655,
31,accepted,0.998,12.157,
8,accepted,0.501,10.499,
6,accepted,0.000,12.500,
29,accepted,0.000,10.500,
25,accepted,0.000,11.280,
15,accepted,0.500,11.780,
30,accepted,0.499,15.437,
24,accepted,0.000,9.780,
22,accepted,0.000,11.780,
0,accepted,0.500,8.781,
23,accepted,0.000,10.285,
16,accepted,0.000,17.941,
19,accepted,0.998,19.441,
21,accepted,0.500,8.285,
1,accepted,0.498,10.285,
12,accepted,0.500,11.786,
4,accepted,0.000,11.786,
18,accepted,0.000,8.785,
5,accepted,0.000,10.784,
26,accepted,0.999,12.784,
17,accepted,0.000,10.784,
11,accepted,0.000,10.284,
10,accepted,0.000,12.284,
20,accepted,0.499,12.284,
2,accepted,0.000,10.784,
7,accepted,0.000,12.284,
14,accepted,0.500,11.285,
9,accepted,0.000,11.285,
13,accepted,0.501,8.785,
27,accepted,0.501,8.785,
3,accepted,0.500,10.785,
31,accepted,0.000,8.286,
28,accepted,0.000,8.787,
8,accepted,0.504,8.786,
22,accepted,0.497,7.505,
6,accepted,0.000,11.284,
29,accepted,0.497,11.284,
21,accepted,0.501,11.499,
19,accepted,0.000,11.499,
0,accepted,0.499,12.004,
1,accepted,0.501,11.499,
16,accepted,0.501,11.999,
17,accepted,0.501,9.500,
30,accepted,0.501,12.504,
23,accepted,1.000,11.999,
20,accepted,0.501,9.500,
4,accepted,1.000,11.499,
18,accepted,0.499,11.499,
12,accepted,0.501,11.499,
2,accepted,0.499,9.500,
26,accepted,0.000,10.001,
5,accepted,1.000,10.001,
11,accepted,0.499,10.001,
15,accepted,0.499,13.005,
14,accepted,0.499,11.000,
3,accepted,0.499,11.000,
13,accepted,0.000,11.500,
31,accepted,1.000,10.998,
27,accepted,0.499,12.499,
24,accepted,0.500,16.003,
25,accepted,0.000,16.003,
10,accepted,0.499,13.502,
28,accepted,0.500,11.500,
9,accepted,0.000,13.500,
7,accepted,0.000,14.000,
22,accepted,0.000,10.499,
8,accepted,0.000,10.999,
1,accepted,0.500,7.000,
29,accepted,0.000,8.500,
6,accepted,0.000,10.500,
16,accepted,0.501,8.000,
21,accepted,0.000,9.001,
19,accepted,0.498,10.000,
11,accepted,0.501,9.500,
2,accepted,0.000,10.001,
0,accepted,0.000,10.501,
4,accepted,0.000,11.001,
18,accepted,0.000,11.001,
23,accepted,0.000,11.500,
30,accepted,0.498,11.500,
17,accepted,0.000,11.500,
20,accepted,0.000,11.500,
5,accepted,1.500,10.999,
14,accepted,1.000,10.001,
24,accepted,0.500,8.502,
15,accepted,1.000,12.617,
26,accepted,1.000,12.617,
13,accepted,1.000,10.617,
12,accepted,0.000,13.118,
8,accepted,0.501,7.117,
28,accepted,0.501,9.115,
3,accepted,2.501,11.622,
27,accepted,0.500,10.622,
25,accepted,1.500,10.622,
31,accepted,2.001,10.622,
10,accepted,0.500,10.120,
1,accepted,0.000,8.120,
9,accepted,0.000,11.621,
7,accepted,0.501,11.621,
22,accepted,0.000,10.620,
29,accepted,0.000,9.621,
6,accepted,0.499,9.622,
16,accepted,0.501,10.122,
21,accepted,0.501,10.621,
19,accepted,0.000,9.622,
0,accepted,0.000,9.621,
4,accepted,0.499,9.120,
2,accepted,0.000,10.621,
5,accepted,1.002,11.122,
18,accepted,0.000,11.621,
20,accepted,0.000,12.122,
11,accepted,0.499,13.621,
26,accepted,0.999,11.504,
10,accepted,0.000,10.500,
24,accepted,0.501,12.621,
17,accepted,0.499,13.122,
14,accepted,0.999,15.120,
4,accepted,0.000,7.000,
7,accepted,0.000,11.500,
6,accepted,0.000,9.999,
23,accepted,0.999,16.622,
13,accepted,1.499,15.004,
3,accepted,0.000,14.498,
15,accepted,1.999,15.004,
28,accepted,1.000,15.004,
25,accepted,0.000,13.999,
1,accepted,0.000,13.501,
21,accepted,0.000,8.999,
12,accepted,0.501,15.004,
19,accepted,0.000,8.999,
27,accepted,0.500,13.999,
31,accepted,0.501,13.999,
2,accepted,0.500,7.499,
8,accepted,1.000,15.004,
30,accepted,2.001,17.122,
0,accepted,0.000,9.500,
16,accepted,0.000,11.000,
22,accepted,0.000,13.001,
9,accepted,0.000,13.001,
29,accepted,0.000,13.001,
5,accepted,0.000,7.000,
10,accepted,0.000,4.999,
18,accepted,1.500,9.000,
26,accepted,0.000,7.500,
17,accepted,0.500,8.000,
24,accepted,0.000,8.000,
11,accepted,0.999,9.000,
20,accepted,1.000,9.500,
4,accepted,0.500,6.502,
14,accepted,0.000,7.500,
23,accepted,0.000,6.500,
3,accepted,0.500,8.000,
15,accepted,0.000,8.000,
6,accepted,0.000,9.000,
13,accepted,0.000,8.500,
28,accepted,0.500,8.500,
31,accepted,0.000,9.001,
19,accepted,0.000,9.001,
12,accepted,0.500,9.001,
7,accepted,0.501,9.501,
9,accepted,0.000,8.999,
30,accepted,0.000,9.499,
25,accepted,0.500,10.000,
5,accepted,0.500,8.500,
21,accepted,0.000,10.000,
1,accepted,0.500,10.501,
16,accepted,0.000,9.501,
29,accepted,0.000,11.500,
10,accepted,0.502,12.001,
27,accepted,0.498,14.001,
18,accepted,0.000,12.000,
2,accepted,1.001,15.500,
26,accepted,1.002,11.500,
22,accepted,0.502,15.000,
3,accepted,0.000,8.500,
0,accepted,0.000,15.499,
23,accepted,0.000,10.500,
20,accepted,0.501,12.000,
17,accepted,1.000,12.499,
24,accepted,1.000,12.999,
4,accepted,0.500,11.998,
6,accepted,0.000,9.501,
11,accepted,0.500,14.000,
14,accepted,0.501,12.001,
1,accepted,0.000,7.999,
31,accepted,0.000,9.499,
15,accepted,0.000,10.501,
8,accepted,0.498,18.500,
13,accepted,0.501,10.500,
28,accepted,0.500,11.500,
19,accepted,0.500,11.000,
7,accepted,0.000,11.500,
12,accepted,0.000,11.500,
9,accepted,0.499,12.002,
30,accepted,0.499,12.002,
5,accepted,0.000,12.002,
29,accepted,0.501,11.001,
25,accepted,0.000,13.501,
16,accepted,0.000,13.000,
24,accepted,0.500,6.001,
21,accepted,0.499,13.501,
10,accepted,0.500,10.001,
3,accepted,0.000,7.501,
27,accepted,0.501,10.000,
18,accepted,0.499,9.001,
4,accepted,0.500,7.001,
0,accepted,0.000,8.500,
22,accepted,0.499,9.000,
17,accepted,0.000,8.000,
2,accepted,0.500,9.500,
20,accepted,0.000,9.001,
11,accepted,0.000,8.001,
6,accepted,0.000,8.500,
23,accepted,0.000,9.502,
1,accepted,0.000,9.500,
14,accepted,0.000,9.500,
26,accepted,0.000,13.001,
13,accepted,0.500,9.500,
8,accepted,0.499,10.501,
31,accepted,0.999,10.501,
7,accepted,0.000,8.500,
28,accepted,0.500,9.001,
19,accepted,0.501,9.501,
12,accepted,0.500,9.001,
15,accepted,0.500,12.001,
5,accepted,0.502,8.499,
30,accepted,0.000,8.998,
9,accepted,0.000,8.998,
25,accepted,0.000,7.499,
24,accepted,1.000,9.499,
29,accepted,0.501,9.499,
18,accepted,0.499,8.499,
16,accepted,0.999,10.501,
27,accepted,0.000,10.501,
21,accepted,0.999,11.499,
22,accepted,0.500,11.001,
6,accepted,0.000,9.999,
10,accepted,0.499,14.499,
3,accepted,1.001,13.999,
4,accepted,0.000,13.499,
2,accepted,0.500,13.000,
0,accepted,1.001,13.000,
23,accepted,0.000,11.999,
20,accepted,0.499,12.500,
1,accepted,0.000,10.501,
17,accepted,0.500,13.501,
13,accepted,0.499,10.000,
11,accepted,0.500,12.499,
25,accepted,0.000,8.001,
14,accepted,0.499,11.000,
31,accepted,0.000,9.999,
12,accepted,0.000,10.498,
5,accepted,0.500,9.499,
30,accepted,0.000,9.000,
28,accepted,0.000,10.999,
26,accepted,0.500,12.500,
15,accepted,0.500,10.500,
19,accepted,0.501,11.999,
9,accepted,0.000,11.501,
7,accepted,0.000,13.500,
8,accepted,0.000,13.500,
24,accepted,0.499,10.501,
29,accepted,0.000,11.005,
18,accepted,0.500,11.500,
10,accepted,0.000,6.500,
21,accepted,0.000,9.500,
27,accepted,0.501,10.498,
16,accepted,0.501,11.499,
22,accepted,0.000,10.000,
0,accepted,0.500,8.501,
20,accepted,0.000,8.000,
3,accepted,0.500,9.001,
2,accepted,0.500,9.500,
6,accepted,0.500,11.500,
4,accepted,0.500,10.502,
1,accepted,0.500,10.525,
12,accepted,0.501,9.531,
5,accepted,0.501,9.531,
25,accepted,0.500,10.531,
11,accepted,0.000,10.531,
23,accepted,0.000,11.031,
31,accepted,0.500,10.531,
17,accepted,0.000,11.529,
26,accepted,0.496,9.029,
14,accepted,0.000,11.029,
15,accepted,0.000,9.529,
7,accepted,0.000,8.529,
9,accepted,0.000,8.529,
29,accepted,0.500,7.527,
30,accepted,0.500,11.532,
8,accepted,0.000,9.031,
28,accepted,0.500,11.532,
19,accepted,0.000,10.031,
13,accepted,1.000,14.030,
24,accepted,0.000,9.529,
27,accepted,0.501,8.029,
21,accepted,0.501,9.529,
16,accepted,1.025,9.030,
18,accepted,1.002,10.031,
0,accepted,0.000,8.529,
22,accepted,0.506,9.029,
10,accepted,1.002,11.030,
2,accepted,0.000,8.030,
3,accepted,0.500,9.428,
20,accepted,0.500,10.529,
6,accepted,0.000,11.036,
4,accepted,0.000,11.028,
12,accepted,0.504,10.999,
31,accepted,0.000,11.499,
11,accepted,1.000,11.999,
23,accepted,0.000,12.500,
17,accepted,0.501,12.002,
1,accepted,0.497,13.006,
15,accepted,0.495,12.000,
14,accepted,0.000,13.001,
13,accepted,0.501,10.500,
28,accepted,0.501,11.998,
7,accepted,0.501,12.500,
24,accepted,0.000,11.000,
29,accepted,0.501,12.498,
30,accepted,0.501,12.498,
19,accepted,0.501,12.498,
26,accepted,0.000,14.000,
9,accepted,0.501,13.500,
27,accepted,0.501,11.500,
5,accepted,1.000,14.999,
8,accepted,0.501,13.498,
2,accepted,0.500,9.499,
25,accepted,0.000,15.498,
18,accepted,0.000,10.498,
10,accepted,0.000,9.499,
16,accepted,0.499,10.498,
20,accepted,0.000,8.501,
21,accepted,0.000,12.021,
0,accepted,0.000,11.524,
3,accepted,0.000,10.125,
22,accepted,0.000,12.024,
4,accepted,0.000,9.025,
31,accepted,0.000,7.673,
6,accepted,0.000,10.671,
14,accepted,0.000,7.178,
12,accepted,0.000,10.178,
11,accepted,0.500,9.178,
23,accepted,0.520,9.676,
15,accepted,0.503,9.178,
7,accepted,1.000,8.177,
1,accepted,0.000,9.676,
13,accepted,0.000,8.677,
17,accepted,0.520,10.242,
29,accepted,1.000,9.248,
28,accepted,1.000,9.748,
30,accepted,0.998,9.748,
24,accepted,0.998,9.748,
5,accepted,1.149,9.749,
27,accepted,0.505,10.248,
18,accepted,1.152,10.249,
0,accepted,0.000,8.725,
20,accepted,0.000,10.748,
8,accepted,0.000,11.750,
19,accepted,1.152,14.248,
2,accepted,0.500,13.748,
26,accepted,0.647,14.748,
25,accepted,0.499,13.748,
4,accepted,0.499,10.722,
3,accepted,0.501,12.724,
31,accepted,0.501,10.574,
22,accepted,0.000,12.723,
21,accepted,0.500,13.726,
16,accepted,0.505,14.747,
6,accepted,0.000,10.069,
10,accepted,0.999,14.747,
11,accepted,0.000,9.070,
12,accepted,0.500,9.070,
9,accepted,0.505,15.247,
23,accepted,0.000,9.071,
17,accepted,0.000,9.503,
7,accepted,0.000,11.072,
13,accepted,0.500,11.072,
1,accepted,0.000,11.072,
14,accepted,0.500,13.071,
15,accepted,0.000,11.572,
0,accepted,0.000,8.001,
28,accepted,0.500,10.001,
27,accepted,0.999,9.999,
5,accepted,1.499,10.499,
24,accepted,1.499,13.001,
18,accepted,0.500,11.500,
30,accepted,1.499,15.001,
25,accepted,0.000,10.000,
26,accepted,0.000,10.000,
29,accepted,1.499,15.501,
4,accepted,0.499,9.501,
8,accepted,0.000,11.999,
6,accepted,0.000,9.500,
20,accepted,0.000,12.999,
11,accepted,0.500,10.001,
7,accepted,0.000,7.999,
19,accepted,0.499,13.499,
15,accepted,0.000,8.999,
3,accepted,0.000,14.000,
16,accepted,1.001,13.500,
12,accepted,0.000,13.500,
21,accepted,0.000,13.500,
0,accepted,0.000,11.498,
31,accepted,0.499,15.500,
27,accepted,0.499,11.001,
14,accepted,0.501,12.499,
5,accepted,0.500,11.001,
9,accepted,0.000,16.001,
28,accepted,0.501,12.499,
17,accepted,2.000,14.001,
1,accepted,0.499,12.999,
22,accepted,0.500,16.001,
13,accepted,0.499,12.999,
10,accepted,0.000,16.001,
23,accepted,0.000,15.000,
2,accepted,0.000,17.500,
18,accepted,0.500,9.499,
4,accepted,0.499,7.499,
25,accepted,0.000,7.499,
26,accepted,0.499,7.999,
20,accepted,0.499,7.500,
30,accepted,0.500,7.999,
29,accepted,0.000,8.499,
24,accepted,0.000,10.999,
6,accepted,0.500,8.500,
8,accepted,0.500,8.999,
11,accepted,0.000,9.499,
7,accepted,0.500,8.500,
15,accepted,0.000,9.500,
19,accepted,0.500,10.000,
3,accepted,0.000,8.501,
16,accepted,0.000,8.501,
12,accepted,0.000,9.329,
21,accepted,0.000,10.000,
31,accepted,0.501,8.000,
4,accepted,0.501,7.000,
22,accepted,0.501,8.001,
0,accepted,1.000,11.000,
9,accepted,0.000,9.999,
28,accepted,0.498,11.000,
18,accepted,0.000,11.002,
5,accepted,0.000,12.999,
10,accepted,0.501,12.999,
23,accepted,0.501,12.999,
14,accepted,0.501,12.999,
1,accepted,0.498,12.999,
13,accepted,0.000,12.999,
27,accepted,0.501,12.999,
2,accepted,0.501,13.000,
17,accepted,0.501,13.500,
7,accepted,0.672,10.000,
24,accepted,0.500,11.500,
25,accepted,0.000,14.000,
30,accepted,0.499,14.000,
16,accepted,0.500,9.499,
20,accepted,0.499,14.500,
21,accepted,0.499,7.999,
31,accepted,0.503,7.999,
26,accepted,0.500,14.500,
29,accepted,0.000,14.000,
8,accepted,0.500,13.500,
6,accepted,0.000,13.500,
11,accepted,0.000,12.000,
19,accepted,0.499,10.000,
12,accepted,0.499,9.172,
4,accepted,0.997,9.000,
15,accepted,0.000,12.000,
22,accepted,0.500,10.500,
3,accepted,0.500,12.500,
0,accepted,1.000,10.001,
28,accepted,0.000,9.001,
23,accepted,0.000,7.500,
9,accepted,0.500,10.500,
5,accepted,0.000,8.501,
18,accepted,0.500,10.498,
1,accepted,0.000,12.001,
25,accepted,0.000,10.500,
14,accepted,0.499,12.001,
6,accepted,0.500,10.332,
10,accepted,0.000,12.832,
13,accepted,0.000,14.500,
12,accepted,0.000,11.500,
30,accepted,0.501,12.499,
7,accepted,0.501,14.501,
16,accepted,0.000,13.001,
29,accepted,0.000,13.001,
17,accepted,0.000,16.000,
2,accepted,0.000,16.000,
8,accepted,0.000,14.001,
4,accepted,0.499,13.000,
27,accepted,0.501,16.500,
20,accepted,0.000,14.915,
11,accepted,0.499,14.915,
19,accepted,0.501,15.501,
28,accepted,0.000,11.501,
21,accepted,0.501,16.501,
0,accepted,1.001,13.501,
22,accepted,1.001,15.000,
26,accepted,0.000,18.002,
23,accepted,0.000,13.002,
15,accepted,2.501,16.000,
5,accepted,0.000,12.500,
3,accepted,1.500,15.500,
14,accepted,0.000,9.000,
1,accepted,0.000,9.501,
9,accepted,0.000,14.002,
31,accepted,0.501,19.002,
10,accepted,0.000,8.669,
24,accepted,0.501,21.001,
25,accepted,0.000,10.000,
6,accepted,0.000,9.168,
18,accepted,0.000,12.999,
12,accepted,0.000,9.500,
13,accepted,0.501,10.500,
2,accepted,0.000,8.999,
8,accepted,0.000,8.999,
30,accepted,1.000,11.501,
7,accepted,1.499,11.499,
16,accepted,0.499,11.000,
27,accepted,0.000,10.501,
17,accepted,1.000,11.500,
29,accepted,1.499,13.001,
21,accepted,0.000,9.501,
11,accepted,0.000,11.086,
19,accepted,0.000,10.499,
20,accepted,0.000,11.585,
28,accepted,0.499,10.999,
22,accepted,0.501,8.999,
26,accepted,0.000,8.999,
4,accepted,0.500,13.501,
0,accepted,0.000,9.500,
14,accepted,0.499,9.001,
5,accepted,0.500,9.001,
3,accepted,0.499,9.501,
1,accepted,0.000,9.000,
15,accepted,0.000,9.501,
10,accepted,0.501,9.500,
23,accepted,0.000,10.500,
31,accepted,0.501,10.999,
9,accepted,0.501,10.999,
2,accepted,0.501,7.501,
18,accepted,0.499,11.500,
25,accepted,0.501,11.500,
6,accepted,0.000,11.500,
24,accepted,0.499,12.499,
12,accepted,0.000,10.000,
8,accepted,0.999,11.500,
30,accepted,0.500,10.999,
13,accepted,0.000,12.500,
7,accepted,0.000,11.000,
27,accepted,0.000,12.001,
28,accepted,0.000,9.501,
16,accepted,0.000,13.531,
26,accepted,0.500,10.530,
22,accepted,0.000,11.034,
11,accepted,0.000,12.033,
21,accepted,0.000,13.033,
20,accepted,0.000,12.534,
29,accepted,0.000,13.534,
10,accepted,0.499,11.034,
17,accepted,0.000,14.035,
19,accepted,0.500,13.035,
24,accepted,0.500,8.535,
2,accepted,0.500,9.535,
1,accepted,0.000,12.534,
31,accepted,0.000,11.535,
25,accepted,0.000,11.035,
18,accepted,0.000,11.035,
15,accepted,0.501,14.034,
4,accepted,0.000,15.035,
6,accepted,0.500,11.536,
23,accepted,0.000,14.035,
5,accepted,0.000,15.035,
3,accepted,0.000,14.535,
0,accepted,0.500,15.035,
14,accepted,0.000,15.035,
9,accepted,0.000,12.536,
13,accepted,0.504,8.535,
12,accepted,0.000,12.035,
7,accepted,0.501,8.535,
8,accepted,0.000,9.535,
27,accepted,0.000,8.033,
30,accepted,0.000,10.035,
28,accepted,0.500,8.033,
21,accepted,0.000,7.501,
16,accepted,0.500,9.503,
26,accepted,0.000,10.504,
22,accepted,0.501,10.001,
11,accepted,0.000,11.003,
20,accepted,0.500,10.003,
10,accepted,0.000,9.502,
19,accepted,0.000,9.502,
17,accepted,0.000,10.000,
29,accepted,0.501,10.000,
24,accepted,0.000,10.000,
1,accepted,0.500,9.500,
2,accepted,0.500,10.000,
18,accepted,0.000,8.500,
31,accepted,0.000,10.001,
25,accepted,0.000,9.501,
3,accepted,0.000,9.500,
23,accepted,1.499,9.500,
9,accepted,0.000,10.998,
7,accepted,0.501,10.500,
5,accepted,1.001,12.498,
27,accepted,0.000,11.000,
13,accepted,0.499,12.000,
8,accepted,0.499,11.500,
6,accepted,0.501,12.998,
12,accepted,0.000,12.000,
0,accepted,0.000,12.998,
28,accepted,0.499,12.500,
4,accepted,1.499,14.498,
15,accepted,1.499,14.999,
30,accepted,0.000,14.001,
16,accepted,0.500,11.502,
21,accepted,0.000,12.001,
14,accepted,0.501,16.000,
19,accepted,0.499,10.498,
18,accepted,0.000,9.000,
2,accepted,0.000,10.501,
11,accepted,0.500,11.499,
20,accepted,0.500,12.498,
26,accepted,0.000,14.000,
24,accepted,0.500,12.500,
17,accepted,0.500,13.000,
10,accepted,0.000,13.498,
29,accepted,0.000,13.000,
9,accepted,0.000,9.001,
22,accepted,0.000,14.500,
1,accepted,0.499,12.999,
27,accepted,0.000,8.001,
12,accepted,0.501,8.500,
7,accepted,1.002,10.000,
5,accepted,0.500,9.000,
23,accepted,0.500,11.998,
31,accepted,0.000,12.499,
25,accepted,0.500,12.499,
8,accepted,0.500,9.000,
13,accepted,0.000,9.000,
3,accepted,0.501,12.999,
0,accepted,0.000,10.501,
4,accepted,0.000,9.500,
6,accepted,0.500,11.000,
28,accepted,0.000,10.001,
15,accepted,0.000,10.001,
16,accepted,0.500,9.026,
14,accepted,0.000,9.531,
19,accepted,0.500,9.033,
18,accepted,0.000,9.033,
30,accepted,0.000,10.032,
21,accepted,0.500,10.032,
2,accepted,0.500,8.531,
11,accepted,0.500,8.531,
17,accepted,0.498,8.032,
9,accepted,0.000,8.032,
20,accepted,0.000,9.032,
26,accepted,0.000,9.532,
24,accepted,0.502,9.531,
29,accepted,1.027,10.031,
7,accepted,0.526,9.031,
5,accepted,0.526,9.531,
27,accepted,0.526,10.031,
25,accepted,0.000,10.031,
1,accepted,1.000,11.531,
22,accepted,2.028,12.533,
16,accepted,0.500,8.005,
23,accepted,0.501,12.032,
28,accepted,0.500,9.031,
8,accepted,0.501,11.532,
4,accepted,0.499,9.532,
31,accepted,0.000,12.032,
3,accepted,1.001,11.031,
0,accepted,0.000,10.531,
10,accepted,1.000,15.034,
12,accepted,0.526,13.534,
21,accepted,0.500,10.508,
6,accepted,0.500,12.541,
15,accepted,0.500,12.040,
13,accepted,0.000,14.541,
11,accepted,0.000,11.008,
18,accepted,1.000,11.508,
14,accepted,0.000,12.009,
30,accepted,0.496,11.508,
19,accepted,0.496,11.508,
17,accepted,0.000,11.008,
20,accepted,0.000,11.008,
2,accepted,0.000,12.508,
9,accepted,0.000,11.008,
24,accepted,0.000,11.008,
26,accepted,0.501,13.009,
7,accepted,0.000,11.510,
29,accepted,0.500,12.009,
27,accepted,0.499,11.510,
22,accepted,0.500,10.508,
28,accepted,0.000,9.509,
31,accepted,0.000,10.509,
5,accepted,0.500,13.009,
0,accepted,0.000,10.009,
23,accepted,0.000,10.509,
25,accepted,0.000,12.509,
1,accepted,0.000,12.009,
16,accepted,0.000,11.510,
4,accepted,0.000,12.009,
3,accepted,0.499,12.509,
10,accepted,0.000,11.007,
8,accepted,0.000,13.009,
6,accepted,0.499,10.000,
12,accepted,0.499,11.507,
20,accepted,0.499,7.500,
13,accepted,0.501,10.501,
15,accepted,0.499,10.501,
19,accepted,0.000,9.501,
21,accepted,0.000,10.501,
30,accepted,0.000,9.501,
11,accepted,0.000,10.001,
17,accepted,0.000,10.000,
18,accepted,0.500,12.000,
14,accepted,0.500,12.000,
9,accepted,0.000,10.500,
7,accepted,0.000,8.000,
2,accepted,0.500,11.000,
27,accepted,0.000,7.999,
26,accepted,0.000,9.079,
22,accepted,0.500,9.082,
23,accepted,0.000,8.583,
28,accepted,0.000,9.583,
29,accepted,0.500,11.082,
24,accepted,1.001,12.583,
16,accepted,0.000,9.082,
4,accepted,0.498,8.083,
5,accepted,0.500,10.584,
3,accepted,0.000,9.083,
25,accepted,0.501,11.083,
1,accepted,0.500,11.583,
31,accepted,0.000,12.583,
15,accepted,0.579,9.583,
20,accepted,0.579,10.083,
0,accepted,0.500,12.583,
11,accepted,0.579,9.082,
12,accepted,0.579,10.083,
8,accepted,1.000,10.083,
13,accepted,1.079,10.454,
17,accepted,0.500,9.083,
2,accepted,0.000,8.084,
21,accepted,0.000,11.083,
10,accepted,0.500,12.084,
9,accepted,0.000,9.082,
27,accepted,0.501,8.582,
6,accepted,0.579,12.582,
30,accepted,0.500,12.581,
19,accepted,0.000,12.581,
14,accepted,0.000,10.583,
18,accepted,0.000,10.583,
7,accepted,0.500,10.083,
29,accepted,0.000,9.499,
22,accepted,0.500,10.499,
28,accepted,0.500,10.499,
26,accepted,0.500,13.505,
24,accepted,0.000,11.501,
25,accepted,0.000,10.500,
23,accepted,0.500,12.999,
16,accepted,0.000,13.000,
3,accepted,0.000,11.500,
1,accepted,0.000,11.501,
2,accepted,0.000,9.998,
13,accepted,0.000,10.627,
4,accepted,0.000,14.499,
21,accepted,0.499,10.499,
5,accepted,0.000,13.999,
30,accepted,0.499,9.500,
17,accepted,0.000,10.998,
8,accepted,0.000,12.498,
31,accepted,0.000,12.999,
0,accepted,0.500,12.999,
20,accepted,0.000,12.999,
15,accepted,0.500,12.999,
9,accepted,0.500,12.000,
22,accepted,0.000,8.000,
12,accepted,0.000,13.998,
10,accepted,0.000,13.000,
11,accepted,0.000,14.999,
27,accepted,0.000,12.501,
14,accepted,0.000,11.500,
6,accepted,0.000,12.501,
19,accepted,0.000,12.001,
24,accepted,0.500,8.499,
18,accepted,0.500,13.000,
29,accepted,0.500,10.501,
7,accepted,0.000,13.500,
3,accepted,0.000,7.500,
25,accepted,0.000,8.500,
5,accepted,0.000,5.500,
23,accepted,0.000,8.500,
26,accepted,0.000,9.999,
28,accepted,0.502,11.501,
1,accepted,0.000,8.998,
16,accepted,0.000,10.000,
8,accepted,0.000,8.001,
4,accepted,0.000,9.001,
13,accepted,0.000,9.500,
21,accepted,0.502,9.500,
31,accepted,0.500,9.503,
2,accepted,0.000,11.501,
30,accepted,0.499,10.501,
17,accepted,0.000,10.501,
22,accepted,1.000,9.500,
11,accepted,1.001,8.499,
0,accepted,1.000,11.000,
9,accepted,1.000,11.000,
24,accepted,0.000,8.500,
27,accepted,0.000,11.501,
15,accepted,0.500,13.502,
14,accepted,0.501,12.000,
7,accepted,0.000,10.000,
29,accepted,0.000,10.500,
25,accepted,0.000,10.499,
28,accepted,0.000,9.999,
8,accepted,0.501,7.499,
26,accepted,0.500,9.999,
23,accepted,0.000,10.499,
12,accepted,0.500,14.000,
19,accepted,0.500,12.999,
6,accepted,0.000,12.999,
18,accepted,0.000,11.499,
5,accepted,0.500,11.000,
3,accepted,0.000,12.001,
20,accepted,2.000,16.501,
10,accepted,0.500,14.999,
16,accepted,0.000,9.500,
1,accepted,0.000,10.000,
13,accepted,0.000,9.002,
4,accepted,0.000,9.502,
31,accepted,0.500,8.497,
30,accepted,0.000,8.000,
2,accepted,0.499,9.501,
21,accepted,0.000,11.001,
11,accepted,0.000,11.001,
0,accepted,0.000,10.501,
24,accepted,0.000,10.000,
17,accepted,1.999,12.000,
22,accepted,0.999,12.500,
15,accepted,0.500,9.498,
28,accepted,0.499,8.501,
27,accepted,0.500,9.998,
7,accepted,0.498,11.004,
26,accepted,0.501,10.005,
25,accepted,0.498,10.005,
29,accepted,0.501,11.510,
14,accepted,0.000,11.510,
6,accepted,0.500,11.353,
10,accepted,1.001,9.851,
18,accepted,0.500,13.015,
5,accepted,0.000,12.514,
9,accepted,0.501,16.643,
1,accepted,0.000,12.648,
19,accepted,0.999,14.150,
8,accepted,0.500,15.149,
3,accepted,0.499,13.647,
4,accepted,0.500,13.646,
12,accepted,0.000,15.649,
16,accepted,0.000,14.147,
31,accepted,0.500,13.648,
21,accepted,0.000,12.147,
28,accepted,0.000,8.148,
23,accepted,0.500,16.649,
2,accepted,0.500,12.147,
30,accepted,0.500,13.648,
20,accepted,0.500,15.147,
11,accepted,0.000,10.647,
7,accepted,0.500,7.143,
13,accepted,0.500,15.146,
27,accepted,0.000,8.648,
0,accepted,0.000,11.147,
17,accepted,0.499,12.649,
24,accepted,0.000,12.649,
10,accepted,0.000,8.297,
25,accepted,0.629,9.645,
22,accepted,0.000,12.148,
26,accepted,0.500,10.143,
29,accepted,0.629,9.638,
18,accepted,0.500,7.634,
6,accepted,0.000,9.296,
14,accepted,0.000,10.638,
15,accepted,0.629,13.648,
9,accepted,0.000,9.004,
5,accepted,0.500,11.134,
8,accepted,1.001,10.000,
1,accepted,0.000,10.999,
3,accepted,1.000,10.500,
19,accepted,0.000,11.499,
4,accepted,0.499,10.999,
31,accepted,1.500,9.999,
28,accepted,1.500,9.999,
12,accepted,0.499,10.999,
20,accepted,0.999,10.499,
2,accepted,0.999,10.499,
11,accepted,0.000,10.000,
10,accepted,0.000,8.000,
30,accepted,0.999,11.001,
21,accepted,0.999,11.500,
7,accepted,0.501,11.001,
23,accepted,0.999,12.499,
24,accepted,0.501,9.999,
16,accepted,0.999,14.000,
17,accepted,0.500,10.498,
13,accepted,0.000,13.000,
25,accepted,0.500,10.498,
27,accepted,0.500,13.000,
6,accepted,0.000,9.999,
0,accepted,0.502,13.500,
22,accepted,0.000,11.000,
15,accepted,0.000,9.500,
14,accepted,0.000,10.999,
26,accepted,0.499,11.999,
18,accepted,0.000,12.499,
29,accepted,0.499,13.000,
9,accepted,0.000,11.501,
5,accepted,0.999,10.001,
3,accepted,1.000,10.000,
10,accepted,0.500,7.999,
1,accepted,1.500,10.500,
12,accepted,0.000,9.501,
8,accepted,1.000,11.000,
16,accepted,0.500,7.003,
28,accepted,0.000,10.004,
2,accepted,0.500,9.504,
24,accepted,0.000,7.499,
11,accepted,0.000,10.501,
20,accepted,0.000,10.501,
31,accepted,1.000,11.001,
4,accepted,0.500,11.500,
27,accepted,0.000,8.000,
30,accepted,0.000,10.498,
13,accepted,0.000,8.501,
17,accepted,0.499,8.501,
19,accepted,0.500,13.000,
22,accepted,0.000,7.500,
23,accepted,0.000,9.501,
7,accepted,0.000,10.999,
25,accepted,0.500,9.000,
21,accepted,0.000,13.000,
15,accepted,0.500,11.500,
14,accepted,0.500,12.501,
0,accepted,0.501,14.000,
5,accepted,0.496,10.999,
6,accepted,0.501,14.500,
29,accepted,0.000,13.001,
26,accepted,0.502,14.001,
9,accepted,0.500,11.999,
8,accepted,0.000,9.999,
10,accepted,2.001,10.500,
18,accepted,0.000,13.500,
3,accepted,1.500,11.500,
20,accepted,0.501,9.500,
12,accepted,0.501,10.999,
16,accepted,0.000,10.497,
31,accepted,0.000,11.500,
1,accepted,1.000,13.500,
2,accepted,0.000,12.497,
4,accepted,0.500,12.001,
27,accepted,0.501,12.001,
11,accepted,0.500,12.501,
28,accepted,0.000,13.497,
25,accepted,0.000,11.001,
22,accepted,0.499,12.000,
24,accepted,0.500,13.501,
29,accepted,0.000,4.500,
7,accepted,0.501,12.001,
19,accepted,0.000,12.500,
15,accepted,0.000,8.500,
30,accepted,0.000,14.001,
17,accepted,0.501,13.500,
13,accepted,0.000,14.001,
21,accepted,0.501,12.500,
23,accepted,0.000,15.500,
26,accepted,1.500,9.000,
14,accepted,0.501,10.499,
9,accepted,1.001,9.500,
10,accepted,0.999,9.500,
5,accepted,1.001,10.500,
0,accepted,1.501,11.000,
18,accepted,0.999,9.501,
31,accepted,0.500,8.001,
6,accepted,1.500,12.500,
3,accepted,0.000,10.501,
20,accepted,0.500,11.000,
1,accepted,0.000,9.499,
12,accepted,0.000,11.499,
8,accepted,1.000,13.499,
2,accepted,0.000,10.499,
22,accepted,0.500,10.501,
16,accepted,0.500,14.001,
4,accepted,0.000,11.001,
7,accepted,0.500,11.000,
23,accepted,0.000,8.000,
26,accepted,0.500,7.000,
13,accepted,0.500,10.498,
11,accepted,0.500,12.999,
29,accepted,0.000,12.499,
21,accepted,0.000,9.499,
17,accepted,0.000,10.998,
15,accepted,0.000,11.999,
14,accepted,0.000,7.999,
19,accepted,0.000,11.999,
27,accepted,0.000,13.499,
30,accepted,0.500,11.499,
28,accepted,0.500,13.499,
25,accepted,0.499,13.499,
24,accepted,0.000,12.999,
18,accepted,0.501,8.002,
5,accepted,1.000,9.002,
9,accepted,1.000,9.501,
10,accepted,1.501,9.501,
31,accepted,1.000,8.000,
0,accepted,1.000,10.500,
6,accepted,0.499,10.499,
3,accepted,1.500,10.499,
20,accepted,0.000,11.000,
7,accepted,0.502,6.999,
1,accepted,0.000,11.001,
23,accepted,0.000,8.000,
12,accepted,0.000,12.001,
22,accepted,0.000,9.999,
24,accepted,0.499,7.501,
16,accepted,0.000,10.999,
8,accepted,0.501,12.501,
2,accepted,0.000,13.000,
4,accepted,0.000,11.498,
17,accepted,0.000,10.001,
18,accepted,0.000,8.998,
26,accepted,0.000,12.000,
11,accepted,0.492,11.001,
13,accepted,0.000,11.500,
27,accepted,0.500,11.501,
19,accepted,0.992,12.001,
30,accepted,1.501,12.502,
9,accepted,0.500,11.499,
31,accepted,0.500,12.500,
5,accepted,0.500,12.999,
14,accepted,0.000,14.501,
15,accepted,1.000,14.501,
29,accepted,0.500,14.501,
6,accepted,0.500,9.501,
28,accepted,0.000,14.501,
21,accepted,0.000,15.001,
20,accepted,0.000,9.001,
10,accepted,0.000,12.999,
23,accepted,0.000,8.502,
25,accepted,0.000,15.002,
0,accepted,0.499,12.500,
1,accepted,0.501,10.000,
3,accepted,0.500,11.501,
7,accepted,0.000,10.501,
12,accepted,0.000,10.500,
22,accepted,0.499,10.000,
24,accepted,0.501,11.500,
2,accepted,0.000,10.000,
11,accepted,0.499,8.499,
18,accepted,0.498,10.501,
4,accepted,0.000,11.001,
17,accepted,0.000,10.501,
8,accepted,0.000,13.501,
5,accepted,1.001,8.001,
27,accepted,0.501,10.501,
16,accepted,0.000,13.501,
26,accepted,1.500,12.000,
30,accepted,1.001,9.999,
13,accepted,0.000,11.501,
9,accepted,0.501,9.501,
19,accepted,0.000,11.000,
15,accepted,0.000,8.500,
23,accepted,0.501,7.499,
1,accepted,0.499,7.002,
29,accepted,0.499,9.002,
25,accepted,0.000,8.001,
31,accepted,0.000,9.499,
10,accepted,0.000,10.000,
14,accepted,0.500,10.499,
7,accepted,0.500,9.000,
0,accepted,0.000,9.500,
6,accepted,0.000,11.500,
21,accepted,0.500,11.000,
28,accepted,0.000,11.000,
20,accepted,0.500,11.000,
11,accepted,0.000,7.001,
8,accepted,0.000,5.999,
3,accepted,0.501,12.000,
12,accepted,0.000,11.000,
16,accepted,0.499,6.999,
22,accepted,0.500,11.500,
24,accepted,0.000,10.001,
2,accepted,0.499,10.502,
27,accepted,0.000,7.998,
18,accepted,0.000,10.499,
17,accepted,0.000,10.998,
29,accepted,0.501,7.997,
5,accepted,0.000,8.998,
4,accepted,0.000,11.499,
1,accepted,0.000,11.500,
10,accepted,0.999,10.002,
9,accepted,1.500,12.002,
14,accepted,0.501,10.002,
7,accepted,0.000,9.502,
19,accepted,1.000,13.000,
30,accepted,1.500,13.000,
23,accepted,1.000,13.501,
13,accepted,0.500,13.501,
11,accepted,0.501,10.500,
20,accepted,0.000,11.000,
15,accepted,0.500,14.001,
3,accepted,0.000,9.501,
6,accepted,0.000,12.001,
26,accepted,1.500,15.001,
0,accepted,0.999,13.002,
31,accepted,0.000,14.502,
28,accepted,0.500,12.501,
12,accepted,0.500,11.001,
8,accepted,0.500,11.501,
16,accepted,0.000,10.500,
25,accepted,0.500,16.499,
21,accepted,0.000,14.001,
2,accepted,1.002,10.498,
27,accepted,0.000,10.501,
24,accepted,0.502,12.500,
10,accepted,0.000,6.999,
18,accepted,0.000,12.001,
22,accepted,0.998,13.999,
5,accepted,0.499,12.000,
29,accepted,0.499,12.000,
4,accepted,0.499,11.499,
9,accepted,0.501,8.498,
1,accepted,0.000,9.499,
19,accepted,0.000,9.499,
14,accepted,0.500,10.498,
17,accepted,0.999,14.501,
7,accepted,0.500,11.499,
30,accepted,0.501,10.500,
20,accepted,0.501,9.500,
13,accepted,0.499,11.499,
11,accepted,0.501,11.500,
16,accepted,0.499,8.499,
8,accepted,0.000,8.499,
31,accepted,0.000,10.998,
28,accepted,0.000,10.998,
0,accepted,0.000,10.998,
25,accepted,0.000,9.499,
21,accepted,0.000,9.499,
3,accepted,0.000,11.498,
26,accepted,0.499,11.498,
6,accepted,0.000,11.498,
15,accepted,0.500,12.499,
23,accepted,0.501,13.998,
10,accepted,0.500,9.501,
18,accepted,0.000,8.501,
2,accepted,0.000,11.001,
24,accepted,0.501,9.501,
27,accepted,0.502,10.501,
12,accepted,0.000,12.000,
22,accepted,0.501,8.502,
17,accepted,0.000,6.001,
4,accepted,1.000,9.500,
1,accepted,0.501,8.499,
9,accepted,0.499,10.001,
7,accepted,0.000,7.501,
29,accepted,1.000,11.500,
19,accepted,0.000,10.001,
14,accepted,0.499,10.001,
20,accepted,0.000,8.999,
5,accepted,0.499,12.001,
13,accepted,0.000,8.000,
31,accepted,0.500,7.001,
30,accepted,0.000,10.000,
16,accepted,0.501,9.999,
21,accepted,0.498,8.999,
8,accepted,0.000,9.999,
28,accepted,0.000,8.999,
25,accepted,0.000,8.999,
2,accepted,0.000,6.998,
15,accepted,0.502,10.000,
0,accepted,0.000,10.500,
11,accepted,0.500,11.500,
18,accepted,0.499,11.392,
24,accepted,0.498,11.392,
17,accepted,0.000,10.892,
4,accepted,1.002,11.001,
1,accepted,1.002,11.001,
10,accepted,0.000,12.499,
27,accepted,0.499,12.999,
12,accepted,0.000,13.001,
23,accepted,0.501,14.502,
3,accepted,0.501,15.502,
26,accepted,0.000,15.502,
6,accepted,0.000,15.502,
7,accepted,0.500,11.499,
9,accepted,0.502,12.000,
20,accepted,0.000,10.001,
22,accepted,1.000,13.999,
5,accepted,0.000,11.500,
19,accepted,0.000,11.999,
31,accepted,0.000,10.999,
14,accepted,0.000,12.501,
16,accepted,0.000,9.501,
13,accepted,0.000,12.000,
29,accepted,0.500,13.001,
30,accepted,0.000,11.500,
21,accepted,0.000,10.501,
28,accepted,0.000,10.501,
2,accepted,0.000,11.001,
11,accepted,0.000,10.499,
8,accepted,0.500,12.000,
15,accepted,0.000,10.999,
24,accepted,0.500,8.608,
0,accepted,0.000,12.000,
4,accepted,0.000,8.000,
1,accepted,0.000,8.000,
25,accepted,0.500,14.501,
17,accepted,0.999,10.107,
27,accepted,0.499,8.500,
18,accepted,1.499,10.608,
10,accepted,0.501,9.999,
12,accepted,0.501,8.997,
26,accepted,0.000,9.498,
3,accepted,0.000,9.498,
9,accepted,0.000,8.999,
5,accepted,0.000,9.001,
7,accepted,0.000,10.999,
20,accepted,0.000,10.999,
19,accepted,0.500,9.001,
22,accepted,0.500,10.500,
6,accepted,0.000,11.998,
23,accepted,0.499,11.998,
30,accepted,0.000,9.613,
14,accepted,0.500,9.613,
15,accepted,0.000,7.618,
28,accepted,0.000,9.619,
16,accepted,0.501,11.119,
13,accepted,0.000,11.119,
29,accepted,0.000,11.119,
31,accepted,0.000,11.620,
11,accepted,0.499,8.620,
21,accepted,0.500,11.119,
24,accepted,0.499,8.619,
8,accepted,0.000,12.118,
2,accepted,0.000,13.118,
3,accepted,0.000,8.118,
5,accepted,0.000,6.617,
0,accepted,0.000,10.618,
4,accepted,0.000,10.618,
1,accepted,0.500,11.118,
18,accepted,0.501,10.117,
25,accepted,1.501,10.618,
9,accepted,0.000,9.619,
12,accepted,0.000,10.120,
27,accepted,1.114,11.119,
15,accepted,0.000,6.999,
17,accepted,0.000,12.117,
10,accepted,1.000,11.118,
26,accepted,0.000,12.620,
22,accepted,0.499,11.118,
6,accepted,0.000,11.118,
19,accepted,0.499,12.618,
30,accepted,0.500,11.504,
20,accepted,0.000,12.618,
23,accepted,0.500,12.117,
7,accepted,0.500,12.618,
11,accepted,0.000,10.501,
13,accepted,0.000,12.999,
28,accepted,0.000,13.999,
4,accepted,0.999,10.500,
16,accepted,0.498,14.498,
9,accepted,0.502,9.999,
8,accepted,0.500,11.500,
3,accepted,0.999,11.500,
31,accepted,0.000,14.999,
5,accepted,0.000,11.500,
1,accepted,0.498,11.499,
24,accepted,0.000,14.498,
25,accepted,0.000,11.000,
29,accepted,0.000,15.498,
18,accepted,0.499,11.000,
21,accepted,0.498,14.498,
0,accepted,0.500,12.499,
6,accepted,0.502,7.502,
2,accepted,0.500,13.003,
14,accepted,0.000,18.504,
12,accepted,0.000,12.499,
27,accepted,0.000,12.499,
10,accepted,0.000,11.501,
22,accepted,0.501,9.500,
15,accepted,0.000,12.500,
17,accepted,0.500,12.500,
19,accepted,0.498,9.999,
26,accepted,0.000,12.498,
11,accepted,0.000,10.498,
23,accepted,0.500,11.000,
7,accepted,0.500,11.500,
20,accepted,0.500,11.500,
30,accepted,0.998,11.500,
9,accepted,0.500,7.500,
4,accepted,0.500,10.001,
13,accepted,1.497,11.502,
3,accepted,0.000,9.999,
16,accepted,0.000,10.500,
18,accepted,0.000,10.002,
28,accepted,1.000,12.001,
25,accepted,0.000,11.000,
0,accepted,0.000,10.500,
8,accepted,0.500,11.499,
31,accepted,0.500,11.499,
24,accepted,0.500,11.500,
6,accepted,0.500,10.497,
27,accepted,0.500,9.499,
10,accepted,0.500,9.499,
29,accepted,0.501,11.500,
12,accepted,0.500,9.499,
1,accepted,0.499,12.001,
14,accepted,0.000,11.502,
21,accepted,0.000,13.501,
2,accepted,1.000,12.498,
23,accepted,0.000,8.000,
5,accepted,0.499,14.000,
7,accepted,0.501,9.500,
22,accepted,0.500,13.000,
9,accepted,0.499,9.000,
11,accepted,0.000,11.000,
26,accepted,0.000,11.501,
20,accepted,0.501,10.500,
15,accepted,0.000,13.501,
19,accepted,0.500,12.500,
17,accepted,0.000,14.000,
30,accepted,0.498,12.499,
28,accepted,0.499,10.501,
3,accepted,0.502,11.501,
13,accepted,0.500,11.999,
4,accepted,0.000,12.500,
0,accepted,0.500,10.001,
21,accepted,0.500,8.501,
16,accepted,0.499,12.502,
27,accepted,0.000,10.502,
18,accepted,0.500,12.999,
25,accepted,0.499,12.000,
8,accepted,0.500,12.000,
24,accepted,0.000,12.501,
31,accepted,0.000,13.001,
29,accepted,0.000,13.001,
1,accepted,0.000,12.500,
14,accepted,0.500,11.998,
12,accepted,0.500,14.001,
10,accepted,0.000,14.001,
2,accepted,0.000,12.501,
5,accepted,0.501,12.501,
23,accepted,0.000,12.999,
15,accepted,1.000,9.999,
20,accepted,0.000,11.499,
6,accepted,0.000,16.500,
26,accepted,1.499,11.499,
7,accepted,0.000,12.499,
22,accepted,0.000,12.499,
9,accepted,0.000,13.499,
11,accepted,0.503,12.999,
30,accepted,0.500,11.000,
19,accepted,0.498,12.500,
28,accepted,0.500,8.997,
13,accepted,0.500,8.999,
17,accepted,0.498,14.002,
16,accepted,0.499,9.000,
4,accepted,0.000,10.000,
21,accepted,0.000,9.000,
27,accepted,0.000,9.499,
3,accepted,0.000,10.999,
0,accepted,0.000,11.499,
25,accepted,0.000,10.001,
18,accepted,0.501,10.500,
24,accepted,0.501,9.499,
1,accepted,0.000,10.500,
12,accepted,0.000,9.999,
8,accepted,0.000,13.001,
31,accepted,0.000,12.000,
14,accepted,0.500,11.001,
29,accepted,0.500,11.500,
10,accepted,0.000,11.001,
15,accepted,0.499,11.000,
6,accepted,0.000,9.500,
23,accepted,0.500,11.000,
5,accepted,0.000,13.000,
22,accepted,0.500,11.001,
2,accepted,0.000,13.000,
20,accepted,0.500,11.001,
9,accepted,0.501,9.501,
7,accepted,1.000,11.501,
19,accepted,0.500,10.500,
26,accepted,1.000,12.500,
11,accepted,0.999,11.000,
4,accepted,0.000,10.499,
13,accepted,0.000,11.500,
30,accepted,0.499,12.500,
18,accepted,0.501,9.000,
12,accepted,0.000,7.000,
25,accepted,0.000,9.999,
27,accepted,0.000,11.500,
0,accepted,0.499,11.000,
17,accepted,0.000,12.998,
21,accepted,0.000,12.998,
16,accepted,0.000,12.998,
28,accepted,0.500,14.500,
24,accepted,0.500,10.500,
3,accepted,0.000,12.000,
1,accepted,0.000,10.000,
8,accepted,0.000,10.000,
14,accepted,0.000,10.499,
31,accepted,0.000,10.999,
29,accepted,0.500,12.000,
6,accepted,1.000,11.000,
10,accepted,2.500,11.998,
15,accepted,0.000,11.504,
23,accepted,1.000,12.001,
7,accepted,1.500,11.999,
2,accepted,0.500,12.498,
19,accepted,1.000,13.718,
16,accepted,0.500,9.718,
5,accepted,1.000,14.716,
4,accepted,0.500,12.722,
9,accepted,0.000,15.221,
26,accepted,0.500,13.723,
11,accepted,0.000,14.223,
13,accepted,0.000,13.223,
25,accepted,0.000,11.723,
17,accepted,0.000,10.723,
20,accepted,0.000,15.722,
12,accepted,0.500,13.722,
22,accepted,0.500,17.221,
30,accepted,0.000,14.222,
18,accepted,0.499,13.722,
1,accepted,0.000,13.222,
21,accepted,0.000,14.723,
0,accepted,0.000,15.223,
8,accepted,0.496,13.221,
29,accepted,0.000,11.722,
3,accepted,0.499,16.221,
27,accepted,0.500,17.722,
25,accepted,0.000,6.000,
28,accepted,0.000,16.723,
31,accepted,0.000,14.222,
15,accepted,0.000,12.218,
14,accepted,0.000,14.722,
24,accepted,0.499,17.222,
6,accepted,0.000,12.722,
7,accepted,0.000,10.223,
10,accepted,1.218,13.223,
2,accepted,0.000,12.463,
23,accepted,0.501,14.463,
9,accepted,0.499,10.240,
17,accepted,0.500,10.239,
11,accepted,0.500,10.741,
22,accepted,0.499,9.241,
4,accepted,0.000,11.742,
13,accepted,0.000,11.740,
12,accepted,0.499,10.741,
18,accepted,0.499,11.241,
20,accepted,0.500,13.240,
16,accepted,0.500,14.245,
19,accepted,0.500,15.245,
8,accepted,0.000,10.240,
0,accepted,0.505,10.739,
26,accepted,0.000,15.240,
30,accepted,0.000,13.240,
21,accepted,0.736,10.739,
28,accepted,0.000,8.740,
3,accepted,0.499,9.241,
27,accepted,0.499,9.239,
5,accepted,0.500,16.244,
15,accepted,0.500,10.240,
29,accepted,0.500,11.740,
10,accepted,0.000,9.739,
1,accepted,0.000,13.240,
25,accepted,0.000,10.740,
31,accepted,0.500,10.240,
14,accepted,0.500,10.240,
2,accepted,0.000,9.000,
24,accepted,0.000,13.241,
6,accepted,0.000,13.241,
9,accepted,0.000,11.501,
23,accepted,0.000,12.000,
12,accepted,0.000,9.500,
4,accepted,0.000,10.498,
22,accepted,0.500,12.001,
7,accepted,0.000,15.741,
17,accepted,0.000,12.502,
13,accepted,0.499,11.500,
11,accepted,0.000,12.500,
5,accepted,1.001,8.001,
20,accepted,1.001,11.000,
30,accepted,0.501,10.000,
18,accepted,1.001,13.001,
21,accepted,0.000,12.501,
31,accepted,0.500,12.000,
16,accepted,0.500,15.499,
27,accepted,0.000,13.500,
8,accepted,0.500,14.000,
0,accepted,0.000,15.500,
9,accepted,0.000,9.499,
29,accepted,0.000,14.000,
1,accepted,0.000,14.000,
26,accepted,0.500,16.500,
23,accepted,0.501,9.999,
6,accepted,0.499,11.499,
28,accepted,0.499,17.000,
3,accepted,0.499,17.000,
19,accepted,0.500,17.500,
15,accepted,0.000,15.502,
2,accepted,0.000,14.001,
10,accepted,0.000,15.502,
14,accepted,0.000,15.502,
25,accepted,0.503,15.502,
24,accepted,0.000,13.000,
17,accepted,1.499,9.999,
13,accepted,1.000,10.000,
20,accepted,0.000,9.500,
22,accepted,0.499,11.498,
18,accepted,0.000,8.998,
12,accepted,0.000,13.000,
11,accepted,0.000,12.500,
7,accepted,0.499,12.999,
5,accepted,0.000,13.499,
4,accepted,0.500,15.000,
31,accepted,0.000,9.000,
21,accepted,0.000,10.499,
30,accepted,0.000,13.500,
16,accepted,0.501,10.001,
1,accepted,0.500,9.002,
26,accepted,0.500,8.501,
19,accepted,0.000,9.499,
28,accepted,0.502,9.499,
0,accepted,0.000,12.000,
2,accepted,0.499,10.499,
10,accepted,0.000,10.499,
6,accepted,0.000,11.501,
29,accepted,0.000,12.001,
23,accepted,0.500,11.501,
27,accepted,0.999,14.501,
3,accepted,0.502,11.500,
24,accepted,1.000,10.499,
25,accepted,0.000,10.999,
8,accepted,0.000,14.501,
9,accepted,0.000,12.501,
13,accepted,1.001,9.999,
15,accepted,0.499,10.999,
14,accepted,0.000,10.999,
20,accepted,1.500,9.500,
5,accepted,0.500,6.500,
12,accepted,0.499,8.500,
18,accepted,0.501,9.001,
4,accepted,0.000,7.500,
11,accepted,0.501,8.999,
22,accepted,1.000,10.500,
17,accepted,2.000,12.500,
7,accepted,0.500,10.500,
21,accepted,0.499,9.000,
1,accepted,0.500,8.000,
31,accepted,0.000,10.001,
26,accepted,0.500,8.499,
16,accepted,0.000,9.500,
30,accepted,0.000,10.500,
28,accepted,0.000,8.502,
19,accepted,0.499,8.502,
2,accepted,0.999,8.000,
0,accepted,0.000,9.500,
10,accepted,0.000,8.999,
6,accepted,0.999,10.002,
20,accepted,1.001,9.503,
13,accepted,0.000,10.000,
24,accepted,0.999,10.501,
9,accepted,0.999,10.501,
29,accepted,2.000,11.499,
25,accepted,0.999,11.000,
11,accepted,0.500,10.000,
22,accepted,0.000,10.000,
3,accepted,0.500,12.002,
14,accepted,1.001,12.002,
23,accepted,0.501,12.502,
12,accepted,0.000,12.002,
15,accepted,0.000,12.502,
8,accepted,0.500,13.500,
7,accepted,0.499,11.001,
5,accepted,0.000,14.001,
1,accepted,0.000,9.500,
17,accepted,0.501,12.000,
4,accepted,0.499,13.001,
26,accepted,0.000,9.001,
21,accepted,0.499,11.000,
31,accepted,0.000,9.999,
27,accepted,0.499,15.001,
30,accepted,0.500,9.501,
19,accepted,0.501,8.998,
28,accepted,0.501,8.998,
18,accepted,0.500,15.501,
2,accepted,0.000,8.501,
16,accepted,0.000,11.858,
0,accepted,0.000,8.358,
10,accepted,0.502,11.001,
29,accepted,0.501,11.502,
13,accepted,0.999,13.000,
20,accepted,0.000,13.998,
24,accepted,1.002,13.500,
14,accepted,0.501,12.998,
12,accepted,0.000,12.998,
6,accepted,0.499,15.997,
25,accepted,1.500,14.500,
31,accepted,0.000,12.000,
4,accepted,0.000,12.999,
5,accepted,0.000,12.999,
26,accepted,0.000,12.999,
22,accepted,0.501,15.500,
15,accepted,0.000,14.999,
9,accepted,1.000,17.000,
27,accepted,0.000,12.499,
23,accepted,0.000,15.498,
21,accepted,0.000,13.001,
1,accepted,0.501,13.499,
19,accepted,0.499,12.500,
0,accepted,0.000,11.142,
7,accepted,0.500,13.999,
16,accepted,0.000,11.142,
30,accepted,0.500,12.999,
17,accepted,0.000,14.999,
28,accepted,0.000,13.500,
11,accepted,0.499,17.500,
3,accepted,0.501,16.998,
18,accepted,0.000,13.501,
8,accepted,0.000,16.001,
2,accepted,0.999,14.999,
10,accepted,1.000,12.000,
24,accepted,0.000,7.500,
20,accepted,0.500,8.999,
29,accepted,0.499,10.999,
12,accepted,0.000,9.501,
22,accepted,0.000,8.003,
14,accepted,0.500,10.004,
13,accepted,0.000,12.003,
7,accepted,0.000,8.501,
6,accepted,0.000,11.001,
4,accepted,0.501,9.501,
15,accepted,0.501,9.000,
9,accepted,0.501,9.000,
25,accepted,0.000,11.001,
11,accepted,0.000,7.501,
19,accepted,0.000,9.329,
1,accepted,0.000,9.828,
0,accepted,0.000,9.329,
31,accepted,0.000,11.500,
5,accepted,0.498,11.001,
27,accepted,0.000,10.500,
30,accepted,0.000,10.001,
26,accepted,0.498,11.001,
16,accepted,0.501,10.501,
21,accepted,0.000,11.000,
23,accepted,0.000,12.000,
18,accepted,0.501,9.999,
17,accepted,0.500,11.001,
10,accepted,1.000,9.000,
2,accepted,0.000,9.501,
24,accepted,1.501,9.499,
8,accepted,1.000,12.999,
29,accepted,0.500,9.000,
20,accepted,0.497,10.500,
28,accepted,1.000,14.000,
22,accepted,0.000,7.997,
3,accepted,0.500,14.000,
13,accepted,0.497,8.497,
4,accepted,0.000,7.000,
12,accepted,0.000,9.999,
7,accepted,0.000,8.499,
14,accepted,0.000,9.997,
6,accepted,0.000,9.999,
11,accepted,0.000,9.999,
5,accepted,0.000,8.999,
9,accepted,0.000,10.499,
1,accepted,0.000,11.672,
30,accepted,0.000,11.000,
19,accepted,0.000,11.672,
18,accepted,0.500,9.500,
25,accepted,0.500,12.500,
27,accepted,0.501,11.000,
31,accepted,0.501,11.000,
10,accepted,0.500,8.999,
15,accepted,0.000,13.499,
26,accepted,0.500,12.000,
3,accepted,0.000,8.500,
21,accepted,1.000,13.000,
8,accepted,0.500,8.999,
23,accepted,0.000,12.000,
0,accepted,0.500,14.171,
17,accepted,1.499,11.499,
2,accepted,0.000,12.999,
12,accepted,0.000,9.502,
28,accepted,0.000,12.500,
24,accepted,0.000,14.499,
16,accepted,1.500,17.502,
7,accepted,0.000,11.501,
22,accepted,0.500,13.501,
29,accepted,0.000,14.001,
4,accepted,0.000,13.001,
20,accepted,0.500,13.501,
13,accepted,0.500,13.501,
6,accepted,0.000,10.501,
14,accepted,0.499,12.002,
30,accepted,0.000,9.002,
11,accepted,0.499,11.502,
9,accepted,0.000,11.501,
5,accepted,0.501,11.501,
18,accepted,1.175,10.001,
19,accepted,0.000,10.001,
27,accepted,0.499,10.001,
31,accepted,1.000,10.999,
12,accepted,0.500,5.998,
25,accepted,1.002,11.500,
10,accepted,1.000,11.001,
15,accepted,0.501,11.501,
3,accepted,0.501,10.501,
1,accepted,2.002,13.501,
23,accepted,0.000,11.001,
21,accepted,0.503,11.500,
16,accepted,0.000,6.998,
26,accepted,0.498,13.000,
17,accepted,0.499,12.000,
2,accepted,0.000,10.000,
8,accepted,0.000,12.000,
20,accepted,0.000,7.999,
7,accepted,0.000,7.999,
0,accepted,0.503,13.000,
22,accepted,0.000,8.500,
18,accepted,0.500,6.000,
24,accepted,0.498,10.000,
28,accepted,0.000,10.000,
13,accepted,0.499,8.499,
6,accepted,0.500,9.499,
11,accepted,0.000,8.498,
27,accepted,0.500,8.499,
4,accepted,0.499,10.999,
29,accepted,0.000,11.999,
19,accepted,0.000,9.499,
14,accepted,0.000,12.499,
9,accepted,0.500,11.000,
10,accepted,1.000,9.000,
12,accepted,0.501,10.000,
25,accepted,1.000,10.000,
8,accepted,0.000,7.001,
3,accepted,1.000,8.500,
5,accepted,0.501,12.000,
31,accepted,0.499,10.501,
30,accepted,0.000,12.498,
15,accepted,0.501,9.000,
1,accepted,0.000,8.998,
23,accepted,0.501,9.498,
21,accepted,0.000,9.500,
26,accepted,0.498,10.000,
20,accepted,0.498,9.000,
16,accepted,0.000,11.000,
0,accepted,0.000,10.000,
13,accepted,0.000,9.000,
7,accepted,0.500,10.000,
4,accepted,0.000,7.000,
28,accepted,0.500,9.000,
17,accepted,0.500,11.501,
2,accepted,0.500,11.501,
22,accepted,0.500,10.000,
14,accepted,0.499,6.000,
18,accepted,0.500,11.500,
11,accepted,0.500,10.500,
6,accepted,0.500,10.500,
9,accepted,0.000,9.044,
10,accepted,0.500,9.044,
19,accepted,0.499,10.045,
29,accepted,0.500,10.549,
27,accepted,0.500,12.049,
24,accepted,0.000,14.049,
21,accepted,0.499,7.577,
12,accepted,0.000,10.077,
31,accepted,1.000,10.081,
15,accepted,1.000,10.081,
8,accepted,1.501,10.081,
25,accepted,1.500,10.081,
3,accepted,1.000,10.581,
30,accepted,1.000,10.581,
5,accepted,1.000,11.081,
0,accepted,0.000,10.582,
20,accepted,0.000,11.581,
4,accepted,0.000,10.582,
1,accepted,0.000,14.081,
23,accepted,0.000,13.581,
7,accepted,0.501,11.582,
17,accepted,0.000,11.581,
2,accepted,0.544,11.581,
16,accepted,0.000,13.083,
13,accepted,0.500,12.584,
14,accepted,0.000,11.584,
26,accepted,0.499,14.083,
28,accepted,0.000,12.584,
6,accepted,0.000,10.083,
18,accepted,0.000,12.080,
10,accepted,1.500,10.037,
15,accepted,0.998,8.999,
9,accepted,0.000,11.036,
11,accepted,0.528,12.580,
5,accepted,0.000,9.501,
19,accepted,0.000,12.538,
31,accepted,0.000,10.501,
22,accepted,0.500,16.581,
1,accepted,0.500,7.502,
30,accepted,0.000,12.500,
29,accepted,0.500,14.533,
27,accepted,1.000,14.033,
12,accepted,1.001,13.505,
16,accepted,0.000,6.498,
3,accepted,0.000,12.999,
8,accepted,0.000,13.500,
24,accepted,0.500,14.532,
25,accepted,0.000,13.500,
15,accepted,0.000,5.001,
0,accepted,0.499,9.500,
23,accepted,0.500,9.501,
21,accepted,0.000,16.505,
4,accepted,0.500,12.001,
17,accepted,0.000,10.500,
13,accepted,0.500,9.998,
7,accepted,0.000,12.000,
9,accepted,0.000,8.502,
6,accepted,0.000,10.999,
11,accepted,0.500,8.502,
14,accepted,0.000,11.498,
20,accepted,0.000,13.500,
2,accepted,0.000,11.999,
26,accepted,0.000,12.998,
28,accepted,0.000,12.998,
5,accepted,0.499,8.999,
1,accepted,0.499,8.499,
10,accepted,0.000,13.001,
18,accepted,0.499,13.501,
27,accepted,0.000,8.500,
31,accepted,0.501,11.000,
19,accepted,0.501,11.000,
16,accepted,0.000,9.999,
22,accepted,0.000,12.000,
30,accepted,0.000,10.500,
8,accepted,0.000,10.001,
29,accepted,0.000,11.000,
24,accepted,0.000,10.501,
3,accepted,0.000,11.001,
0,accepted,0.000,10.500,
15,accepted,0.000,10.500,
23,accepted,0.000,11.499,
7,accepted,0.500,8.498,
4,accepted,0.000,9.499,
2,accepted,0.000,8.000,
25,accepted,0.000,12.500,
12,accepted,0.000,13.500,
6,accepted,0.500,8.999,
14,accepted,0.500,10.001,
13,accepted,0.501,11.500,
20,accepted,0.500,10.001,
21,accepted,0.500,12.000,
17,accepted,0.000,11.500,
9,accepted,0.000,11.499,
11,accepted,0.000,11.499,
28,accepted,0.499,10.001,
26,accepted,0.500,10.500,
27,accepted,0.000,8.499,
1,accepted,1.000,9.499,
19,accepted,0.500,9.501,
31,accepted,0.000,9.501,
8,accepted,0.499,7.501,
5,accepted,1.000,11.501,
30,accepted,0.000,9.001,
10,accepted,1.000,12.500,
22,accepted,0.000,10.501,
18,accepted,0.500,12.000,
16,accepted,0.000,11.001,
2,accepted,0.502,9.502,
29,accepted,0.000,11.501,
7,accepted,0.502,10.001,
12,accepted,0.499,11.500,
3,accepted,0.000,13.500,
21,accepted,1.499,10.000,
0,accepted,0.000,14.501,
15,accepted,0.500,14.501,
4,accepted,0.502,13.002,
23,accepted,1.002,14.001,
6,accepted,0.499,13.500,
17,accepted,1.499,12.000,
24,accepted,0.500,16.000,
9,accepted,0.000,11.001,
28,accepted,0.999,10.499,
11,accepted,0.499,11.500,
14,accepted,0.502,12.499,
27,accepted,0.000,11.000,
26,accepted,0.999,11.499,
13,accepted,0.000,13.499,
25,accepted,0.499,16.000,
20,accepted,0.000,14.500,
31,accepted,0.000,11.999,
18,accepted,0.000,9.500,
1,accepted,0.000,12.501,
5,accepted,0.000,11.999,
10,accepted,0.000,9.500,
19,accepted,0.000,11.999,
29,accepted,0.000,8.999,
2,accepted,0.501,8.999,
16,accepted,0.000,11.503,
8,accepted,0.500,14.502,
22,accepted,0.500,12.002,
30,accepted,0.499,13.002,
21,accepted,0.500,8.502,
3,accepted,0.000,9.000,
4,accepted,0.500,7.998,
7,accepted,0.000,11.499,
15,accepted,0.000,8.499,
12,accepted,0.500,9.500,
11,accepted,1.000,8.500,
23,accepted,0.000,8.999,
9,accepted,1.000,9.502,
26,accepted,0.500,8.004,
28,accepted,1.000,10.000,
0,accepted,1.500,11.500,
17,accepted,1.000,10.501,
25,accepted,0.000,8.502,
6,accepted,1.000,10.999,
14,accepted,0.500,10.500,
18,accepted,0.502,8.000,
24,accepted,1.500,11.999,
13,accepted,0.000,10.500,
10,accepted,0.497,8.999,
20,accepted,0.000,9.499,
31,accepted,0.000,9.499,
1,accepted,0.000,10.000,
8,accepted,0.000,7.497,
5,accepted,0.497,10.000,
27,accepted,0.000,12.501,
2,accepted,0.500,10.999,
22,accepted,0.503,9.997,
16,accepted,0.000,9.997,
21,accepted,0.000,8.998,
3,accepted,0.000,8.500,
30,accepted,0.497,9.997,
19,accepted,0.497,13.999,
12,accepted,0.000,9.500,
9,accepted,0.000,7.497,
29,accepted,0.000,12.998,
15,accepted,0.000,10.999,
11,accepted,0.000,10.000,
4,accepted,0.000,12.000,
7,accepted,0.498,12.000,
25,accepted,0.000,11.499,
26,accepted,1.001,12.497,
13,accepted,0.000,10.001,
31,accepted,0.000,9.500,
17,accepted,0.000,11.499,
0,accepted,0.000,11.499,
28,accepted,0.501,11.999,
20,accepted,0.499,10.001,
23,accepted,0.000,14.000,
6,accepted,0.500,12.501,
24,accepted,0.000,11.501,
18,accepted,0.000,14.001,
14,accepted,0.499,14.001,
1,accepted,0.499,13.000,
22,accepted,0.000,10.500,
10,accepted,0.000,14.001,
2,accepted,0.000,11.001,
30,accepted,0.000,11.500,
5,accepted,0.000,14.499,
12,accepted,0.000,11.000,
8,accepted,0.499,14.999,
29,accepted,0.000,11.002,
9,accepted,0.000,12.001,
19,accepted,0.000,12.001,
16,accepted,0.000,13.500,
21,accepted,0.500,13.500,
27,accepted,0.000,15.999,
3,accepted,0.500,14.000,
11,accepted,1.501,10.501,
17,accepted,0.000,7.500,
15,accepted,1.001,12.501,
7,accepted,1.001,12.000,
26,accepted,0.000,9.500,
25,accepted,0.000,10.500,
20,accepted,0.499,11.000,
13,accepted,0.501,11.000,
28,accepted,0.000,11.000,
23,accepted,0.000,10.000,
31,accepted,0.000,11.000,
4,accepted,0.500,13.500,
24,accepted,0.000,10.000,
22,accepted,0.499,8.000,
0,accepted,0.000,12.000,
6,accepted,0.000,10.499,
10,accepted,0.000,8.499,
14,accepted,0.000,9.499,
2,accepted,0.000,8.500,
1,accepted,0.000,9.501,
18,accepted,0.501,10.501,
8,accepted,0.500,7.501,
30,accepted,0.000,9.000,
29,accepted,0.000,8.499,
12,accepted,0.000,10.002,
5,accepted,0.500,10.502,
9,accepted,0.000,9.001,
16,accepted,0.000,9.999,
19,accepted,0.000,9.999,
11,accepted,1.000,9.499,
21,accepted,0.999,10.500,
17,accepted,1.000,10.000,
27,accepted,1.000,10.500,
3,accepted,1.000,10.999,
25,accepted,0.500,8.000,
15,accepted,0.501,9.499,
26,accepted,0.000,9.500,
7,accepted,0.000,10.500,
31,accepted,0.000,9.001,
20,accepted,0.500,9.001,
24,accepted,0.000,9.000,
28,accepted,0.500,9.501,
13,accepted,0.499,9.501,
4,accepted,0.499,9.501,
23,accepted,0.000,10.001,
18,accepted,0.500,8.501,
6,accepted,0.000,10.002,
22,accepted,0.500,11.000,
0,accepted,0.499,11.000,
1,accepted,0.500,9.499,
10,accepted,0.000,11.000,
2,accepted,0.000,10.499,
14,accepted,0.000,11.000,
30,accepted,0.500,9.500,
21,accepted,0.500,7.001,
8,accepted,0.000,11.000,
5,accepted,0.499,8.500,
12,accepted,0.000,8.999,
29,accepted,0.499,10.500,
9,accepted,0.000,9.498,
3,accepted,1.001,8.501,
16,accepted,1.502,10.001,
13,accepted,0.500,7.500,
19,accepted,1.002,11.001,
17,accepted,1.002,10.500,
31,accepted,0.000,9.000,
7,accepted,0.000,9.000,
4,accepted,0.500,8.499,
11,accepted,1.001,13.001,
15,accepted,0.500,11.501,
27,accepted,1.499,12.501,
28,accepted,0.000,10.000,
20,accepted,0.000,11.000,
1,accepted,0.000,8.502,
6,accepted,0.499,9.501,
23,accepted,0.000,11.000,
18,accepted,0.501,9.999,
0,accepted,0.000,9.002,
26,accepted,0.500,14.000,
24,accepted,0.000,12.500,
10,accepted,0.501,10.001,
25,accepted,0.998,15.002,
30,accepted,0.000,10.001,
14,accepted,0.501,10.001,
21,accepted,0.499,9.000,
9,accepted,0.000,8.502,
8,accepted,0.000,9.500,
3,accepted,0.000,7.001,
22,accepted,0.000,11.500,
5,accepted,0.000,11.498,
2,accepted,0.499,12.500,
12,accepted,0.000,11.000,
16,accepted,0.000,11.000,
7,accepted,0.499,9.001,
13,accepted,0.000,11.000,
29,accepted,0.000,13.501,
19,accepted,1.000,12.001,
11,accepted,0.499,11.500,
17,accepted,0.499,13.500,
15,accepted,0.000,13.001,
1,accepted,0.000,11.499,
25,accepted,0.000,9.998,
20,accepted,0.000,12.499,
23,accepted,0.000,11.998,
21,accepted,0.000,10.498,
6,accepted,0.000,12.498,
27,accepted,0.000,13.499,
28,accepted,0.000,13.499,
30,accepted,0.000,10.498,
4,accepted,0.000,15.000,
31,accepted,0.000,15.000,
16,accepted,0.000,5.999,
0,accepted,0.000,11.998,
8,accepted,0.000,10.998,
9,accepted,0.500,10.998,
18,accepted,0.500,12.999,
3,accepted,0.000,11.498,
13,accepted,0.500,6.499,
24,accepted,0.501,12.999,
26,accepted,0.501,12.999,
22,accepted,0.501,13.501,
10,accepted,0.000,14.499,
12,accepted,1.000,13.001,
2,accepted,0.501,13.001,
7,accepted,1.000,10.999,
14,accepted,0.000,15.999,
5,accepted,1.000,13.501,
29,accepted,0.000,10.500,
19,accepted,0.000,9.499,
17,accepted,0.000,9.499,
1,accepted,0.500,8.999,
11,accepted,0.000,10.999,
30,accepted,0.000,9.001,
6,accepted,0.501,9.501,
4,accepted,0.000,10.001,
23,accepted,0.000,10.001,
31,accepted,0.000,10.001,
27,accepted,0.501,11.000,
9,accepted,0.000,10.000,
15,accepted,0.000,11.998,
21,accepted,0.000,11.000,
28,accepted,0.000,11.000,
8,accepted,0.000,10.000,
25,accepted,0.000,11.500,
18,accepted,0.000,10.000,
20,accepted,0.000,11.500,
0,accepted,0.000,12.500,
13,accepted,0.000,11.000,
16,accepted,0.500,12.500,
24,accepted,1.000,10.501,
3,accepted,0.000,11.000,
10,accepted,0.499,10.000,
26,accepted,1.001,12.001,
2,accepted,0.499,9.001,
22,accepted,1.501,10.499,
5,accepted,0.500,9.500,
12,accepted,0.499,10.000,
19,accepted,0.000,9.500,
7,accepted,0.499,10.500,
17,accepted,0.000,8.500,
14,accepted,0.999,10.500,
29,accepted,0.000,12.001,
23,accepted,0.500,8.000,
6,accepted,0.000,8.499,
27,accepted,0.000,7.502,
31,accepted,0.000,9.000,
11,accepted,0.000,10.501,
25,accepted,0.501,9.367,
30,accepted,0.000,11.367,
1,accepted,0.000,12.367,
8,accepted,0.000,9.367,
28,accepted,0.501,9.367,
4,accepted,0.500,10.870,
18,accepted,0.501,9.871,
21,accepted,0.000,9.871,
9,accepted,0.000,9.871,
15,accepted,0.500,9.871,
3,accepted,0.500,9.371,
20,accepted,0.000,10.871,
13,accepted,0.000,9.871,
10,accepted,1.001,8.370,
19,accepted,0.499,7.873,
0,accepted,1.502,10.873,
26,accepted,1.000,9.870,
24,accepted,1.000,11.871,
7,accepted,0.501,9.372,
12,accepted,0.501,12.871,
16,accepted,1.502,16.371,
14,accepted,0.000,12.871,
2,accepted,1.000,15.371,
22,accepted,1.001,14.872,
4,accepted,0.000,9.999,
5,accepted,1.001,15.870,
27,accepted,0.000,12.869,
30,accepted,0.000,11.004,
29,accepted,0.000,13.870,
17,accepted,0.000,15.871,
23,accepted,0.000,13.371,
3,accepted,0.499,9.999,
21,accepted,0.000,10.999,
9,accepted,0.000,10.999,
1,accepted,0.000,11.503,
18,accepted,0.000,10.999,
8,accepted,0.500,11.503,
28,accepted,0.000,11.503,
11,accepted,0.000,12.870,
6,accepted,0.000,14.371,
24,accepted,0.500,8.000,
25,accepted,0.000,12.004,
15,accepted,0.000,11.500,
31,accepted,0.000,13.371,
0,accepted,0.500,9.499,
20,accepted,0.500,11.500,
7,accepted,0.000,8.498,
10,accepted,1.000,12.000,
13,accepted,1.001,14.000,
26,accepted,0.000,13.000,
19,accepted,0.499,13.998,
14,accepted,0.499,8.501,
12,accepted,0.000,9.501,
4,accepted,0.499,7.001,
5,accepted,0.000,8.501,
2,accepted,0.000,9.999,
16,accepted,0.500,11.001,
30,accepted,0.000,8.501,
22,accepted,0.000,10.500,
6,accepted,0.500,8.000,
27,accepted,0.000,9.000,
17,accepted,0.500,11.000,
23,accepted,0.500,11.000,
24,accepted,0.000,11.500,
0,accepted,0.000,10.999,
1,accepted,2.003,12.501,
28,accepted,1.502,12.501,
26,accepted,0.498,7.999,
12,accepted,0.500,7.498,
7,accepted,1.002,11.499,
29,accepted,0.500,13.499,
25,accepted,0.500,13.500,
3,accepted,0.000,14.001,
9,accepted,0.000,14.001,
31,accepted,0.000,13.500,
15,accepted,0.500,13.500,
20,accepted,1.002,12.501,
21,accepted,1.002,14.001,
13,accepted,0.000,10.000,
10,accepted,1.001,12.000,
19,accepted,0.500,9.499,
11,accepted,1.001,14.501,
18,accepted,2.003,14.501,
8,accepted,1.502,14.501,
14,accepted,0.000,8.999,
4,accepted,0.000,8.499,
6,accepted,0.000,7.500,
22,accepted,0.000,8.000,
5,accepted,0.000,8.500,
2,accepted,0.000,9.000,
16,accepted,0.000,8.500,
30,accepted,0.000,9.499,
17,accepted,0.000,8.500,
23,accepted,0.000,10.000,
27,accepted,0.000,12.500,
28,accepted,0.500,8.499,
24,accepted,0.500,10.000,
7,accepted,0.500,9.000,
0,accepted,1.000,10.581,
31,accepted,0.000,8.581,
12,accepted,1.000,10.085,
26,accepted,0.500,10.085,
8,accepted,0.000,10.585,
21,accepted,0.499,11.927,
19,accepted,0.000,11.427,
13,accepted,0.500,11.427,
5,accepted,0.499,10.584,
9,accepted,0.000,12.584,
20,accepted,0.000,13.585,
10,accepted,0.000,13.085,
25,accepted,0.501,13.585,
15,accepted,0.000,13.585,
1,accepted,1.000,15.084,
6,accepted,0.000,11.585,
14,accepted,0.000,14.085,
2,accepted,0.499,12.584,
7,accepted,0.000,7.085,
3,accepted,0.000,15.084,
29,accepted,0.000,16.085,
16,accepted,0.000,12.584,
22,accepted,0.000,13.586,
11,accepted,0.500,15.087,
4,accepted,0.500,16.085,
30,accepted,0.500,13.086,
17,accepted,0.581,12.086,
23,accepted,0.500,10.586,
18,accepted,0.000,16.586,
28,accepted,0.000,12.085,
27,accepted,0.501,12.085,
31,accepted,0.000,11.003,
24,accepted,0.000,11.585,
21,accepted,0.000,8.662,
12,accepted,0.000,12.500,
0,accepted,0.500,13.504,
8,accepted,0.000,11.501,
26,accepted,0.000,14.501,
10,accepted,0.501,10.001,
22,accepted,0.000,7.999,
6,accepted,0.000,10.501,
5,accepted,0.501,11.502,
15,accepted,0.499,10.501,
19,accepted,0.000,12.160,
9,accepted,0.000,11.502,
3,accepted,0.000,9.501,
29,accepted,0.501,9.501,
20,accepted,0.000,11.001,
30,accepted,0.000,9.000,
14,accepted,0.499,12.499,
23,accepted,0.996,9.998,
4,accepted,0.000,10.499,
11,accepted,0.000,11.497,
13,accepted,0.501,15.157,
1,accepted,0.000,13.499,
2,accepted,0.000,11.999,
25,accepted,0.000,13.499,
7,accepted,0.503,12.500,
16,accepted,0.503,12.998,
24,accepted,0.501,9.001,
28,accepted,0.500,9.500,
27,accepted,0.000,9.500,
31,accepted,0.000,9.500,
10,accepted,0.501,6.499,
17,accepted,0.500,12.998,
21,accepted,0.000,9.496,
18,accepted,1.496,13.498,
12,accepted,0.000,9.000,
8,accepted,0.501,9.001,
0,accepted,0.499,11.001,
5,accepted,0.499,9.498,
6,accepted,0.000,10.001,
26,accepted,0.499,10.502,
9,accepted,0.000,10.999,
19,accepted,0.000,10.999,
29,accepted,0.499,11.002,
22,accepted,0.499,13.174,
3,accepted,0.499,12.174,
10,accepted,0.000,6.675,
7,accepted,2.000,10.179,
11,accepted,0.000,10.680,
14,accepted,0.000,10.680,
30,accepted,0.000,12.178,
23,accepted,0.498,10.680,
15,accepted,0.000,13.677,
20,accepted,0.499,13.679,
25,accepted,0.000,11.181,
4,accepted,1.002,11.181,
16,accepted,0.999,9.680,
24,accepted,0.498,10.179,
28,accepted,0.000,10.679,
31,accepted,0.000,10.180,
2,accepted,0.999,12.180,
13,accepted,1.002,12.180,
27,accepted,0.000,10.679,
1,accepted,0.498,12.180,
17,accepted,0.000,11.180,
21,accepted,0.499,11.180,
18,accepted,0.000,13.180,
0,accepted,0.000,11.679,
5,accepted,0.000,11.180,
12,accepted,0.000,14.180,
8,accepted,0.000,13.178,
9,accepted,0.000,11.679,
6,accepted,0.000,13.177,
19,accepted,0.501,12.679,
26,accepted,0.500,14.179,
29,accepted,0.000,12.679,
31,accepted,0.499,9.002,
11,accepted,0.000,10.502,
15,accepted,0.000,12.000,
13,accepted,0.500,10.500,
24,accepted,0.498,11.499,
4,accepted,0.500,11.998,
22,accepted,0.000,13.503,
3,accepted,1.000,15.504,
17,accepted,0.000,10.999,
5,accepted,0.500,7.499,
28,accepted,0.498,13.500,
10,accepted,0.000,16.004,
16,accepted,0.000,14.499,
1,accepted,0.000,13.500,
14,accepted,0.000,15.000,
25,accepted,0.500,15.000,
7,accepted,0.000,15.501,
2,accepted,0.000,14.001,
30,accepted,0.500,15.501,
21,accepted,0.498,12.000,
20,accepted,0.501,15.000,
23,accepted,0.501,15.501,
12,accepted,0.000,8.999,
18,accepted,0.000,10.000,
27,accepted,0.500,15.000,
8,accepted,0.501,9.499,
0,accepted,0.501,10.001,
6,accepted,0.499,8.000,
19,accepted,0.500,9.500,
9,accepted,0.000,10.501,
26,accepted,1.000,9.498,
11,accepted,0.000,9.498,
29,accepted,1.000,9.998,
31,accepted,1.000,9.998,
15,accepted,0.000,8.501,
13,accepted,0.000,9.000,
17,accepted,0.000,6.501,
4,accepted,1.000,8.501,
3,accepted,0.501,7.500,
16,accepted,0.000,6.999,
22,accepted,0.500,10.502,
5,accepted,0.499,9.001,
10,accepted,0.500,9.001,
24,accepted,0.499,11.502,
14,accepted,0.500,9.001,
1,accepted,0.000,9.500,
7,accepted,0.000,9.000,
28,accepted,0.500,9.500,
30,accepted,0.000,9.000,
0,accepted,0.000,7.999,
25,accepted,0.501,10.001,
12,accepted,0.501,9.501,
20,accepted,0.499,10.501,
21,accepted,0.501,11.001,
2,accepted,0.000,11.500,
27,accepted,0.501,10.501,
23,accepted,0.501,12.001,
8,accepted,0.501,11.501,
18,accepted,0.501,12.000,
9,accepted,0.000,9.000,
26,accepted,0.000,9.002,
19,accepted,0.499,9.501,
6,accepted,0.000,11.501,
11,accepted,0.000,10.000,
29,accepted,0.499,9.499,
31,accepted,0.499,9.499,
15,accepted,0.499,10.001,
4,accepted,0.000,9.999,
17,accepted,0.500,9.999,
22,accepted,0.000,8.498,
13,accepted,0.000,10.500,
16,accepted,0.501,10.502,
5,accepted,0.499,12.000,
3,accepted,0.000,14.002,
28,accepted,0.000,11.999,
24,accepted,0.501,12.499,
10,accepted,0.000,12.499,
1,accepted,0.501,11.999,
21,accepted,0.000,11.498,
14,accepted,0.000,13.999,
18,accepted,0.000,9.999,
7,accepted,0.000,13.499,
12,accepted,0.499,13.003,
25,accepted,0.499,13.003,
0,accepted,0.000,14.001,
26,accepted,0.500,10.500,
6,accepted,0.000,10.500,
20,accepted,0.000,13.500,
30,accepted,0.500,15.001,
2,accepted,0.000,12.501,
9,accepted,0.000,12.000,
27,accepted,0.000,13.500,
19,accepted,0.000,11.499,
23,accepted,0.498,12.999,
8,accepted,0.498,12.500,
29,accepted,0.000,11.001,
15,accepted,0.000,10.499,
31,accepted,0.499,11.500,
11,accepted,0.499,12.002,
17,accepted,0.000,11.002,
13,accepted,0.500,18.000,
22,accepted,0.500,18.000,
28,accepted,0.000,15.176,
16,accepted,0.000,19.175,
4,accepted,0.000,20.677,
5,accepted,0.000,16.176,
3,accepted,0.000,34.193,
10,accepted,0.000,64.385,
21,accepted,0.000,62.885,
1,accepted,0.000,65.041,
12,accepted,0.000,63.037,
18,accepted,0.000,63.541,
24,accepted,0.500,65.041,
14,accepted,0.499,63.541,
7,accepted,0.000,63.541,
25,accepted,0.000,72.268,
0,accepted,0.000,71.771,
6,accepted,0.000,93.206,
27,accepted,0.000,92.207,
26,accepted,0.000,93.206,
30,accepted,0.000,98.826,
20,accepted,0.000,104.694,
19,accepted,0.000,103.695,
8,accepted,0.000,103.695,
2,accepted,0.000,104.694,
23,accepted,0.000,103.695,
29,accepted,0.499,104.337,
9,accepted,0.000,104.837,
11,accepted,0.000,103.337,
15,accepted,0.000,104.337,
31,accepted,1.005,115.847,
17,accepted,0.000,115.345,
16,accepted,0.000,139.095,
13,accepted,0.000,141.271,
28,accepted,0.000,139.095,
22,accepted,0.000,141.271,
4,accepted,0.500,139.095,
5,accepted,0.000,145.068,
3,accepted,0.000,136.227,
27,accepted,0.000,101.270,
0,accepted,0.000,125.172,
10,accepted,1.143,140.558,
18,accepted,0.500,147.311,
19,accepted,0.568,105.763,
24,accepted,0.500,148.417,
14,accepted,0.499,148.417,
25,accepted,0.501,139.186,
6,accepted,0.000,117.250,
12,accepted,0.501,149.917,
7,accepted,0.499,149.917,
21,accepted,0.501,150.573,
26,accepted,0.499,118.751,
1,accepted,0.501,149.917,
8,accepted,0.616,118.226,
23,accepted,0.000,135.758,
20,accepted,0.616,135.758,
2,accepted,0.000,135.758,
30,accepted,0.616,141.626,
9,accepted,0.000,136.170,
31,accepted,0.000,124.162,
15,accepted,0.503,136.170,
11,accepted,0.000,136.170,
17,accepted,0.000,124.665,
16,accepted,0.000,115.280,
29,accepted,0.000,160.714,
13,accepted,0.000,126.305,
4,accepted,0.000,126.305,
28,accepted,0.505,130.317,
22,accepted,0.000,131.320,
5,accepted,0.500,129.356,
3,accepted,1.004,136.610,
27,accepted,0.000,130.083,
18,accepted,0.000,125.193,
14,accepted,1.003,124.088,
10,accepted,0.500,132.602,
0,accepted,0.000,138.102,
21,accepted,0.000,122.587,
8,accepted,0.500,138.283,
1,accepted,1.003,151.763,
12,accepted,0.000,151.763,
7,accepted,0.000,151.763,
26,accepted,0.000,151.763,
24,accepted,0.000,153.264,
20,accepted,0.000,123.269,
25,accepted,0.000,153.264,
19,accepted,0.500,153.264,
6,accepted,0.000,153.264,
31,accepted,0.000,122.214,
23,accepted,0.000,140.363,
30,accepted,0.000,144.268,
2,accepted,0.500,144.268,
9,accepted,0.000,142.712,
15,accepted,1.001,142.712,
17,accepted,0.501,142.810,
11,accepted,0.500,143.314,
16,accepted,0.000,126.729,
29,accepted,0.000,141.784,
5,accepted,0.000,121.735,
4,accepted,0.000,131.763,
13,accepted,0.504,140.151,
28,accepted,0.504,137.272,
22,accepted,0.000,146.594,
3,accepted,1.508,125.655,
27,accepted,0.000,138.729,
18,accepted,0.000,128.744,
14,accepted,0.000,140.843,
21,accepted,0.000,140.843,
0,accepted,0.000,143.782,
7,accepted,1.546,114.606,
10,accepted,0.601,146.349,
12,accepted,0.000,119.673,
8,accepted,1.546,122.190,
19,accepted,0.000,119.673,
1,accepted,1.546,119.673,
26,accepted,0.000,119.673,
20,accepted,1.003,134.697,
31,accepted,0.000,134.197,
24,accepted,1.003,134.697,
25,accepted,1.003,134.697,
6,accepted,0.505,136.197,
30,accepted,0.000,122.017,
23,accepted,0.000,125.922,
15,accepted,0.000,122.017,
11,accepted,0.000,134.623,
9,accepted,0.000,135.225,
29,accepted,0.500,118.119,
2,accepted,0.699,142.235,
16,accepted,0.699,133.674,
17,accepted,0.699,142.133,
5,accepted,0.000,128.133,
13,accepted,0.000,121.746,
4,accepted,0.503,130.135,
28,accepted,0.584,132.326,
22,accepted,1.083,122.002,
3,accepted,0.503,142.594,
27,accepted,0.500,110.025,
14,accepted,0.504,121.284,
21,accepted,0.000,121.284,
18,accepted,0.000,137.796,
10,accepted,1.005,128.175,
12,accepted,0.000,127.050,
7,accepted,0.000,138.281,
1,accepted,0.000,133.215,
0,accepted,0.500,138.281,
8,accepted,0.000,133.215,
31,accepted,0.000,118.190,
19,accepted,0.500,133.713,
20,accepted,0.504,118.688,
26,accepted,0.000,133.713,
24,accepted,0.500,126.196,
15,accepted,0.000,117.877,
30,accepted,0.500,122.887,
6,accepted,0.500,129.707,
25,accepted,0.000,134.213,
29,accepted,0.500,114.854,
23,accepted,0.000,134.571,
11,accepted,0.000,133.891,
9,accepted,0.000,133.891,
16,accepted,0.000,132.887,
2,accepted,0.504,133.890,
13,accepted,0.000,121.372,
17,accepted,0.505,133.391,
5,accepted,0.000,136.397,
28,accepted,0.000,125.282,
4,accepted,0.000,149.572,
22,accepted,0.500,138.359,
3,accepted,0.000,132.688,
27,accepted,0.500,140.141,
14,accepted,0.504,125.174,
18,accepted,0.000,135.659,
21,accepted,0.000,140.073,
7,accepted,0.500,132.655,
12,accepted,0.499,140.181,
10,accepted,0.999,148.141,
19,accepted,0.000,140.103,
8,accepted,0.000,140.602,
26,accepted,0.000,140.103,
0,accepted,0.000,140.602,
1,accepted,0.000,140.602,
20,accepted,0.000,140.103,
30,accepted,1.002,129.269,
31,accepted,0.000,142.285,
29,accepted,0.499,117.585,
25,accepted,0.000,131.769,
24,accepted,0.000,139.785,
6,accepted,0.504,147.306,
15,accepted,0.499,152.316,
23,accepted,0.000,140.621,
9,accepted,0.000,128.094,
11,accepted,0.500,128.094,
16,accepted,0.000,127.096,
13,accepted,1.540,140.952,
2,accepted,0.540,140.952,
17,accepted,1.540,142.602,
4,accepted,0.500,120.398,
3,accepted,0.499,117.442,
5,accepted,0.000,149.044,
28,accepted,0.000,145.440,
22,accepted,1.004,138.889,
27,accepted,0.000,132.946,
14,accepted,0.000,135.713,
18,accepted,0.499,157.467,
21,accepted,0.000,157.467,
7,accepted,0.499,150.890,
8,accepted,0.499,144.501,
0,accepted,0.000,153.008,
12,accepted,1.000,159.594,
10,accepted,0.000,160.352,
19,accepted,0.648,161.518,
1,accepted,0.648,161.518,
26,accepted,0.648,161.518,
25,accepted,1.498,154.829,
20,accepted,0.000,162.018,
31,accepted,1.997,160.335,
30,accepted,1.997,160.335,
29,accepted,0.000,160.335,
24,accepted,0.501,154.829,
15,accepted,0.000,149.809,
6,accepted,0.000,149.809,
23,accepted,0.000,146.309,
9,accepted,0.500,162.780,
11,accepted,0.000,162.780,
16,accepted,0.000,157.772,
13,accepted,0.000,154.468,
2,accepted,1.003,161.477,
17,accepted,0.562,162.743,
4,accepted,0.000,163.261,
5,accepted,0.000,150.796,
28,accepted,0.000,151.798,
3,accepted,0.000,151.798,
22,accepted,0.000,145.273,
27,accepted,0.000,148.030,
14,accepted,0.000,161.065,
7,accepted,0.545,120.066,
18,accepted,0.000,126.008,
21,accepted,0.545,140.517,
12,accepted,0.500,124.510,
8,accepted,0.000,138.570,
10,accepted,0.000,129.983,
0,accepted,0.500,137.326,
25,accepted,0.000,128.316,
26,accepted,0.000,135.823,
1,accepted,0.000,137.390,
31,accepted,0.504,138.431,
20,accepted,0.000,143.537,
24,accepted,0.504,143.537,
30,accepted,0.504,143.537,
29,accepted,0.000,143.537,
15,accepted,0.000,136.026,
19,accepted,0.000,144.037,
23,accepted,0.503,134.527,
6,accepted,0.000,136.026,
11,accepted,0.000,120.058,
13,accepted,0.500,128.196,
9,accepted,0.000,139.752,
16,accepted,0.499,139.752,
2,accepted,0.500,128.780,
17,accepted,0.000,128.534,
4,accepted,0.000,127.800,
5,accepted,0.000,135.538,
28,accepted,0.597,134.536,
3,accepted,0.502,135.548,
27,accepted,0.500,115.322,
22,accepted,0.000,136.047,
14,accepted,0.000,122.164,
7,accepted,0.683,132.493,
8,accepted,0.000,112.431,
18,accepted,0.000,137.003,
21,accepted,0.683,124.993,
12,accepted,0.000,124.993,
10,accepted,0.668,118.691,
25,accepted,0.000,128.201,
26,accepted,0.000,124.174,
0,accepted,0.000,131.180,
1,accepted,0.000,128.636,
31,accepted,0.000,131.496,
20,accepted,0.000,126.391,
24,accepted,0.000,127.469,
23,accepted,0.505,134.841,
29,accepted,0.507,134.841,
19,accepted,0.507,134.841,
30,accepted,0.500,140.479,
6,accepted,0.505,140.479,
15,accepted,0.500,140.479,
13,accepted,0.499,119.284,
9,accepted,0.000,120.284,
11,accepted,0.500,139.979,
2,accepted,0.000,112.692,
16,accepted,0.000,123.658,
17,accepted,0.000,128.532,
5,accepted,0.516,125.512,
4,accepted,0.516,133.250,
28,accepted,0.000,128.826,
27,accepted,0.498,133.328,
22,accepted,0.498,138.807,
3,accepted,0.500,139.306,
14,accepted,0.502,119.312,
8,accepted,0.000,127.928,
7,accepted,0.000,131.935,
18,accepted,0.501,129.588,
21,accepted,0.990,131.596,
0,accepted,0.000,114.092,
25,accepted,0.000,117.071,
12,accepted,0.000,133.095,
10,accepted,0.000,129.587,
26,accepted,1.499,124.600,
1,accepted,1.999,126.105,
31,accepted,0.000,121.703,
20,accepted,0.500,129.216,
24,accepted,0.500,130.609,
29,accepted,0.500,129.763,
23,accepted,0.000,129.763,
19,accepted,0.500,131.261,
9,accepted,0.000,124.121,
30,accepted,0.500,125.623,
6,accepted,0.500,125.623,
16,accepted,0.679,126.248,
15,accepted,0.000,131.123,
13,accepted,0.529,130.622,
11,accepted,0.000,134.622,
2,accepted,0.679,134.622,
17,accepted,0.503,124.453,
5,accepted,1.000,122.018,
28,accepted,0.697,122.210,
4,accepted,0.000,131.660,
27,accepted,1.004,137.429,
22,accepted,0.499,131.950,
3,accepted,0.000,131.950,
14,accepted,0.000,124.565,
7,accepted,1.008,125.981,
8,accepted,0.534,129.988,
18,accepted,0.501,130.419,
21,accepted,0.501,132.915,
0,accepted,0.501,131.416,
12,accepted,0.501,131.914,
10,accepted,0.000,129.907,
25,accepted,0.000,132.913,
31,accepted,0.000,117.870,
26,accepted,0.000,125.403,
20,accepted,0.000,115.357,
1,accepted,0.000,122.870,
24,accepted,0.000,129.528,
23,accepted,0.000,127.502,
29,accepted,0.000,127.502,
30,accepted,0.732,133.015,
19,accepted,0.000,133.015,
6,accepted,0.000,134.017,
16,accepted,0.000,128.517,
9,accepted,0.000,139.023,
15,accepted,0.000,133.523,
13,accepted,0.000,133.523,
11,accepted,0.000,132.414,
17,accepted,0.000,125.121,
2,accepted,0.000,139.481,
28,accepted,0.503,120.570,
4,accepted,0.677,114.435,
5,accepted,0.000,124.077,
27,accepted,0.494,126.823,
22,accepted,0.499,132.832,
3,accepted,0.000,134.332,
14,accepted,0.499,133.183,
8,accepted,0.500,131.536,
7,accepted,1.004,134.094,
18,accepted,0.000,127.494,
21,accepted,1.506,127.497,
10,accepted,0.000,132.086,
0,accepted,0.000,133.584,
25,accepted,0.000,132.086,
31,accepted,0.500,132.051,
12,accepted,0.000,136.048,
1,accepted,0.000,128.668,
26,accepted,0.502,133.668,
20,accepted,0.935,133.689,
24,accepted,0.500,118.959,
29,accepted,0.000,115.045,
23,accepted,1.003,124.112,
30,accepted,0.000,129.732,
19,accepted,0.505,136.251,
16,accepted,0.505,139.254,
15,accepted,0.000,134.248,
6,accepted,0.505,139.254,
9,accepted,1.001,239.904,
11,accepted,0.499,236.514,
13,accepted,0.000,240.406,
17,accepted,0.000,241.974,
2,accepted,0.000,235.954,
28,accepted,0.000,243.637,
4,accepted,0.500,247.313,
5,accepted,0.504,247.313,
27,accepted,0.000,242.862,
22,accepted,0.000,245.862,
3,accepted,0.000,248.636,
14,accepted,0.000,250.132,
7,accepted,0.000,230.988,
8,accepted,0.000,244.071,
21,accepted,0.500,244.950,
18,accepted,0.505,251.957,
10,accepted,0.500,242.783,
31,accepted,0.000,249.976,
12,accepted,0.000,252.476,
0,accepted,0.000,255.440,
25,accepted,0.000,255.440,
1,accepted,0.000,250.859,
20,accepted,0.000,245.838,
29,accepted,1.094,244.843,
23,accepted,1.094,235.776,
26,accepted,0.000,255.140,
24,accepted,0.000,248.207,
30,accepted,0.000,228.423,
19,accepted,0.501,243.393,
16,accepted,0.501,239.387,
9,accepted,0.000,136.737,
15,accepted,0.499,246.905,
6,accepted,0.499,246.905,
17,accepted,1.001,139.844,
11,accepted,1.501,149.267,
13,accepted,1.001,149.267,
4,accepted,0.000,137.373,
28,accepted,0.502,141.049,
2,accepted,0.000,149.731,
27,accepted,1.636,114.338,
5,accepted,0.499,140.417,
3,accepted,0.000,129.730,
22,accepted,0.000,134.005,
14,accepted,0.000,140.426,
7,accepted,0.501,133.197,
10,accepted,0.000,110.812,
8,accepted,0.000,125.175,
21,accepted,0.503,122.694,
18,accepted,1.005,126.252,
31,accepted,0.597,125.698,
12,accepted,0.000,123.198,
29,accepted,0.500,129.178,
25,accepted,0.500,132.233,
23,accepted,0.000,133.233,
26,accepted,0.000,132.955,
0,accepted,0.500,138.517,
1,accepted,0.000,138.517,
24,accepted,0.000,134.734,
30,accepted,1.037,132.234,
20,accepted,1.037,139.015,
19,accepted,0.495,113.246,
9,accepted,0.000,121.290,
6,accepted,0.499,116.779,
16,accepted,0.000,126.150,
15,accepted,0.000,133.822,
11,accepted,0.000,130.749,
17,accepted,0.000,133.664,
4,accepted,0.000,131.774,
13,accepted,0.000,144.194,
2,accepted,0.503,142.314,
5,accepted,0.503,139.270,
27,accepted,0.000,144.315,
28,accepted,0.000,144.315,
3,accepted,0.000,125.031,
22,accepted,0.499,147.382,
8,accepted,0.500,144.402,
7,accepted,0.000,146.904,
14,accepted,0.000,148.864,
10,accepted,1.036,145.858,
21,accepted,0.000,139.444,
18,accepted,0.000,135.885,
12,accepted,0.000,143.899,
29,accepted,0.000,140.225,
31,accepted,0.589,147.709,
23,accepted,0.000,141.746,
26,accepted,0.000,140.445,
25,accepted,0.503,146.862,
24,accepted,0.500,140.080,
0,accepted,1.000,147.477,
1,accepted,0.500,147.477,
20,accepted,0.000,148.097,
19,accepted,0.000,145.597,
30,accepted,0.500,148.597,
16,accepted,0.501,133.192,
11,accepted,0.500,120.084,
9,accepted,0.501,142.574,
15,accepted,0.501,125.531,
6,accepted,0.501,142.574,
17,accepted,0.000,140.612,
4,accepted,0.504,137.615,
13,accepted,0.500,135.167,
2,accepted,0.500,130.076,
5,accepted,0.000,136.678,
27,accepted,0.505,134.677,
28,accepted,0.000,137.678,
3,accepted,0.000,128.288,
22,accepted,0.000,132.483,
8,accepted,0.000,125.376,
14,accepted,0.619,127.439,
7,accepted,0.000,132.645,
10,accepted,0.500,132.690,
21,accepted,0.000,131.142,
18,accepted,0.500,131.142,
29,accepted,0.000,112.804,
12,accepted,0.000,118.112,
26,accepted,0.501,126.561,
23,accepted,0.500,127.759,
31,accepted,1.000,137.807,
24,accepted,0.000,132.157,
25,accepted,0.000,133.874,
0,accepted,0.000,126.975,
30,accepted,0.000,129.874,
1,accepted,0.000,135.518,
20,accepted,1.001,134.399,
19,accepted,0.498,137.915,
9,accepted,0.500,129.887,
6,accepted,0.000,129.887,
16,accepted,0.000,137.415,
15,accepted,0.500,133.151,
11,accepted,0.500,134.460,
17,accepted,0.000,114.625,
4,accepted,0.000,130.490,
13,accepted,0.502,132.535,
2,accepted,0.000,132.535,
28,accepted,0.000,129.022,
27,accepted,0.503,132.528,
3,accepted,0.000,136.727,
5,accepted,0.000,139.729,
22,accepted,0.000,115.601,
14,accepted,0.000,130.056,
8,accepted,0.000,138.180,
7,accepted,0.000,131.919,
29,accepted,0.000,123.410,
10,accepted,0.000,137.349,
21,accepted,0.000,137.349,
18,accepted,0.000,137.349,
12,accepted,0.000,128.843,
26,accepted,1.002,113.874,
31,accepted,0.000,109.403,
24,accepted,0.000,107.870,
23,accepted,0.000,123.952,
0,accepted,0.000,135.238,
25,accepted,1.003,135.238,
30,accepted,1.003,130.721,
1,accepted,0.541,132.810,
6,accepted,0.541,138.309,
15,accepted,0.000,135.046,
20,accepted,0.541,142.326,
17,accepted,0.504,133.543,
16,accepted,0.000,138.810,
11,accepted,0.504,134.237,
9,accepted,0.000,138.810,
19,accepted,0.000,138.810,
4,accepted,0.000,120.328,
2,accepted,0.000,135.348,
13,accepted,0.000,135.348,
28,accepted,0.601,133.843,
27,accepted,0.000,137.342,
5,accepted,0.000,143.156,
22,accepted,0.000,137.736,
3,accepted,0.577,143.655,
14,accepted,0.499,121.152,
8,accepted,0.000,136.358,
7,accepted,0.000,139.345,
18,accepted,0.000,134.419,
21,accepted,0.000,143.433,
31,accepted,0.546,141.870,
10,accepted,0.500,149.564,
26,accepted,0.000,145.500,
23,accepted,0.546,135.422,
12,accepted,0.000,149.564,
24,accepted,0.500,144.494,
29,accepted,0.000,156.496,
30,accepted,0.504,131.930,
25,accepted,0.504,146.241,
0,accepted,0.000,146.241,
15,accepted,0.000,133.118,
17,accepted,0.000,136.068,
1,accepted,0.000,145.584,
4,accepted,0.000,136.888,
19,accepted,0.000,144.538,
16,accepted,0.000,147.544,
9,accepted,0.000,149.347,
6,accepted,0.500,151.347,
11,accepted,0.000,152.534,
13,accepted,0.000,125.319,
2,accepted,0.499,125.319,
20,accepted,0.000,153.534,
28,accepted,1.102,135.250,
27,accepted,0.500,131.247,
22,accepted,1.119,147.438,
5,accepted,0.000,147.438,
8,accepted,0.000,126.878,
3,accepted,0.000,160.201,
14,accepted,0.499,151.196,
7,accepted,0.500,142.253,
18,accepted,0.000,147.260,
21,accepted,0.000,156.476,
31,accepted,0.499,157.478,
23,accepted,0.500,157.846,
26,accepted,0.000,157.846,
24,accepted,0.000,157.846,
12,accepted,0.500,158.849,
30,accepted,1.001,155.860,
15,accepted,0.000,139.542,
10,accepted,0.000,172.381,
29,accepted,0.000,172.381,
0,accepted,0.797,143.383,
25,accepted,0.797,143.383,
17,accepted,0.000,137.926,
1,accepted,0.699,148.607,
4,accepted,0.000,151.006,
16,accepted,0.502,155.128,
19,accepted,0.000,158.135,
6,accepted,0.502,154.744,
9,accepted,0.000,156.244,
11,accepted,0.502,153.057,
20,accepted,0.000,156.215,
2,accepted,0.000,156.714,
13,accepted,0.000,157.718,
27,accepted,0.000,159.235,
28,accepted,0.500,159.738,
22,accepted,0.000,153.440,
5,accepted,0.000,167.070,
8,accepted,0.000,158.314,
14,accepted,0.503,157.638,
3,accepted,0.000,167.159,
7,accepted,0.499,164.241,
18,accepted,0.501,158.648,
21,accepted,0.000,155.087,
31,accepted,0.000,163.107,
23,accepted,0.000,159.109,
26,accepted,1.004,159.109,
24,accepted,0.505,164.581,
12,accepted,0.505,163.578,
0,accepted,0.000,152.704,
10,accepted,0.000,154.538,
30,accepted,0.000,154.538,
29,accepted,0.505,154.538,
25,accepted,1.502,161.757,
17,accepted,1.999,162.764,
4,accepted,0.000,144.184,
15,accepted,1.002,170.044,
1,accepted,1.499,157.528,
19,accepted,0.608,140.912,
16,accepted,0.000,148.568,
9,accepted,0.000,158.154,
13,accepted,0.000,152.992,
6,accepted,0.000,159.577,
11,accepted,0.000,161.047,
2,accepted,1.501,158.023,
20,accepted,0.500,158.023,
28,accepted,0.566,148.362,
27,accepted,0.500,148.865,
22,accepted,0.661,138.615,
5,accepted,0.500,132.995,
8,accepted,0.499,132.995,
14,accepted,0.000,138.184,
3,accepted,0.536,136.294,
7,accepted,2.044,132.573,
18,accepted,0.563,135.468,
21,accepted,0.000,136.500,
31,accepted,1.004,126.320,
26,accepted,0.000,133.486,
23,accepted,0.000,136.486,
24,accepted,1.004,135.013,
29,accepted,0.000,130.522,
0,accepted,1.004,130.522,
12,accepted,1.004,135.013,
10,accepted,0.498,132.111,
30,accepted,0.498,136.471,
4,accepted,0.000,123.441,
15,accepted,0.000,122.116,
1,accepted,0.000,125.986,
25,accepted,0.497,132.939,
19,accepted,0.500,125.105,
17,accepted,0.497,139.939,
16,accepted,0.000,125.456,
2,accepted,0.500,125.532,
9,accepted,1.029,129.558,
13,accepted,1.029,130.057,
6,accepted,0.000,132.135,
20,accepted,0.573,134.039,
11,accepted,0.000,135.172,
28,accepted,0.000,132.685,
27,accepted,0.000,132.685,
22,accepted,0.000,124.898,
5,accepted,0.501,118.446,
8,accepted,0.501,130.043,
14,accepted,0.500,125.930,
3,accepted,0.501,125.830,
7,accepted,0.500,131.824,
21,accepted,1.004,116.898,
18,accepted,0.500,134.107,
31,accepted,0.000,124.741,
26,accepted,0.500,125.591,
23,accepted,1.004,132.602,
29,accepted,1.509,131.446,
30,accepted,0.000,125.497,
10,accepted,0.546,133.527,
12,accepted,0.000,135.480,
0,accepted,0.000,135.480,
24,accepted,0.000,135.480,
4,accepted,0.505,135.175,
15,accepted,0.505,134.025,
25,accepted,0.000,129.655,
1,accepted,0.505,130.155,
17,accepted,0.000,127.576,
16,accepted,0.500,130.660,
19,accepted,0.000,143.117,
9,accepted,0.499,126.087,
2,accepted,0.500,136.605,
13,accepted,0.000,136.106,
6,accepted,0.000,132.605,
20,accepted,0.000,135.154,
11,accepted,0.000,135.154,
28,accepted,1.302,128.629,
22,accepted,0.000,129.252,
27,accepted,0.000,134.626,
5,accepted,0.000,133.364,
8,accepted,1.004,125.771,
14,accepted,0.000,131.875,
3,accepted,0.500,124.345,
7,accepted,0.000,127.326,
21,accepted,0.585,127.924,
31,accepted,0.000,123.475,
18,accepted,0.000,133.684,
26,accepted,0.000,120.510,
23,accepted,0.000,121.561,
29,accepted,0.500,125.729,
30,accepted,0.000,128.730,
10,accepted,0.500,128.566,
4,accepted,0.000,126.562,
24,accepted,0.999,132.206,
15,accepted,0.000,128.063,
12,accepted,2.053,133.708,
0,accepted,2.053,133.708,
1,accepted,0.000,132.584,
25,accepted,0.000,135.571,
17,accepted,0.000,131.051,
16,accepted,0.000,130.066,
19,accepted,0.000,129.125,
9,accepted,0.000,121.541,
13,accepted,0.000,116.027,
2,accepted,0.502,133.232,
6,accepted,0.000,133.232,
20,accepted,0.000,129.175,
28,accepted,0.000,133.595,
11,accepted,0.000,133.595,
27,accepted,0.500,129.679,
22,accepted,0.000,129.679,
5,accepted,0.000,130.537,
8,accepted,0.000,133.536,
14,accepted,0.500,127.963,
3,accepted,0.000,127.963,
7,accepted,0.000,128.871,
21,accepted,0.500,129.755,
26,accepted,0.598,122.977,
31,accepted,0.500,129.333,
18,accepted,0.598,131.986,
30,accepted,0.000,125.241,
29,accepted,0.000,129.390,
23,accepted,0.000,138.921,
10,accepted,0.000,130.328,
4,accepted,0.501,128.910,
24,accepted,0.000,128.910,
15,accepted,0.000,131.415,
12,accepted,0.000,131.415,
0,accepted,0.000,131.415,
1,accepted,0.501,129.902,
16,accepted,0.000,126.413,
25,accepted,0.000,129.921,
17,accepted,0.501,134.025,
9,accepted,0.000,128.417,
19,accepted,0.501,128.417,
13,accepted,0.000,123.414,
2,accepted,1.005,123.223,
20,accepted,1.004,128.735,
6,accepted,0.000,134.243,
28,accepted,0.000,126.824,
11,accepted,0.000,132.358,
27,accepted,0.503,131.275,
5,accepted,0.000,126.281,
22,accepted,0.500,132.808,
8,accepted,0.500,127.943,
3,accepted,0.000,122.505,
14,accepted,0.000,122.505,
7,accepted,0.000,130.448,
26,accepted,0.502,130.826,
31,accepted,0.000,129.520,
21,accepted,0.503,133.835,
18,accepted,0.000,126.882,
30,accepted,0.000,119.046,
29,accepted,0.499,127.420,
10,accepted,0.499,123.835,
23,accepted,0.504,134.909,
4,accepted,0.000,129.896,
24,accepted,0.000,131.398,
12,accepted,0.500,128.889,
15,accepted,1.004,128.889,
1,accepted,0.500,129.893,
0,accepted,0.000,132.901,
16,accepted,0.526,128.388,
17,accepted,0.498,127.247,
25,accepted,0.498,132.760,
19,accepted,0.504,127.247,
13,accepted,0.000,132.889,
9,accepted,0.504,136.392,
2,accepted,0.500,119.379,
20,accepted,0.000,120.297,
6,accepted,0.000,131.898,
28,accepted,0.000,133.397,
11,accepted,0.000,127.863,
27,accepted,0.502,131.371,
22,accepted,0.000,131.339,
5,accepted,1.000,131.339,
14,accepted,0.000,125.181,
3,accepted,0.000,132.144,
8,accepted,0.499,132.144,
7,accepted,0.640,118.679,
31,accepted,0.000,128.740,
26,accepted,0.000,131.746,
18,accepted,0.500,129.201,
21,accepted,0.500,133.204,
29,accepted,1.004,118.591,
30,accepted,0.499,128.113,
23,accepted,0.000,119.676,
10,accepted,0.000,130.828,
24,accepted,0.000,120.678,
12,accepted,0.000,124.408,
1,accepted,0.000,125.400,
4,accepted,0.000,133.676,
15,accepted,0.000,130.676,
16,accepted,0.500,130.744,
0,accepted,0.500,132.245,
17,accepted,0.000,128.371,
13,accepted,0.000,125.247,
25,accepted,1.005,130.889,
19,accepted,0.000,130.889,
20,accepted,0.000,119.034,
2,accepted,0.000,130.945,
9,accepted,0.000,133.167,
6,accepted,0.505,123.682,
28,accepted,0.000,131.989,
27,accepted,0.000,129.066,
5,accepted,1.003,132.074,
11,accepted,0.502,138.081,
22,accepted,0.000,132.074,
14,accepted,1.003,131.450,
3,accepted,0.000,130.079,
8,accepted,0.000,138.030,
7,accepted,0.000,125.446,
31,accepted,0.000,130.554,
21,accepted,0.501,130.417,
26,accepted,0.000,133.237,
18,accepted,0.506,133.237,
30,accepted,0.504,127.956,
29,accepted,1.003,137.987,
23,accepted,1.003,126.896,
10,accepted,0.000,121.891,
1,accepted,0.000,119.928,
12,accepted,0.499,129.942,
24,accepted,0.000,135.169,
4,accepted,0.000,127.682,
0,accepted,0.000,130.111,
16,accepted,0.500,130.111,
15,accepted,0.500,135.692,
17,accepted,0.000,132.613,
25,accepted,0.000,132.102,
13,accepted,0.614,133.696,
19,accepted,0.000,133.696,
2,accepted,0.498,126.023,
20,accepted,0.499,128.503,
9,accepted,0.500,130.397,
6,accepted,0.000,120.736,
28,accepted,0.000,119.549,
27,accepted,1.010,126.842,
22,accepted,0.504,128.968,
11,accepted,0.000,130.475,
5,accepted,0.000,134.932,
3,accepted,1.506,131.453,
14,accepted,0.000,137.045,
8,accepted,0.501,123.501,
7,accepted,1.003,132.045,
31,accepted,0.501,132.947,
18,accepted,0.000,132.259,
21,accepted,0.000,135.628,
26,accepted,0.681,134.267,
30,accepted,0.000,134.518,
29,accepted,0.500,124.487,
23,accepted,0.000,129.590,
12,accepted,0.502,118.817,
10,accepted,0.000,132.095,
1,accepted,0.000,123.827,
24,accepted,0.502,127.830,
4,accepted,0.502,132.613,
0,accepted,0.500,133.329,
16,accepted,0.500,134.329,
15,accepted,0.500,134.329,
13,accepted,0.000,130.859,
25,accepted,0.000,132.453,
19,accepted,0.000,132.359,
2,accepted,1.033,130.831,
17,accepted,0.000,138.986,
6,accepted,0.000,126.439,
20,accepted,0.504,138.895,
9,accepted,0.000,132.299,
28,accepted,0.000,122.441,
27,accepted,0.000,129.159,
22,accepted,0.000,123.900,
11,accepted,0.000,132.901,
5,accepted,0.000,129.944,
14,accepted,0.000,133.878,
3,accepted,0.000,133.878,
8,accepted,0.602,134.422,
7,accepted,0.504,133.552,
31,accepted,0.000,124.303,
18,accepted,1.129,131.312,
30,accepted,0.000,133.423,
21,accepted,0.000,136.321,
29,accepted,0.000,133.423,
26,accepted,0.000,136.321,
12,accepted,0.000,125.815,
23,accepted,0.000,133.829,
10,accepted,0.000,132.822,
4,accepted,0.000,116.019,
24,accepted,0.000,124.811,
1,accepted,0.000,133.823,
0,accepted,0.500,125.721,
16,accepted,0.501,130.336,
15,accepted,0.500,135.402,
13,accepted,0.000,132.240,
19,accepted,0.504,130.739,
25,accepted,0.499,133.735,
2,accepted,0.000,134.803,
17,accepted,0.000,234.308,
6,accepted,0.000,239.421,
20,accepted,0.000,237.954,
28,accepted,1.639,236.799,
9,accepted,0.000,241.954,
22,accepted,0.499,223.932,
27,accepted,0.500,225.307,
11,accepted,0.000,232.412,
5,accepted,2.001,244.978,
14,accepted,0.500,242.550,
3,accepted,0.500,242.550,
7,accepted,0.000,237.333,
8,accepted,0.000,243.973,
31,accepted,0.000,227.550,
18,accepted,0.000,235.572,
29,accepted,0.000,242.858,
30,accepted,0.676,242.858,
26,accepted,0.676,242.858,
10,accepted,0.000,238.350,
21,accepted,0.676,245.357,
12,accepted,0.000,245.357,
23,accepted,0.676,241.782,
4,accepted,0.000,243.275,
1,accepted,0.000,243.821,
0,accepted,0.000,226.410,
24,accepted,0.000,248.803,
13,accepted,0.000,220.620,
16,accepted,0.000,235.183,
19,accepted,0.504,234.610,
25,accepted,0.504,240.624,
15,accepted,0.000,243.589,
17,accepted,0.000,135.525,
2,accepted,0.000,238.056,
28,accepted,0.500,130.975,
6,accepted,0.501,141.476,
20,accepted,0.000,141.476,
27,accepted,0.000,135.372,
22,accepted,0.501,135.372,
9,accepted,0.501,137.476,
11,accepted,0.000,118.388,
5,accepted,0.000,124.533,
14,accepted,0.000,126.605,
3,accepted,0.499,133.429,
8,accepted,0.000,136.808,
7,accepted,0.000,136.808,
31,accepted,0.000,131.330,
18,accepted,0.571,119.552,
30,accepted,0.501,124.188,
10,accepted,0.000,128.250,
12,accepted,0.000,128.250,
29,accepted,0.000,130.749,
26,accepted,0.499,130.749,
23,accepted,0.501,134.550,
4,accepted,0.501,130.558,
1,accepted,0.000,130.011,
21,accepted,0.498,137.487,
16,accepted,0.000,116.614,
0,accepted,0.000,131.003,
13,accepted,0.500,124.642,
24,accepted,0.000,127.037,
15,accepted,0.000,111.159,
19,accepted,0.500,118.668,
2,accepted,0.500,128.072,
25,accepted,0.500,133.595,
17,accepted,0.500,133.595,
28,accepted,0.501,127.462,
6,accepted,1.571,122.465,
22,accepted,0.692,124.641,
11,accepted,0.000,134.716,
20,accepted,0.000,139.727,
9,accepted,0.000,141.687,
27,accepted,0.000,141.687,
5,accepted,0.000,122.018,
14,accepted,0.500,129.469,
3,accepted,0.000,138.583,
31,accepted,0.504,132.258,
8,accepted,0.000,133.780,
18,accepted,0.000,139.962,
7,accepted,0.504,149.738,
30,accepted,0.894,122.526,
10,accepted,0.515,125.979,
26,accepted,0.000,143.502,
12,accepted,0.734,143.502,
29,accepted,0.000,143.502,
1,accepted,0.636,149.291,
23,accepted,0.636,149.291,
4,accepted,0.636,149.291,
21,accepted,0.000,148.288,
16,accepted,0.000,148.284,
0,accepted,0.000,148.284,
15,accepted,0.000,140.268,
24,accepted,0.000,148.284,
13,accepted,0.000,149.286,
19,accepted,0.500,142.774,
2,accepted,0.000,125.860,
28,accepted,0.570,127.850,
22,accepted,0.000,133.704,
17,accepted,0.000,139.384,
6,accepted,0.000,135.880,
25,accepted,0.000,146.886,
27,accepted,0.000,125.983,
20,accepted,0.000,141.644,
11,accepted,0.503,146.001,
9,accepted,0.503,141.034,
5,accepted,0.000,138.490,
14,accepted,0.000,125.058,
3,accepted,0.500,122.857,
8,accepted,0.000,133.277,
31,accepted,0.000,133.277,
18,accepted,0.000,118.825,
10,accepted,0.000,126.597,
30,accepted,2.506,136.611,
7,accepted,1.503,139.227,
26,accepted,0.000,119.232,
29,accepted,0.000,130.245,
12,accepted,0.500,131.723,
23,accepted,0.000,118.722,
1,accepted,0.501,124.563,
0,accepted,0.501,123.564,
4,accepted,1.504,124.563,
21,accepted,0.500,124.563,
13,accepted,0.501,125.415,
19,accepted,0.000,128.925,
2,accepted,0.000,130.365,
15,accepted,0.501,132.871,
16,accepted,0.000,132.871,
24,accepted,0.650,139.431,
22,accepted,0.000,117.878,
17,accepted,1.000,117.878,
28,accepted,0.650,129.412,
6,accepted,1.000,122.389,
25,accepted,1.000,114.887,
27,accepted,0.529,131.427,
20,accepted,2.003,122.760,
11,accepted,0.000,129.419,
9,accepted,0.000,132.867,
5,accepted,0.615,138.432,
3,accepted,0.000,123.101,
14,accepted,0.000,137.338,
31,accepted,0.500,115.605,
18,accepted,0.522,122.108,
8,accepted,0.000,123.613,
10,accepted,0.561,125.340,
30,accepted,0.561,127.844,
7,accepted,0.500,127.232,
26,accepted,1.000,128.127,
29,accepted,0.501,118.685,
12,accepted,0.499,127.454,
1,accepted,0.000,120.591,
23,accepted,0.000,127.995,
4,accepted,0.000,132.631,
19,accepted,0.500,131.724,
21,accepted,0.500,139.592,
0,accepted,0.000,144.165,
13,accepted,0.000,141.311,
2,accepted,0.500,137.860,
24,accepted,0.505,132.759,
16,accepted,0.000,140.864,
15,accepted,0.000,142.251,
17,accepted,0.501,137.117,
6,accepted,0.000,136.615,
22,accepted,0.000,141.127,
28,accepted,0.000,144.131,
25,accepted,0.000,139.619,
27,accepted,0.500,122.850,
20,accepted,0.000,126.050,
11,accepted,0.500,136.603,
9,accepted,0.000,142.167,
14,accepted,0.000,140.409,
5,accepted,0.000,140.909,
31,accepted,0.000,139.059,
3,accepted,0.000,143.559,
18,accepted,0.502,132.481,
8,accepted,0.000,132.481,
10,accepted,0.000,137.240,
30,accepted,0.000,137.242,
7,accepted,0.504,142.470,
26,accepted,0.500,136.660,
12,accepted,0.000,128.964,
29,accepted,0.511,139.211,
1,accepted,0.000,132.461,
23,accepted,0.000,130.898,
4,accepted,0.000,124.424,
21,accepted,0.000,117.462,
0,accepted,0.000,118.394,
19,accepted,0.000,126.471,
13,accepted,0.502,131.912,
24,accepted,0.500,127.450,
15,accepted,0.000,127.529,
2,accepted,0.500,131.920,
17,accepted,0.000,127.604,
16,accepted,0.503,130.417,
6,accepted,1.504,128.100,
22,accepted,0.000,133.572,
28,accepted,0.000,130.568,
25,accepted,0.000,130.568,
27,accepted,0.000,134.482,
20,accepted,0.500,128.055,
11,accepted,0.500,114.883,
9,accepted,0.000,127.178,
14,accepted,0.000,122.871,
5,accepted,0.000,127.884,
3,accepted,1.000,130.740,
18,accepted,0.500,129.811,
31,accepted,1.000,137.741,
8,accepted,0.000,136.310,
10,accepted,0.500,114.251,
30,accepted,1.006,122.060,
7,accepted,0.000,128.589,
26,accepted,0.501,124.460,
12,accepted,0.000,129.571,
29,accepted,0.504,129.571,
23,accepted,0.499,126.573,
1,accepted,1.496,133.002,
21,accepted,0.000,131.079,
4,accepted,0.498,131.079,
0,accepted,0.499,126.076,
24,accepted,0.499,125.144,
13,accepted,0.000,125.144,
19,accepted,0.500,135.158,
15,accepted,0.000,130.159,
17,accepted,0.000,128.658,
16,accepted,0.503,132.543,
6,accepted,0.000,128.038,
2,accepted,0.000,137.161,
28,accepted,0.000,125.682,
25,accepted,0.000,125.682,
27,accepted,0.499,126.901,
22,accepted,0.498,133.915,
20,accepted,0.000,131.107,
11,accepted,3.105,125.715,
9,accepted,1.504,127.987,
14,accepted,0.500,132.830,
18,accepted,1.000,126.318,
5,accepted,0.000,132.325,
31,accepted,0.500,124.309,
3,accepted,0.499,131.310,
30,accepted,0.000,115.471,
8,accepted,1.652,132.012,
10,accepted,0.000,130.801,
7,accepted,0.498,126.259,
26,accepted,0.000,132.268,
29,accepted,1.000,131.873,
1,accepted,0.504,126.451,
23,accepted,0.504,135.542,
12,accepted,0.504,136.042,
21,accepted,0.500,129.849,
0,accepted,0.000,129.348,
24,accepted,1.011,121.958,
19,accepted,0.000,121.958,
13,accepted,0.000,121.958,
4,accepted,0.000,135.046,
17,accepted,0.000,125.448,
15,accepted,0.000,125.448,
16,accepted,1.009,127.972,
2,accepted,2.002,124.856,
6,accepted,1.000,133.072,
25,accepted,0.500,129.955,
28,accepted,0.500,134.192,
22,accepted,1.008,136.976,
27,accepted,0.000,138.484,
20,accepted,3.007,132.470,
11,accepted,0.000,136.970,
9,accepted,0.000,119.531,
14,accepted,0.793,127.711,
18,accepted,0.793,127.858,
5,accepted,1.033,132.367,
31,accepted,3.037,127.876,
3,accepted,0.504,127.876,
30,accepted,0.504,121.180,
8,accepted,1.195,136.186,
10,accepted,1.000,132.177,
7,accepted,0.600,125.670,
26,accepted,0.000,131.572,
1,accepted,0.678,125.246,
29,accepted,0.500,126.752,
0,accepted,0.500,123.766,
21,accepted,0.678,123.766,
4,accepted,1.505,125.391,
12,accepted,0.500,133.403,
16,accepted,0.000,116.554,
24,accepted,0.500,134.479,
23,accepted,0.500,142.490,
15,accepted,0.499,124.424,
13,accepted,1.505,135.940,
19,accepted,1.505,135.940,
17,accepted,0.505,124.424,
2,accepted,0.501,118.015,
6,accepted,0.499,118.967,
25,accepted,0.000,128.265,
28,accepted,0.000,124.029,
27,accepted,0.000,123.472,
22,accepted,0.000,131.990,
20,accepted,0.627,131.990,
9,accepted,0.521,124.352,
11,accepted,0.000,137.483,
14,accepted,0.000,119.459,
18,accepted,0.605,125.601,
3,accepted,0.596,125.102,
5,accepted,0.605,125.102,
31,accepted,1.596,132.105,
30,accepted,0.000,134.113,
10,accepted,0.504,122.599,
8,accepted,0.000,130.612,
7,accepted,0.504,126.623,
26,accepted,2.503,120.123,
29,accepted,0.000,121.252,
0,accepted,0.000,128.952,
1,accepted,0.000,132.948,
4,accepted,1.507,122.129,
21,accepted,0.499,128.952,
12,accepted,0.000,129.016,
24,accepted,0.500,128.123,
16,accepted,0.500,128.123,
15,accepted,0.000,129.990,
23,accepted,0.000,132.637,
13,accepted,0.500,131.176,
19,accepted,0.000,132.988,
17,accepted,0.000,134.180,
6,accepted,0.000,128.129,
2,accepted,0.500,134.180,
28,accepted,0.000,125.842,
25,accepted,0.505,127.845,
27,accepted,0.499,129.397,
22,accepted,1.000,127.666,
9,accepted,0.499,128.247,
20,accepted,1.000,136.082,
11,accepted,0.000,130.223,
14,accepted,0.493,130.633,
18,accepted,0.000,126.320,
31,accepted,0.000,119.816,
5,accepted,0.000,127.827,
3,accepted,0.000,131.833,
30,accepted,0.000,130.269,
10,accepted,0.500,125.770,
8,accepted,1.002,123.328,
26,accepted,0.000,123.535,
7,accepted,0.000,131.829,
29,accepted,0.499,126.393,
0,accepted,2.007,124.044,
21,accepted,0.000,132.218,
1,accepted,0.501,132.218,
12,accepted,0.503,126.820,
4,accepted,0.501,133.707,
15,accepted,0.000,119.810,
24,accepted,0.500,128.405,
16,accepted,0.000,130.405,
23,accepted,0.000,127.897,
28,accepted,3.484,122.029,
19,accepted,0.499,130.232,
13,accepted,0.499,134.581,
6,accepted,2.485,136.010,
2,accepted,0.000,136.010,
17,accepted,3.484,136.010,
25,accepted,0.500,128.146,
27,accepted,0.500,124.156,
9,accepted,0.622,127.798,
22,accepted,0.501,131.380,
20,accepted,0.000,128.019,
11,accepted,0.000,126.384,
14,accepted,0.505,130.835,
18,accepted,0.000,131.587,
5,accepted,1.500,126.070,
31,accepted,1.500,130.079,
30,accepted,0.000,122.460,
10,accepted,0.500,122.460,
3,accepted,0.000,129.906,
8,accepted,0.000,130.694,
7,accepted,0.576,137.178,
26,accepted,0.000,140.061,
29,accepted,0.576,133.059,
0,accepted,0.503,138.638,
21,accepted,0.000,134.563,
1,accepted,1.000,134.563,
12,accepted,0.501,140.087,
4,accepted,0.590,148.929,
15,accepted,0.590,144.417,
24,accepted,1.000,144.330,
16,accepted,1.499,148.839,
28,accepted,0.500,142.685,
23,accepted,0.000,150.354,
17,accepted,1.500,146.757,
13,accepted,0.707,151.190,
19,accepted,1.500,155.713,
6,accepted,0.500,148.744,
2,accepted,0.500,154.660,
25,accepted,0.000,153.510,
27,accepted,0.000,145.486,
20,accepted,0.502,140.477,
9,accepted,0.500,152.494,
11,accepted,0.503,149.465,
22,accepted,2.003,162.447,
14,accepted,0.499,151.482,
18,accepted,0.000,149.623,
31,accepted,0.500,153.615,
30,accepted,0.500,148.774,
5,accepted,0.502,156.615,
3,accepted,1.500,152.827,
10,accepted,1.500,156.858,
8,accepted,0.000,148.117,
7,accepted,0.503,143.775,
29,accepted,0.520,147.772,
26,accepted,0.000,148.776,
1,accepted,0.500,137.741,
0,accepted,0.500,144.042,
12,accepted,0.502,132.929,
21,accepted,0.000,143.947,
4,accepted,0.504,132.656,
24,accepted,0.504,133.981,
15,accepted,0.504,139.162,
23,accepted,0.000,123.951,
28,accepted,0.583,131.294,
16,accepted,0.000,137.254,
17,accepted,1.500,128.758,
19,accepted,0.501,132.283,
13,accepted,0.000,134.269,
6,accepted,0.501,133.283,
27,accepted,0.000,127.366,
2,accepted,0.000,127.366,
25,accepted,0.000,135.376,
20,accepted,1.562,123.143,
9,accepted,0.500,125.730,
11,accepted,0.000,130.404,
14,accepted,0.500,123.867,
22,accepted,0.500,132.985,
18,accepted,0.500,126.020,
31,accepted,0.000,125.032,
30,accepted,1.659,125.032,
3,accepted,0.998,124.987,
5,accepted,0.000,133.044,
10,accepted,0.500,128.469,
8,accepted,0.500,124.913,
7,accepted,0.000,127.270,
29,accepted,0.000,126.270,
26,accepted,0.000,126.270,
12,accepted,0.676,122.084,
1,accepted,2.505,127.281,
0,accepted,1.504,125.078,
4,accepted,0.000,124.522,
21,accepted,0.000,129.086,
23,accepted,1.701,119.514,
24,accepted,0.000,119.514,
15,accepted,1.701,126.033,
28,accepted,1.701,129.721,
16,accepted,3.504,132.268,
19,accepted,1.000,127.217,
17,accepted,4.004,132.729,
13,accepted,1.002,132.602,
6,accepted,1.002,133.102,
27,accepted,0.499,133.102,
2,accepted,0.499,136.069,
25,accepted,0.500,128.059,
20,accepted,0.500,126.235,
9,accepted,1.003,124.807,
14,accepted,0.000,121.902,
18,accepted,0.500,124.894,
11,accepted,0.501,133.903,
22,accepted,0.500,132.403,
30,accepted,0.516,128.288,
31,accepted,0.500,128.288,
10,accepted,0.500,126.194,
5,accepted,0.000,129.703,
8,accepted,0.000,131.201,
3,accepted,0.499,141.721,
7,accepted,1.003,121.180,
26,accepted,2.022,136.705,
29,accepted,1.522,140.713,
12,accepted,0.637,136.707,
1,accepted,0.681,136.219,
0,accepted,0.000,136.219,
21,accepted,2.177,141.103,
15,accepted,0.571,134.593,
4,accepted,0.000,142.610,
23,accepted,0.000,142.209,
28,accepted,0.000,135.189,
24,accepted,0.500,149.217,
16,accepted,0.000,133.203,
17,accepted,0.000,141.015,
19,accepted,0.000,142.327,
13,accepted,0.000,136.943,
2,accepted,0.500,138.171,
27,accepted,1.500,141.138,
20,accepted,0.504,138.171,
6,accepted,1.500,141.138,
14,accepted,0.500,134.442,
25,accepted,0.000,150.336,
9,accepted,0.500,143.214,
18,accepted,0.500,132.361,
11,accepted,0.500,139.933,
22,accepted,0.500,142.683,
30,accepted,0.504,141.286,
31,accepted,0.504,141.286,
5,accepted,0.500,137.887,
8,accepted,0.501,134.381,
10,accepted,0.501,140.896,
3,accepted,0.000,143.896,
7,accepted,0.501,134.882,
26,accepted,0.673,121.869,
1,accepted,0.000,129.278,
29,accepted,0.000,137.753,
12,accepted,0.693,136.938,
0,accepted,0.500,137.441,
21,accepted,0.500,126.550,
4,accepted,0.000,125.043,
15,accepted,1.499,132.538,
23,accepted,2.000,133.944,
28,accepted,0.500,127.436,
24,accepted,1.002,131.941,
16,accepted,0.000,131.930,
19,accepted,0.503,119.800,
17,accepted,0.000,134.096,
13,accepted,0.502,132.784,
20,accepted,0.000,127.088,
6,accepted,0.502,130.594,
2,accepted,0.502,132.600,
27,accepted,0.000,132.600,
9,accepted,0.500,120.938,
14,accepted,0.500,121.936,
18,accepted,0.000,121.504,
25,accepted,0.000,129.946,
11,accepted,1.619,129.830,
22,accepted,0.608,125.769,
30,accepted,0.000,131.793,
31,accepted,0.000,131.793,
5,accepted,1.003,130.367,
10,accepted,0.504,128.884,
8,accepted,0.000,130.382,
3,accepted,0.503,127.448,
7,accepted,1.000,127.448,
26,accepted,1.000,124.267,
1,accepted,0.503,120.350,
29,accepted,0.503,130.595,
12,accepted,0.503,132.743,
0,accepted,1.501,131.384,
21,accepted,0.500,130.917,
4,accepted,0.500,130.917,
15,accepted,1.000,131.927,
24,accepted,1.041,124.419,
28,accepted,0.000,131.736,
19,accepted,0.000,120.721,
23,accepted,0.500,132.236,
16,accepted,0.689,133.237,
13,accepted,0.503,120.253,
6,accepted,0.000,129.274,
20,accepted,0.000,133.280,
17,accepted,0.000,133.280,
9,accepted,0.501,130.609,
2,accepted,0.501,134.772,
27,accepted,0.501,134.772,
14,accepted,0.000,136.778,
18,accepted,0.500,131.776,
11,accepted,0.000,117.378,
25,accepted,1.012,133.275,
30,accepted,0.501,121.192,
22,accepted,2.007,128.709,
31,accepted,0.000,133.705,
5,accepted,1.018,129.104,
8,accepted,0.535,129.212,
10,accepted,0.000,130.710,
3,accepted,0.998,134.374,
7,accepted,0.506,136.883,
1,accepted,0.502,120.539,
26,accepted,0.000,133.552,
29,accepted,0.500,133.400,
12,accepted,0.500,138.057,
4,accepted,1.000,140.804,
21,accepted,0.502,140.804,
0,accepted,0.502,148.303,
15,accepted,0.000,140.930,
24,accepted,0.501,142.435,
16,accepted,0.000,127.106,
19,accepted,0.499,141.436,
13,accepted,0.504,128.919,
28,accepted,0.501,141.436,
23,accepted,0.000,141.436,
6,accepted,0.500,124.602,
17,accepted,0.500,143.133,
20,accepted,0.500,143.133,
9,accepted,0.000,138.791,
2,accepted,0.715,141.628,
14,accepted,0.000,145.936,
18,accepted,0.000,142.928,
25,accepted,0.999,141.429,
11,accepted,1.508,141.429,
30,accepted,1.022,127.598,
27,accepted,3.008,157.646,
22,accepted,0.500,134.604,
5,accepted,0.000,139.306,
31,accepted,1.008,139.306,
8,accepted,0.000,141.702,
10,accepted,2.508,142.702,
3,accepted,0.580,133.935,
7,accepted,0.000,140.470,
26,accepted,0.499,140.969,
1,accepted,0.499,140.969,
29,accepted,0.000,121.406,
12,accepted,0.000,119.035,
21,accepted,0.000,133.909,
0,accepted,0.000,127.947,
4,accepted,0.502,133.909,
15,accepted,0.698,126.455,
13,accepted,0.999,131.158,
24,accepted,0.500,134.472,
16,accepted,0.500,138.480,
19,accepted,0.501,136.666,
6,accepted,1.498,128.457,
23,accepted,1.498,136.666,
28,accepted,0.501,136.666,
9,accepted,0.505,110.929,
20,accepted,0.500,121.864,
2,accepted,0.000,123.441,
17,accepted,0.500,128.939,
14,accepted,0.000,120.789,
11,accepted,2.507,125.902,
18,accepted,2.507,128.873,
25,accepted,1.507,128.873,
30,accepted,2.004,131.216,
22,accepted,0.504,126.218,
27,accepted,0.000,134.438,
5,accepted,0.000,115.721,
31,accepted,0.000,115.721,
8,accepted,1.499,127.373,
10,accepted,1.499,134.815,
3,accepted,0.000,130.340,
7,accepted,0.501,127.925,
1,accepted,0.501,134.446,
26,accepted,0.999,135.946,
29,accepted,0.500,129.440,
12,accepted,0.498,131.971,
15,accepted,1.011,135.451,
21,accepted,0.507,136.627,
4,accepted,1.011,145.228,
0,accepted,2.510,146.859,
6,accepted,1.508,136.297,
9,accepted,0.000,145.277,
16,accepted,2.000,146.780,
13,accepted,3.006,152.289,
28,accepted,2.500,152.907,
23,accepted,2.000,152.907,
24,accepted,2.006,156.914,
19,accepted,2.000,152.907,
20,accepted,0.000,144.606,
2,accepted,0.499,137.531,
17,accepted,0.543,146.096,
14,accepted,0.000,159.591,
11,accepted,1.003,166.991,
18,accepted,0.504,164.020,
25,accepted,0.500,167.462,
22,accepted,0.500,165.986,
30,accepted,0.500,171.496,
27,accepted,0.499,163.267,
8,accepted,0.000,152.087,
5,accepted,0.000,169.267,
31,accepted,0.000,169.267,
3,accepted,0.000,160.169,
10,accepted,0.000,163.177,
7,accepted,0.499,163.064,
1,accepted,1.003,160.542,
26,accepted,1.003,165.562,
12,accepted,0.000,156.407,
29,accepted,0.499,166.061,
15,accepted,0.503,156.027,
21,accepted,2.003,156.027,
0,accepted,0.000,147.689,
4,accepted,0.500,151.468,
6,accepted,0.000,151.081,
28,accepted,0.650,137.451,
13,accepted,0.650,150.037,
9,accepted,0.500,150.037,
16,accepted,0.000,150.037,
23,accepted,3.000,143.911,
19,accepted,0.000,143.911,
20,accepted,0.000,139.774,
24,accepted,0.502,148.516,
17,accepted,0.000,138.408,
2,accepted,0.500,148.972,
14,accepted,0.499,121.748,
18,accepted,0.646,134.261,
11,accepted,0.646,137.260,
25,accepted,0.000,133.819,
27,accepted,0.000,135.256,
30,accepted,0.499,140.269,
22,accepted,0.499,143.771,
5,accepted,0.000,136.272,
3,accepted,1.015,119.747,
31,accepted,0.999,136.272,
8,accepted,3.008,136.272,
7,accepted,0.648,113.221,
10,accepted,1.648,141.643,
1,accepted,0.505,133.245,
26,accepted,0.000,132.234,
12,accepted,0.698,135.116,
29,accepted,1.001,141.379,
15,accepted,0.000,123.809,
21,accepted,0.498,123.809,
0,accepted,2.001,138.950,
4,accepted,0.498,136.802,
28,accepted,0.501,134.944,
13,accepted,0.501,133.401,
9,accepted,1.999,133.401,
6,accepted,0.000,142.841,
16,accepted,0.500,142.003,
23,accepted,1.999,142.003,
19,accepted,0.500,147.007,
17,accepted,0.000,141.690,
20,accepted,1.000,152.415,
14,accepted,0.500,143.217,
24,accepted,1.000,147.811,
2,accepted,0.500,146.772,
18,accepted,1.999,139.817,
11,accepted,0.000,141.821,
25,accepted,0.500,146.337,
22,accepted,0.502,138.307,
27,accepted,0.504,249.449,
5,accepted,0.500,244.942,
30,accepted,0.500,247.444,
3,accepted,1.003,250.445,
31,accepted,2.004,250.445,
7,accepted,3.006,247.447,
8,accepted,3.006,250.445,
10,accepted,3.006,244.497,
1,accepted,1.092,250.964,
26,accepted,1.092,246.959,
12,accepted,1.000,249.584,
29,accepted,0.597,252.693,
21,accepted,0.500,247.199,
15,accepted,0.000,248.204,
4,accepted,0.000,231.169,
13,accepted,0.000,234.821,
28,accepted,1.004,239.738,
0,accepted,1.004,246.249,
6,accepted,0.999,244.795,
16,accepted,0.499,237.232,
9,accepted,2.000,245.834,
19,accepted,1.182,237.866,
24,accepted,0.504,235.168,
20,accepted,0.000,235.168,
2,accepted,0.504,231.613,
17,accepted,0.000,238.694,
23,accepted,0.681,245.580,
14,accepted,0.500,238.947,
18,accepted,0.499,229.402,
25,accepted,0.000,229.402,
11,accepted,0.571,233.917,
22,accepted,0.500,232.247,
30,accepted,0.000,130.624,
5,accepted,1.003,132.532,
27,accepted,0.499,136.041,
3,accepted,0.499,128.532,
8,accepted,2.006,133.043,
7,accepted,3.005,135.042,
31,accepted,2.006,142.049,
10,accepted,0.000,123.093,
1,accepted,0.000,124.099,
26,accepted,0.539,122.594,
12,accepted,0.000,126.107,
29,accepted,1.998,126.260,
21,accepted,0.752,124.738,
15,accepted,0.000,129.241,
4,accepted,0.000,131.742,
13,accepted,0.000,123.206,
28,accepted,1.003,123.206,
6,accepted,1.000,122.078,
0,accepted,2.504,132.052,
16,accepted,2.008,126.177,
20,accepted,0.000,123.227,
19,accepted,2.507,125.937,
9,accepted,1.006,131.575,
24,accepted,0.000,125.837,
17,accepted,0.000,131.344,
2,accepted,0.000,131.344,
23,accepted,0.903,131.344,
14,accepted,0.504,129.019,
25,accepted,0.500,116.032,
18,accepted,0.000,125.551,
11,accepted,0.500,121.135,
22,accepted,0.000,121.296,
30,accepted,0.000,126.798,
5,accepted,0.500,128.394,
8,accepted,0.500,122.379,
3,accepted,0.000,129.831,
27,accepted,0.500,129.831,
10,accepted,1.500,121.756,
7,accepted,3.500,131.733,
1,accepted,0.000,120.232,
31,accepted,0.000,130.321,
26,accepted,0.000,131.059,
12,accepted,0.000,127.042,
15,accepted,0.501,127.732,
21,accepted,0.501,134.239,
29,accepted,0.000,135.973,
4,accepted,0.502,129.536,
28,accepted,0.499,125.434,
6,accepted,0.000,121.714,
13,accepted,1.000,131.564,
0,accepted,0.500,131.726,
16,accepted,0.000,126.588,
20,accepted,0.000,126.114,
19,accepted,0.587,126.114,
24,accepted,0.587,127.622,
9,accepted,0.587,130.233,
17,accepted,0.499,124.027,
23,accepted,0.000,126.625,
2,accepted,0.000,130.932,
14,accepted,0.999,129.478,
11,accepted,2.091,123.448,
18,accepted,2.091,130.551,
25,accepted,0.593,130.551,
22,accepted,0.515,124.413,
30,accepted,0.501,123.449,
5,accepted,0.000,123.766,
8,accepted,0.500,127.834,
3,accepted,0.000,127.535,
27,accepted,0.000,127.535,
10,accepted,1.068,127.600,
7,accepted,0.567,128.546,
31,accepted,2.000,125.609,
1,accepted,0.000,128.563,
26,accepted,0.000,124.299,
12,accepted,4.003,123.298,
21,accepted,0.000,127.805,
29,accepted,0.000,126.072,
15,accepted,0.000,128.805,
4,accepted,0.573,127.502,
28,accepted,1.003,129.398,
6,accepted,1.003,125.984,
13,accepted,0.500,126.986,
0,accepted,1.004,125.991,
16,accepted,0.000,133.511,
20,accepted,0.000,132.087,
24,accepted,0.498,129.400,
19,accepted,0.500,136.095,
17,accepted,0.500,130.064,
9,accepted,0.500,134.993,
23,accepted,0.000,130.483,
14,accepted,0.000,128.022,
2,accepted,0.000,128.022,
11,accepted,0.000,128.495,
18,accepted,0.000,126.495,
25,accepted,1.013,131.504,
22,accepted,0.000,125.536,
30,accepted,0.500,121.003,
5,accepted,0.671,131.190,
8,accepted,1.002,133.161,
3,accepted,0.685,131.523,
27,accepted,0.000,133.022,
10,accepted,0.499,127.516,
7,accepted,1.003,129.604,
31,accepted,0.000,126.946,
1,accepted,0.000,126.885,
26,accepted,1.026,121.424,
12,accepted,0.506,129.881,
29,accepted,0.000,133.994,
4,accepted,0.501,130.993,
15,accepted,0.501,133.994,
21,accepted,0.000,137.088,
13,accepted,0.504,127.624,
6,accepted,0.504,129.630,
28,accepted,1.003,131.342,
0,accepted,0.000,121.081,
16,accepted,0.546,114.934,
24,accepted,1.002,112.681,
19,accepted,0.000,127.025,
20,accepted,0.000,134.648,
23,accepted,0.000,127.623,
17,accepted,0.000,136.017,
14,accepted,2.004,131.155,
11,accepted,0.500,130.018,
2,accepted,1.999,138.177,
18,accepted,0.000,134.123,
25,accepted,0.497,129.115,
22,accepted,0.502,125.617,
9,accepted,2.004,144.127,
5,accepted,0.000,107.090,
30,accepted,2.001,121.097,
8,accepted,2.005,114.568,
3,accepted,0.500,128.669,
10,accepted,0.000,127.169,
7,accepted,1.006,133.174,
27,accepted,0.589,139.178,
1,accepted,1.499,131.284,
31,accepted,2.008,134.178,
12,accepted,0.000,118.225,
26,accepted,0.000,130.682,
29,accepted,1.003,124.019,
13,accepted,0.000,123.549,
6,accepted,0.000,126.550,
15,accepted,0.000,135.740,
16,accepted,0.501,130.709,
0,accepted,0.501,132.082,
21,accepted,0.498,135.146,
28,accepted,0.498,133.552,
4,accepted,0.498,138.240,
19,accepted,0.000,111.110,
24,accepted,1.093,128.031,
14,accepted,0.582,106.753,
23,accepted,0.000,112.130,
20,accepted,0.582,116.129,
2,accepted,0.501,124.764,
17,accepted,0.503,131.786,
18,accepted,0.504,128.143,
9,accepted,0.000,128.143,
11,accepted,0.000,132.248,
25,accepted,1.000,132.197,
30,accepted,0.000,136.679,
8,accepted,0.556,123.163,
22,accepted,1.000,139.680,
5,accepted,0.499,136.679,
3,accepted,0.000,108.058,
10,accepted,0.710,127.303,
7,accepted,0.000,129.333,
12,accepted,0.000,131.833,
31,accepted,0.000,132.334,
27,accepted,0.499,134.847,
1,accepted,0.000,133.844,
26,accepted,0.000,134.847,
29,accepted,0.500,107.865,
13,accepted,3.111,124.645,
6,accepted,0.999,121.644,
15,accepted,0.500,131.229,
16,accepted,1.000,134.903,
28,accepted,0.000,134.903,
0,accepted,1.500,135.402,
24,accepted,0.000,135.402,
19,accepted,0.499,135.402,
21,accepted,0.499,136.903,
4,accepted,0.500,136.903,
14,accepted,0.000,132.269,
20,accepted,0.516,132.638,
23,accepted,0.516,136.638,
17,accepted,0.500,111.604,
18,accepted,1.001,121.833,
2,accepted,1.003,129.317,
25,accepted,0.000,132.412,
11,accepted,0.505,136.465,
9,accepted,2.503,136.465,
3,accepted,1.000,136.927,
5,accepted,1.000,137.428,
10,accepted,0.500,120.682,
30,accepted,2.500,139.927,
22,accepted,1.000,139.927,
8,accepted,2.001,139.927,
7,accepted,0.000,123.050,
27,accepted,0.000,131.316,
12,accepted,0.587,137.037,
31,accepted,0.587,137.037,
1,accepted,0.000,138.862,
26,accepted,0.533,137.358,
29,accepted,2.173,140.382,
13,accepted,0.000,119.385,
15,accepted,1.004,120.303,
6,accepted,0.498,134.391,
0,accepted,0.499,132.692,
19,accepted,0.499,134.193,
28,accepted,0.500,134.692,
24,accepted,0.500,134.193,
23,accepted,0.000,132.461,
21,accepted,1.000,137.829,
20,accepted,0.499,133.960,
16,accepted,0.000,140.329,
14,accepted,0.499,138.329,
4,accepted,0.499,138.329,
18,accepted,0.500,116.247,
17,accepted,0.499,135.461,
2,accepted,0.000,129.402,
9,accepted,0.500,124.786,
25,accepted,0.500,132.292,
11,accepted,0.500,133.702,
3,accepted,0.500,125.805,
10,accepted,3.503,136.093,
7,accepted,1.499,119.687,
22,accepted,1.499,136.093,
8,accepted,0.999,136.093,
5,accepted,0.000,138.592,
30,accepted,1.499,136.093,
27,accepted,1.021,114.569,
31,accepted,0.499,134.321,
12,accepted,0.500,136.900,
26,accepted,0.626,137.579,
1,accepted,0.500,139.977,
6,accepted,0.624,124.625,
29,accepted,0.500,149.578,
15,accepted,0.498,134.572,
13,accepted,0.000,149.578,
0,accepted,0.000,131.717,
23,accepted,1.500,138.468,
19,accepted,2.000,142.606,
21,accepted,0.000,138.922,
28,accepted,1.500,146.905,
24,accepted,2.000,146.905,
16,accepted,0.000,141.268,
20,accepted,0.000,142.635,
18,accepted,0.000,144.083,
14,accepted,1.999,145.275,
4,accepted,0.000,147.781,
17,accepted,0.000,146.280,
2,accepted,0.499,141.625,
9,accepted,0.499,131.609,
25,accepted,0.499,125.705,
11,accepted,0.000,135.991,
3,accepted,0.000,144.905,
22,accepted,0.000,138.839,
8,accepted,0.000,143.344,
7,accepted,1.000,143.344,
10,accepted,0.000,143.344,
30,accepted,1.566,144.846,
5,accepted,0.566,144.846,
27,accepted,1.065,136.184,
31,accepted,0.500,118.233,
26,accepted,0.000,124.147,
12,accepted,0.000,128.161,
1,accepted,0.000,135.814,
6,accepted,0.000,129.984,
29,accepted,1.001,126.037,
15,accepted,0.500,130.043,
13,accepted,0.500,130.043,
0,accepted,0.503,118.841,
21,accepted,0.502,128.538,
23,accepted,2.499,129.992,
16,accepted,0.000,131.576,
19,accepted,0.000,136.998,
28,accepted,1.002,132.698,
20,accepted,1.002,132.838,
24,accepted,0.000,134.704,
17,accepted,0.499,133.580,
14,accepted,0.499,137.592,
4,accepted,0.999,135.086,
18,accepted,0.503,138.784,
2,accepted,0.500,134.007,
25,accepted,0.499,138.405,
9,accepted,0.499,140.006,
11,accepted,0.000,126.709,
3,accepted,0.000,136.044,
22,accepted,0.500,138.925,
7,accepted,0.499,139.246,
27,accepted,1.001,137.744,
30,accepted,0.499,138.927,
8,accepted,0.000,140.429,
10,accepted,0.499,140.429,
31,accepted,1.500,135.924,
5,accepted,0.500,141.935,
26,accepted,0.629,127.726,
12,accepted,1.521,128.418,
1,accepted,0.000,139.886,
6,accepted,0.000,139.872,
29,accepted,0.503,137.284,
0,accepted,0.000,132.928,
13,accepted,0.000,141.929,
15,accepted,0.000,141.929,
21,accepted,0.000,119.194,
23,accepted,1.500,130.695,
19,accepted,0.500,132.705,
20,accepted,0.000,136.205,
16,accepted,0.500,138.833,
28,accepted,0.000,139.045,
17,accepted,0.000,131.651,
24,accepted,0.000,138.614,
14,accepted,0.000,131.720,
4,accepted,0.683,134.761,
2,accepted,0.000,130.312,
18,accepted,0.000,136.232,
9,accepted,0.000,129.893,
11,accepted,0.000,131.335,
25,accepted,0.500,132.837,
3,accepted,1.500,112.984,
22,accepted,0.500,131.708,
7,accepted,0.000,130.012,
27,accepted,1.998,131.511,
8,accepted,1.998,130.328,
26,accepted,0.000,123.010,
10,accepted,2.500,130.328,
31,accepted,4.499,127.320,
12,accepted,0.000,123.318,
5,accepted,0.000,128.320,
30,accepted,3.000,133.559,
1,accepted,0.500,119.868,
6,accepted,0.000,132.059,
29,accepted,0.000,132.489,
0,accepted,0.000,133.503,
13,accepted,0.000,129.506,
21,accepted,1.500,123.696,
15,accepted,0.939,131.509,
23,accepted,0.000,118.618,
19,accepted,0.000,117.690,
16,accepted,0.000,129.706,
20,accepted,0.000,143.715,
28,accepted,1.620,145.882,
14,accepted,0.999,145.810,
24,accepted,1.620,145.810,
4,accepted,0.499,142.768,
2,accepted,0.500,141.297,
17,accepted,1.620,147.385,
25,accepted,1.227,139.649,
18,accepted,0.500,148.174,
3,accepted,0.000,139.286,
9,accepted,0.000,152.548,
11,accepted,2.000,154.656,
22,accepted,0.500,152.314,
7,accepted,0.000,156.203,
27,accepted,0.500,155.204,
10,accepted,0.500,160.202,
8,accepted,0.500,160.202,
26,accepted,0.500,160.202,
12,accepted,0.500,159.202,
30,accepted,0.500,156.971,
31,accepted,0.500,160.202,
1,accepted,0.500,140.770,
5,accepted,0.589,164.352,
6,accepted,0.503,156.647,
0,accepted,1.002,154.547,
29,accepted,1.003,160.216,
21,accepted,1.002,159.095,
13,accepted,2.135,159.095,
19,accepted,0.000,145.083,
15,accepted,0.500,157.590,
23,accepted,1.002,153.172,
16,accepted,0.503,129.709,
20,accepted,1.999,125.218,
28,accepted,0.000,144.033,
24,accepted,1.004,144.217,
25,accepted,0.500,249.370,
4,accepted,1.498,256.246,
14,accepted,1.498,256.246,
17,accepted,0.998,256.246,
2,accepted,0.998,256.246,
3,accepted,0.500,252.858,
9,accepted,0.000,245.039,
18,accepted,0.000,256.992,
22,accepted,1.003,223.510,
11,accepted,0.000,253.996,
7,accepted,0.500,237.330,
10,accepted,0.998,239.856,
27,accepted,0.000,248.167,
26,accepted,0.499,243.169,
8,accepted,0.499,243.169,
30,accepted,0.000,243.675,
31,accepted,0.000,243.675,
1,accepted,0.000,243.022,
12,accepted,0.000,246.674,
5,accepted,0.959,247.079,
0,accepted,0.000,237.176,
6,accepted,0.503,244.588,
29,accepted,0.620,243.701,
16,accepted,0.000,240.505,
23,accepted,0.500,242.153,
21,accepted,0.000,244.480,
13,accepted,0.500,244.480,
19,accepted,0.500,243.981,
15,accepted,0.500,243.981,
20,accepted,0.500,234.499,
24,accepted,0.000,216.578,
28,accepted,0.798,218.265,
25,accepted,1.155,131.084,
2,accepted,0.498,137.211,
17,accepted,0.498,137.211,
4,accepted,2.004,147.623,
22,accepted,0.000,130.958,
18,accepted,2.000,141.466,
9,accepted,1.998,143.465,
14,accepted,3.505,149.089,
3,accepted,1.500,143.465,
7,accepted,0.500,111.255,
11,accepted,0.499,132.092,
27,accepted,0.999,131.927,
10,accepted,2.000,135.241,
8,accepted,0.508,131.927,
30,accepted,0.508,134.425,
1,accepted,0.684,131.426,
12,accepted,0.499,131.426,
31,accepted,0.000,134.425,
5,accepted,0.499,133.385,
26,accepted,0.000,143.445,
29,accepted,0.000,103.331,
6,accepted,0.501,112.360,
0,accepted,0.500,129.904,
16,accepted,0.000,131.241,
21,accepted,0.690,135.991,
24,accepted,0.000,129.311,
20,accepted,1.000,136.895,
19,accepted,0.000,140.027,
23,accepted,2.190,141.855,
15,accepted,0.634,141.077,
13,accepted,0.500,141.077,
28,accepted,1.740,133.310,
25,accepted,0.501,107.514,
17,accepted,0.583,121.987,
2,accepted,0.000,132.494,
22,accepted,0.503,120.617,
7,accepted,0.503,132.616,
9,accepted,0.503,133.750,
14,accepted,0.500,134.450,
18,accepted,0.000,135.447,
4,accepted,0.500,136.913,
3,accepted,0.000,135.947,
11,accepted,0.000,134.813,
1,accepted,0.660,102.621,
8,accepted,0.660,133.462,
30,accepted,0.500,130.458,
10,accepted,0.660,133.462,
27,accepted,0.000,133.462,
31,accepted,0.000,132.957,
12,accepted,1.498,144.888,
29,accepted,0.000,135.339,
0,accepted,0.740,115.291,
5,accepted,0.501,137.375,
6,accepted,0.740,132.835,
26,accepted,0.586,137.018,
16,accepted,0.000,104.575,
21,accepted,0.000,130.008,
13,accepted,0.499,124.923,
17,accepted,0.818,111.089,
28,accepted,0.500,132.427,
15,accepted,0.000,132.427,
25,accepted,0.500,133.465,
23,accepted,0.498,135.255,
24,accepted,0.000,138.204,
19,accepted,0.498,142.785,
20,accepted,0.700,144.233,
22,accepted,0.500,109.889,
2,accepted,0.500,113.115,
9,accepted,3.000,136.427,
3,accepted,3.000,134.229,
31,accepted,0.499,111.083,
30,accepted,2.500,113.582,
18,accepted,2.000,144.741,
10,accepted,0.000,113.582,
27,accepted,0.000,113.582,
8,accepted,0.000,113.582,
11,accepted,3.000,144.241,
4,accepted,2.143,144.741,
1,accepted,2.500,141.419,
14,accepted,1.500,145.739,
7,accepted,2.000,148.054,
12,accepted,0.774,100.767,
16,accepted,0.000,137.327,
6,accepted,2.001,140.175,
5,accepted,1.498,140.175,
17,accepted,0.501,100.015,
21,accepted,0.500,107.519,
26,accepted,0.999,139.532,
0,accepted,2.001,141.779,
29,accepted,1.002,144.930,
28,accepted,0.999,109.545,
13,accepted,0.500,123.476,
24,accepted,0.499,124.798,
20,accepted,0.499,117.269,
15,accepted,0.500,126.576,
23,accepted,0.499,127.637,
25,accepted,0.500,131.303,
22,accepted,0.000,125.261,
19,accepted,0.000,125.261,
2,accepted,0.500,128.550,
9,accepted,0.499,122.708,
3,accepted,0.000,137.380,
27,accepted,1.151,127.368,
11,accepted,1.998,130.155,
12,accepted,2.651,128.539,
1,accepted,2.151,130.155,
7,accepted,1.498,128.539,
18,accepted,1.651,133.156,
31,accepted,2.151,133.156,
4,accepted,0.998,133.156,
8,accepted,0.000,133.156,
30,accepted,0.000,133.156,
14,accepted,0.000,134.656,
10,accepted,0.000,134.656,
16,accepted,0.504,124.975,
17,accepted,0.499,130.127,
6,accepted,2.009,130.127,
26,accepted,1.006,135.777,
21,accepted,0.501,135.777,
5,accepted,0.505,135.777,
29,accepted,1.000,131.022,
0,accepted,0.000,134.173,
24,accepted,0.616,111.306,
13,accepted,0.000,121.911,
28,accepted,0.504,130.212,
15,accepted,1.499,115.843,
23,accepted,0.999,117.484,
20,accepted,2.000,120.323,
25,accepted,1.167,127.365,
19,accepted,0.000,125.876,
2,accepted,1.662,125.184,
22,accepted,0.000,131.699,
9,accepted,0.500,119.595,
18,accepted,1.499,119.588,
3,accepted,0.501,125.376,
27,accepted,0.649,130.945,
11,accepted,2.501,130.666,
8,accepted,0.000,129.675,
1,accepted,2.000,132.677,
12,accepted,0.624,132.677,
10,accepted,0.000,129.565,
7,accepted,0.624,134.066,
30,accepted,0.000,131.064,
14,accepted,2.162,134.174,
31,accepted,0.000,135.674,
4,accepted,0.624,136.689,
16,accepted,0.000,120.421,
6,accepted,0.000,132.255,
17,accepted,2.000,132.255,
21,accepted,0.000,129.582,
24,accepted,2.669,130.018,
15,accepted,0.500,125.481,
0,accepted,1.999,132.108,
26,accepted,2.000,132.108,
29,accepted,2.170,132.108,
13,accepted,2.999,130.018,
25,accepted,0.500,113.995,
28,accepted,2.999,134.683,
23,accepted,1.998,129.040,
20,accepted,0.000,134.153,
5,accepted,3.168,145.260,
19,accepted,1.998,120.606,
22,accepted,0.501,114.784,
2,accepted,0.000,125.905,
9,accepted,0.498,134.442,
18,accepted,1.000,125.080,
3,accepted,0.500,125.080,
11,accepted,0.999,123.967,
27,accepted,0.499,134.342,
7,accepted,0.521,128.435,
8,accepted,0.521,131.020,
12,accepted,0.521,131.020,
10,accepted,0.000,132.631,
1,accepted,0.521,135.019,
14,accepted,0.520,129.020,
4,accepted,0.999,128.505,
30,accepted,0.000,135.131,
31,accepted,0.000,134.528,
16,accepted,0.533,127.014,
6,accepted,1.002,124.384,
21,accepted,0.547,121.407,
17,accepted,0.000,132.375,
24,accepted,0.000,128.370,
29,accepted,1.004,131.985,
25,accepted,1.507,126.449,
15,accepted,0.500,132.989,
13,accepted,1.507,132.989,
26,accepted,1.507,132.989,
0,accepted,1.340,132.989,
20,accepted,1.018,119.837,
23,accepted,0.503,124.950,
5,accepted,0.582,125.841,
28,accepted,0.000,132.453,
2,accepted,0.582,120.221,
19,accepted,0.000,131.343,
22,accepted,0.000,131.343,
3,accepted,0.669,120.623,
9,accepted,0.999,131.714,
18,accepted,0.636,128.621,
11,accepted,0.935,138.182,
27,accepted,0.500,134.232,
7,accepted,0.000,142.833,
12,accepted,0.500,141.637,
1,accepted,0.497,137.638,
10,accepted,0.503,140.636,
8,accepted,0.503,143.637,
30,accepted,2.004,138.136,
4,accepted,2.004,144.665,
14,accepted,2.004,145.165,
31,accepted,0.500,146.443,
6,accepted,1.019,122.012,
16,accepted,0.960,145.554,
17,accepted,0.500,127.103,
21,accepted,0.500,151.104,
24,accepted,1.001,152.632,
25,accepted,0.501,149.017,
15,accepted,1.018,154.950,
23,accepted,3.000,161.528,
28,accepted,3.999,155.524,
20,accepted,3.518,161.528,
13,accepted,3.000,161.528,
29,accepted,1.500,162.531,
26,accepted,2.017,163.029,
0,accepted,3.999,163.029,
5,accepted,2.500,157.025,
2,accepted,0.000,155.024,
22,accepted,0.503,155.024,
19,accepted,0.503,161.022,
9,accepted,2.488,147.739,
3,accepted,0.662,153.880,
18,accepted,0.504,147.383,
11,accepted,0.503,133.858,
7,accepted,0.000,128.847,
27,accepted,1.002,139.169,
12,accepted,0.500,130.569,
1,accepted,0.504,138.734,
10,accepted,0.504,148.332,
14,accepted,4.932,142.805,
8,accepted,5.432,150.846,
31,accepted,0.565,140.056,
30,accepted,4.932,152.370,
4,accepted,0.500,149.855,
6,accepted,1.998,149.041,
16,accepted,1.501,143.630,
17,accepted,1.000,143.036,
21,accepted,0.498,134.434,
24,accepted,0.000,134.025,
25,accepted,0.000,144.535,
23,accepted,1.634,139.623,
15,accepted,1.634,146.201,
29,accepted,3.002,145.120,
5,accepted,2.999,143.619,
20,accepted,2.501,145.120,
2,accepted,1.997,142.432,
19,accepted,0.998,139.120,
13,accepted,2.501,150.119,
28,accepted,3.999,150.119,
26,accepted,3.999,148.618,
0,accepted,0.998,154.133,
22,accepted,1.997,150.633,
9,accepted,0.998,142.713,
3,accepted,1.001,136.572,
18,accepted,1.507,141.585,
11,accepted,6.500,148.596,
7,accepted,2.500,141.089,
27,accepted,0.613,139.367,
12,accepted,2.500,140.866,
1,accepted,1.998,134.702,
10,accepted,2.003,129.112,
8,accepted,1.498,129.096,
14,accepted,0.999,131.610,
31,accepted,0.000,134.080,
4,accepted,0.000,131.067,
30,accepted,0.000,140.103,
6,accepted,1.998,135.122,
16,accepted,0.680,139.059,
17,accepted,1.499,137.561,
21,accepted,0.500,135.154,
24,accepted,0.503,126.441,
25,accepted,0.000,117.555,
15,accepted,0.546,124.302,
23,accepted,0.000,130.307,
29,accepted,0.653,129.254,
20,accepted,1.000,135.000,
2,accepted,2.001,132.687,
5,accepted,0.502,135.000,
26,accepted,0.000,130.002,
19,accepted,1.000,130.002,
0,accepted,1.999,124.486,
22,accepted,1.999,128.986,
28,accepted,2.999,141.018,
13,accepted,1.999,151.009,
9,accepted,1.003,124.743,
3,accepted,1.003,132.756,
18,accepted,0.500,130.742,
27,accepted,0.500,128.739,
7,accepted,0.000,128.739,
12,accepted,0.000,130.244,
11,accepted,0.000,131.743,
1,accepted,0.000,131.745,
4,accepted,0.664,123.611,
31,accepted,0.656,123.611,
10,accepted,0.000,132.617,
8,accepted,0.000,130.118,
14,accepted,0.000,140.771,
30,accepted,1.998,128.240,
6,accepted,0.555,130.267,
16,accepted,0.500,130.625,
17,accepted,3.000,126.615,
21,accepted,4.007,135.640,
24,accepted,1.498,137.929,
25,accepted,1.001,135.301,
15,accepted,2.000,128.445,
23,accepted,1.002,131.485,
29,accepted,0.613,133.400,
20,accepted,0.501,134.317,
19,accepted,0.500,134.317,
5,accepted,0.500,138.754,
0,accepted,0.000,138.754,
22,accepted,2.500,136.838,
2,accepted,0.500,141.338,
26,accepted,4.000,142.713,
28,accepted,0.498,131.697,
13,accepted,1.003,130.842,
9,accepted,0.000,137.291,
3,accepted,2.000,134.412,
18,accepted,0.555,134.369,
27,accepted,0.660,137.079,
7,accepted,0.505,142.577,
11,accepted,0.505,139.573,
1,accepted,3.184,136.571,
12,accepted,4.685,143.081,
4,accepted,0.000,137.522,
8,accepted,0.535,140.370,
31,accepted,0.498,140.370,
30,accepted,0.663,130.878,
10,accepted,1.033,141.531,
14,accepted,1.009,140.358,
6,accepted,0.000,140.873,
16,accepted,0.540,138.275,
17,accepted,0.500,143.129,
25,accepted,1.543,137.585,
21,accepted,0.625,141.771,
24,accepted,0.000,137.585,
15,accepted,0.503,138.108,
23,accepted,0.500,129.063,
29,accepted,0.650,129.729,
19,accepted,1.118,146.114,
20,accepted,0.630,146.114,
5,accepted,0.618,143.426,
0,accepted,0.503,143.426,
2,accepted,2.507,142.348,
22,accepted,0.500,142.348,
28,accepted,0.000,148.680,
26,accepted,2.007,148.680,
13,accepted,2.006,142.524,
9,accepted,3.500,139.838,
18,accepted,2.268,137.425,
3,accepted,3.500,149.693,
27,accepted,0.999,139.547,
7,accepted,3.500,143.547,
11,accepted,0.499,143.547,
10,accepted,0.521,135.564,
4,accepted,0.499,139.574,
12,accepted,1.000,144.397,
8,accepted,0.499,136.725,
1,accepted,2.500,147.404,
31,accepted,0.521,141.880,
14,accepted,0.521,131.239,
30,accepted,0.000,140.719,
17,accepted,0.000,122.078,
6,accepted,0.000,147.856,
16,accepted,0.000,144.587,
25,accepted,0.500,138.794,
21,accepted,0.520,138.794,
15,accepted,0.000,134.869,
23,accepted,0.000,136.378,
24,accepted,0.520,144.390,
29,accepted,0.000,134.863,
20,accepted,0.000,120.822,
5,accepted,0.000,127.032,
0,accepted,1.496,134.603,
19,accepted,0.000,136.351,
22,accepted,1.498,134.601,
28,accepted,1.000,127.896,
2,accepted,1.995,135.604,
26,accepted,0.501,133.393,
13,accepted,0.000,134.912,
9,accepted,0.500,129.939,
18,accepted,0.000,122.761,
3,accepted,0.509,124.100,
27,accepted,0.000,134.536,
7,accepted,0.575,126.538,
10,accepted,0.506,129.814,
11,accepted,0.000,134.171,
1,accepted,0.000,133.813,
17,accepted,0.000,124.284,
12,accepted,0.000,134.943,
8,accepted,0.000,134.943,
4,accepted,0.000,134.943,
31,accepted,0.000,134.800,
14,accepted,0.000,134.800,
30,accepted,0.000,134.800,
16,accepted,0.500,123.605,
6,accepted,0.500,133.677,
25,accepted,0.497,132.015,
15,accepted,0.499,137.333,
21,accepted,0.000,142.423,
23,accepted,0.000,141.264,
24,accepted,0.536,142.833,
29,accepted,0.000,137.323,
20,accepted,0.000,134.331,
5,accepted,1.024,134.885,
19,accepted,0.000,136.246,
0,accepted,1.024,136.246,
22,accepted,0.000,140.900,
26,accepted,0.000,137.303,
2,accepted,0.000,144.307,
28,accepted,0.000,144.307,
13,accepted,0.000,142.157,
9,accepted,0.000,147.874,
18,accepted,0.000,147.874,
3,accepted,0.000,138.724,
27,accepted,0.000,141.826,
7,accepted,0.000,149.636,
10,accepted,0.000,147.573,
11,accepted,0.000,155.554,
1,accepted,1.070,151.554,
17,accepted,0.570,156.454,
12,accepted,0.000,156.454,
8,accepted,0.000,158.351,
4,accepted,0.000,158.351,
31,accepted,0.000,153.339,
30,accepted,0.502,161.440,
14,accepted,0.000,161.440,
16,accepted,0.000,149.475,
6,accepted,0.000,149.603,
25,accepted,0.498,156.064,
15,accepted,0.500,149.518,
21,accepted,0.000,150.022,
23,accepted,0.000,155.608,
24,accepted,0.500,155.378,
29,accepted,1.000,155.378,
20,accepted,0.000,149.363,
5,accepted,0.000,146.017,
19,accepted,0.000,141.895,
22,accepted,0.000,139.831,
26,accepted,0.000,148.911,
0,accepted,0.000,159.019,
28,accepted,0.000,151.396,
2,accepted,0.000,153.786,
13,accepted,0.506,147.432,
18,accepted,0.000,144.781,
9,accepted,0.000,146.281,
3,accepted,0.000,150.280,
27,accepted,0.504,140.742,
7,accepted,0.504,140.956,
10,accepted,0.000,142.895,
11,accepted,0.499,136.921,
1,accepted,0.499,136.921,
17,accepted,0.000,136.855,
8,accepted,0.000,134.959,
31,accepted,0.000,138.952,
12,accepted,0.000,140.848,
4,accepted,0.000,140.010,
16,accepted,0.000,131.909,
6,accepted,0.000,127.282,
14,accepted,0.000,137.482,
30,accepted,0.000,137.482,
25,accepted,0.000,119.267,
15,accepted,0.000,127.545,
21,accepted,0.000,134.596,
23,accepted,0.000,130.067,
24,accepted,1.003,132.603,
29,accepted,0.498,133.913,
19,accepted,0.000,123.937,
20,accepted,0.000,133.913,
5,accepted,1.022,134.440,
22,accepted,0.000,125.537,
28,accepted,0.499,118.069,
2,accepted,0.000,125.073,
26,accepted,0.500,131.455,
0,accepted,0.000,137.031,
13,accepted,0.000,132.837,
18,accepted,0.962,132.884,
9,accepted,0.962,132.930,
3,accepted,0.000,134.353,
27,accepted,0.500,125.325,
7,accepted,0.000,123.830,
11,accepted,0.000,129.766,
10,accepted,0.500,131.772,
1,accepted,1.003,131.849,
17,accepted,1.003,127.890,
31,accepted,0.000,123.897,
8,accepted,0.000,133.893,
4,accepted,0.000,132.854,
12,accepted,0.000,133.912,
14,accepted,0.500,128.959,
16,accepted,0.000,134.531,
30,accepted,0.500,134.489,
25,accepted,0.000,125.977,
6,accepted,0.500,134.489,
15,accepted,0.618,122.987,
23,accepted,0.000,126.947,
21,accepted,0.000,133.999,
24,accepted,0.500,129.995,
29,accepted,0.500,132.679,
19,accepted,0.000,134.122,
5,accepted,0.000,128.429,
20,accepted,0.000,134.122,
28,accepted,0.000,126.362,
22,accepted,0.499,134.870,
0,accepted,0.500,116.984,
2,accepted,1.002,123.607,
13,accepted,0.581,122.171,
26,accepted,0.000,131.427,
18,accepted,0.500,122.235,
9,accepted,0.000,130.644,
27,accepted,0.000,130.828,
3,accepted,0.000,132.388,
7,accepted,0.500,127.221,
11,accepted,0.504,124.537,
1,accepted,0.000,123.455,
10,accepted,1.181,129.546,
8,accepted,0.500,124.442,
31,accepted,0.000,131.827,
17,accepted,0.500,131.827,
4,accepted,1.639,121.813,
12,accepted,0.000,127.946,
16,accepted,0.000,130.071,
30,accepted,0.000,124.540,
25,accepted,1.003,126.039,
14,accepted,0.000,131.569,
6,accepted,0.000,131.543,
15,accepted,0.500,125.899,
23,accepted,0.503,126.324,
21,accepted,0.000,127.284,
24,accepted,0.000,125.917,
29,accepted,0.000,126.930,
19,accepted,0.000,129.993,
20,accepted,0.565,130.493,
5,accepted,0.565,131.494,
28,accepted,0.000,130.062,
2,accepted,0.000,124.924,
22,accepted,0.000,132.967,
0,accepted,0.000,127.780,
13,accepted,1.500,125.027,
26,accepted,1.500,132.134,
18,accepted,0.627,131.765,
9,accepted,0.499,132.612,
27,accepted,0.000,129.009,
7,accepted,0.503,129.973,
3,accepted,0.503,133.839,
11,accepted,0.000,121.680,
10,accepted,0.000,121.519,
1,accepted,0.000,131.715,
31,accepted,0.000,124.835,
8,accepted,0.499,128.723,
4,accepted,0.000,131.191,
12,accepted,1.003,126.215,
17,accepted,0.000,132.349,
30,accepted,0.000,127.953,
25,accepted,0.000,130.507,
16,accepted,0.500,132.005,
6,accepted,0.500,125.002,
14,accepted,0.000,132.170,
15,accepted,0.000,129.511,
21,accepted,0.000,117.269,
23,accepted,0.504,126.155,
24,accepted,1.156,130.312,
29,accepted,1.657,126.792,
19,accepted,0.000,129.304,
20,accepted,0.499,130.803,
5,accepted,0.000,129.803,
28,accepted,0.000,126.820,
2,accepted,0.000,125.321,
22,accepted,0.000,128.916,
0,accepted,0.000,127.465,
13,accepted,0.000,125.477,
26,accepted,0.000,124.838,
18,accepted,0.000,120.349,
9,accepted,0.000,128.680,
27,accepted,0.000,131.186,
7,accepted,0.000,125.801,
11,accepted,0.000,126.830,
3,accepted,0.678,131.772,
10,accepted,0.504,124.986,
1,accepted,0.646,124.331,
8,accepted,0.503,125.802,
4,accepted,0.000,121.951,
31,accepted,0.000,128.308,
17,accepted,0.000,128.338,
30,accepted,0.000,124.964,
12,accepted,0.000,132.003,
25,accepted,0.000,128.923,
6,accepted,1.003,128.923,
16,accepted,0.000,131.999,
14,accepted,0.501,131.335,
15,accepted,1.003,132.749,
21,accepted,0.000,124.038,
23,accepted,0.000,133.587,
24,accepted,0.000,130.936,
29,accepted,1.001,131.744,
19,accepted,0.502,126.542,
20,accepted,0.000,130.726,
5,accepted,0.999,133.233,
22,accepted,0.500,127.207,
28,accepted,1.999,133.211,
2,accepted,0.000,133.211,
13,accepted,0.533,130.641,
26,accepted,0.000,124.173,
0,accepted,0.000,134.899,
18,accepted,0.000,125.970,
9,accepted,0.503,124.632,
7,accepted,0.499,132.059,
10,accepted,0.498,123.551,
27,accepted,0.000,132.059,
11,accepted,1.248,126.556,
31,accepted,0.500,116.124,
3,accepted,0.498,130.664,
1,accepted,0.000,127.611,
8,accepted,0.000,123.077,
17,accepted,0.000,124.099,
4,accepted,0.000,131.644,
30,accepted,0.000,121.934,
25,accepted,0.682,123.431,
16,accepted,0.000,122.363,
12,accepted,1.184,131.950,
6,accepted,0.000,135.398,
15,accepted,0.500,129.616,
14,accepted,0.499,142.884,
21,accepted,0.000,136.622,
24,accepted,0.500,126.162,
23,accepted,0.500,134.184,
29,accepted,1.803,123.868,
19,accepted,0.000,140.103,
20,accepted,0.000,133.921,
2,accepted,0.502,135.413,
5,accepted,0.553,137.419,
22,accepted,0.502,138.437,
28,accepted,0.572,140.444,
26,accepted,1.506,141.860,
18,accepted,0.499,133.865,
13,accepted,0.500,141.860,
0,accepted,0.999,140.681,
9,accepted,0.500,124.583,
7,accepted,1.008,138.830,
31,accepted,0.000,136.268,
11,accepted,0.500,141.847,
10,accepted,0.000,147.750,
17,accepted,0.000,128.151,
1,accepted,0.000,139.660,
3,accepted,0.000,145.170,
8,accepted,0.000,138.217,
27,accepted,1.005,150.750,
4,accepted,1.000,131.151,
30,accepted,0.000,136.662,
25,accepted,0.000,127.153,
16,accepted,0.499,129.764,
6,accepted,0.501,131.328,
12,accepted,1.000,142.787,
15,accepted,0.000,139.395,
21,accepted,0.000,137.776,
14,accepted,0.000,138.276,
24,accepted,0.000,128.415,
23,accepted,0.000,133.914,
29,accepted,0.000,133.914,
19,accepted,0.000,120.862,
5,accepted,0.000,127.875,
2,accepted,0.000,127.875,
20,accepted,0.501,133.881,
28,accepted,0.000,129.229,
22,accepted,0.000,133.367,
18,accepted,0.501,131.937,
0,accepted,0.000,131.937,
13,accepted,0.000,131.937,
9,accepted,0.000,123.425,
26,accepted,0.504,136.456,
7,accepted,0.000,125.805,
31,accepted,1.000,130.798,
10,accepted,0.000,124.896,
17,accepted,0.000,126.901,
11,accepted,0.000,134.305,
8,accepted,0.000,131.396,
3,accepted,0.000,131.396,
1,accepted,0.000,132.895,
27,accepted,1.633,131.396,
30,accepted,0.000,128.917,
4,accepted,0.000,134.427,
25,accepted,0.501,133.896,
16,accepted,0.000,129.278,
12,accepted,0.000,117.312,
6,accepted,0.689,118.811,
15,accepted,0.000,128.715,
14,accepted,0.000,129.835,
21,accepted,0.000,133.179,
24,accepted,0.520,129.059,
23,accepted,0.502,128.566,
19,accepted,0.000,129.244,
5,accepted,0.000,116.226,
29,accepted,0.499,142.266,
2,accepted,1.004,131.655,
22,accepted,0.504,124.142,
20,accepted,1.508,137.776,
28,accepted,1.003,136.929,
9,accepted,0.000,140.418,
0,accepted,0.503,140.418,
13,accepted,0.503,140.418,
18,accepted,0.503,140.418,
26,accepted,0.000,141.407,
7,accepted,0.501,139.058,
10,accepted,0.000,137.015,
31,accepted,0.505,144.035,
11,accepted,0.599,142.329,
17,accepted,0.599,142.329,
8,accepted,0.599,143.046,
3,accepted,1.165,147.500,
30,accepted,1.165,142.967,
27,accepted,1.665,149.046,
1,accepted,1.665,149.046,
4,accepted,0.000,147.451,
25,accepted,0.000,142.471,
16,accepted,0.000,142.471,
12,accepted,0.500,148.945,
6,accepted,0.613,159.459,
15,accepted,0.500,148.956,
14,accepted,0.000,152.363,
21,accepted,0.652,155.136,
24,accepted,0.500,159.222,
23,accepted,0.000,156.224,
19,accepted,0.000,153.543,
5,accepted,0.503,159.304,
2,accepted,0.000,143.876,
29,accepted,0.000,153.783,
20,accepted,0.498,142.754,
22,accepted,0.000,160.381,
28,accepted,0.501,148.723,
9,accepted,0.501,142.659,
18,accepted,0.546,148.166,
0,accepted,0.546,153.165,
26,accepted,0.500,152.399,
13,accepted,0.546,157.906,
7,accepted,0.000,136.786,
10,accepted,0.000,146.677,
11,accepted,0.000,140.365,
17,accepted,0.000,140.365,
31,accepted,0.516,142.166,
8,accepted,0.000,145.128,
3,accepted,0.000,140.674,
27,accepted,2.009,144.578,
1,accepted,0.000,144.578,
30,accepted,2.009,146.124,
16,accepted,0.000,141.640,
4,accepted,0.000,144.917,
12,accepted,0.000,137.388,
15,accepted,0.541,121.362,
25,accepted,1.000,151.929,
6,accepted,1.000,133.885,
14,accepted,0.000,127.723,
21,accepted,0.499,133.620,
23,accepted,0.000,127.525,
24,accepted,0.921,136.683,
19,accepted,0.000,132.675,
2,accepted,0.000,126.915,
29,accepted,0.000,132.420,
5,accepted,0.500,134.919,
20,accepted,0.000,136.429,
22,accepted,0.000,132.556,
18,accepted,1.000,122.534,
9,accepted,0.500,128.041,
28,accepted,0.000,135.101,
0,accepted,0.000,129.335,
26,accepted,1.051,131.109,
7,accepted,0.000,126.532,
13,accepted,0.000,132.614,
10,accepted,0.499,117.679,
11,accepted,0.503,129.692,
8,accepted,0.499,121.394,
31,accepted,0.000,132.868,
17,accepted,0.000,132.868,
3,accepted,0.000,128.923,
30,accepted,0.000,127.480,
4,accepted,0.574,124.202,
16,accepted,1.002,133.983,
1,accepted,0.574,133.983,
27,accepted,0.574,133.983,
12,accepted,1.002,132.183,
15,accepted,0.000,126.194,
6,accepted,0.500,126.194,
25,accepted,0.500,132.652,
14,accepted,0.545,122.813,
21,accepted,0.499,121.465,
23,accepted,0.503,134.122,
24,accepted,0.504,133.114,
19,accepted,0.999,134.133,
2,accepted,0.499,134.133,
5,accepted,0.000,127.626,
20,accepted,0.000,121.117,
22,accepted,0.500,117.992,
29,accepted,0.500,133.136,
18,accepted,0.000,120.461,
28,accepted,0.000,133.133,
9,accepted,0.000,133.133,
0,accepted,0.502,132.831,
26,accepted,0.501,126.316,
7,accepted,0.523,132.943,
13,accepted,0.000,132.943,
10,accepted,0.000,135.448,
11,accepted,0.000,125.936,
31,accepted,0.000,132.211,
8,accepted,1.629,136.843,
3,accepted,0.638,129.314,
17,accepted,0.630,136.843,
30,accepted,0.000,125.308,
27,accepted,0.000,135.021,
16,accepted,0.622,135.021,
4,accepted,0.000,141.524,
1,accepted,2.517,142.016,
12,accepted,1.518,140.538,
15,accepted,0.500,140.016,
6,accepted,0.500,140.016,
25,accepted,0.000,136.050,
14,accepted,0.503,138.824,
21,accepted,0.000,128.157,
23,accepted,0.000,127.773,
24,accepted,0.497,141.224,
19,accepted,0.499,139.205,
2,accepted,0.499,140.703,
29,accepted,0.000,134.694,
20,accepted,0.000,140.204,
22,accepted,0.499,136.263,
5,accepted,0.000,146.058,
28,accepted,0.000,126.546,
18,accepted,0.503,139.218,
9,accepted,0.678,139.190,
0,accepted,0.500,130.205,
26,accepted,0.000,137.465,
13,accepted,1.179,141.422,
7,accepted,0.000,142.420,
11,accepted,0.695,127.899,
10,accepted,0.000,139.859,
30,accepted,0.000,122.337,
31,accepted,0.000,128.468,
3,accepted,0.499,135.846,
8,accepted,1.003,137.853,
17,accepted,1.080,137.853,
16,accepted,0.501,122.639,
27,accepted,0.000,129.983,
12,accepted,1.003,125.994,
4,accepted,1.003,132.989,
1,accepted,0.000,125.994,
25,accepted,0.501,131.299,
6,accepted,0.000,133.791,
15,accepted,0.501,135.291,
21,accepted,0.998,132.607,
14,accepted,1.696,132.607,
23,accepted,0.000,120.335,
19,accepted,0.000,135.773,
24,accepted,0.500,135.773,
5,accepted,0.000,141.957,
2,accepted,0.000,148.809,
20,accepted,0.000,149.149,
29,accepted,1.002,149.812,
22,accepted,1.002,153.170,
9,accepted,0.500,136.654,
18,accepted,0.000,149.298,
28,accepted,0.000,151.297,
26,accepted,0.498,147.436,
0,accepted,2.504,156.196,
11,accepted,1.499,151.581,
30,accepted,0.000,147.561,
13,accepted,0.499,157.081,
7,accepted,0.498,158.253,
10,accepted,0.498,151.303,
31,accepted,0.500,158.869,
3,accepted,0.500,150.293,
16,accepted,0.505,147.283,
17,accepted,1.998,148.286,
8,accepted,0.499,156.865,
1,accepted,0.000,149.516,
27,accepted,0.000,156.233,
12,accepted,0.000,161.243,
4,accepted,0.500,168.612,
25,accepted,0.533,160.315,
6,accepted,0.000,171.859,
21,accepted,0.000,161.342,
15,accepted,0.836,171.979,
14,accepted,1.001,170.132,
23,accepted,0.499,171.750,
19,accepted,0.500,157.448,
24,accepted,0.708,169.488,
22,accepted,0.000,160.049,
5,accepted,0.000,165.976,
2,accepted,0.000,165.976,
29,accepted,0.501,167.486,
9,accepted,0.000,161.275,
18,accepted,0.000,161.275,
20,accepted,0.999,169.960,
28,accepted,0.000,162.803,
26,accepted,0.500,148.417,
0,accepted,0.000,162.455,
11,accepted,0.499,158.240,
13,accepted,0.000,153.739,
30,accepted,0.000,155.762,
10,accepted,0.000,161.211,
7,accepted,0.000,168.408,
31,accepted,0.000,157.772,
17,accepted,0.000,157.342,
16,accepted,0.640,157.342,
3,accepted,0.000,162.855,
8,accepted,0.669,154.276,
27,accepted,2.000,146.561,
1,accepted,2.000,158.285,
12,accepted,0.000,154.578,
4,accepted,0.000,147.209,
25,accepted,0.000,158.952,
6,accepted,0.500,147.408,
15,accepted,0.500,154.909,
21,accepted,0.500,156.528,
14,accepted,0.692,155.250,
23,accepted,0.000,158.136,
19,accepted,0.499,147.425,
24,accepted,0.581,144.216,
2,accepted,0.658,155.418,
9,accepted,0.660,150.752,
18,accepted,0.000,152.256,
22,accepted,0.000,157.579,
5,accepted,0.000,157.579,
29,accepted,0.000,154.067,
28,accepted,0.000,153.735,
20,accepted,0.000,157.262,
26,accepted,1.002,156.605,
0,accepted,0.000,150.226,
11,accepted,0.499,146.028,
10,accepted,0.000,143.583,
30,accepted,0.632,155.211,
13,accepted,0.000,157.234,
16,accepted,0.499,148.561,
7,accepted,0.517,151.565,
31,accepted,0.000,156.705,
17,accepted,0.000,153.701,
1,accepted,0.499,143.676,
3,accepted,0.499,151.688,
8,accepted,1.004,153.189,
27,accepted,0.499,156.692,
4,accepted,0.000,148.616,
25,accepted,0.000,145.755,
12,accepted,0.000,157.499,
6,accepted,0.574,152.451,
15,accepted,0.499,147.284,
21,accepted,0.504,148.348,
14,accepted,0.000,152.859,
23,accepted,0.503,151.036,
19,accepted,0.000,141.019,
24,accepted,0.000,137.122,
18,accepted,0.781,242.445,
2,accepted,0.500,244.606,
22,accepted,0.000,249.532,
9,accepted,0.781,251.036,
20,accepted,0.501,245.957,
29,accepted,0.634,250.963,
26,accepted,0.000,242.832,
5,accepted,0.634,254.879,
28,accepted,1.503,252.472,
11,accepted,0.500,233.188,
0,accepted,0.000,240.509,
10,accepted,0.000,234.506,
30,accepted,0.000,232.997,
13,accepted,0.000,240.610,
16,accepted,0.504,241.243,
7,accepted,0.000,242.742,
1,accepted,0.000,234.102,
31,accepted,0.542,240.105,
17,accepted,0.000,240.105,
8,accepted,0.499,239.109,
3,accepted,0.501,240.611,
4,accepted,0.000,229.153,
27,accepted,0.000,237.108,
12,accepted,0.000,227.158,
6,accepted,0.000,226.084,
25,accepted,0.623,236.783,
15,accepted,0.000,232.486,
21,accepted,0.000,235.583,
24,accepted,0.000,231.967,
14,accepted,0.499,239.583,
23,accepted,0.499,237.516,
19,accepted,0.499,237.516,
18,accepted,0.791,130.205,
22,accepted,0.791,123.117,
20,accepted,0.499,122.782,
2,accepted,0.791,131.301,
9,accepted,0.499,130.219,
29,accepted,0.000,128.788,
5,accepted,0.502,124.872,
26,accepted,1.502,124.872,
11,accepted,0.000,126.107,
28,accepted,0.500,130.342,
0,accepted,0.499,127.111,
10,accepted,0.000,118.596,
30,accepted,0.500,123.989,
13,accepted,0.500,121.012,
16,accepted,0.501,126.735,
17,accepted,0.000,127.741,
31,accepted,1.627,127.741,
1,accepted,1.627,130.744,
7,accepted,1.627,130.744,
8,accepted,0.000,125.736,
27,accepted,0.000,131.237,
3,accepted,0.000,133.502,
6,accepted,0.000,127.508,
15,accepted,0.591,117.153,
4,accepted,0.000,140.018,
12,accepted,0.504,133.130,
25,accepted,0.499,128.515,
21,accepted,0.591,118.003,
24,accepted,0.499,124.148,
23,accepted,0.505,132.045,
14,accepted,0.000,142.297,
19,accepted,0.505,142.187,
22,accepted,0.000,118.355,
18,accepted,1.500,126.188,
20,accepted,0.999,133.735,
2,accepted,0.000,133.735,
5,accepted,0.000,131.675,
29,accepted,0.000,132.782,
9,accepted,0.000,132.782,
26,accepted,3.500,132.782,
11,accepted,0.999,126.487,
28,accepted,0.000,126.487,
0,accepted,0.000,134.494,
30,accepted,0.505,126.601,
10,accepted,0.000,142.345,
13,accepted,1.002,133.875,
16,accepted,0.504,116.349,
17,accepted,0.503,118.953,
7,accepted,0.000,133.557,
1,accepted,0.000,133.557,
31,accepted,1.002,134.057,
8,accepted,0.000,132.057,
27,accepted,0.500,126.552,
6,accepted,2.126,117.771,
3,accepted,2.126,128.795,
4,accepted,2.000,121.927,
21,accepted,0.000,124.597,
15,accepted,2.505,129.608,
12,accepted,2.000,129.608,
25,accepted,2.000,124.597,
24,accepted,0.770,133.960,
14,accepted,0.000,121.346,
23,accepted,0.507,136.915,
22,accepted,0.000,127.772,
19,accepted,0.000,136.340,
18,accepted,0.610,126.010,
20,accepted,0.000,118.868,
5,accepted,0.505,122.618,
29,accepted,2.006,128.577,
2,accepted,0.551,133.630,
9,accepted,1.498,135.530,
11,accepted,1.997,134.757,
26,accepted,1.997,137.031,
28,accepted,0.499,135.258,
0,accepted,0.000,128.746,
30,accepted,0.000,129.749,
13,accepted,0.506,125.781,
10,accepted,0.506,129.841,
17,accepted,0.500,128.162,
16,accepted,0.500,137.282,
1,accepted,0.000,130.995,
31,accepted,0.000,137.091,
6,accepted,1.004,135.594,
7,accepted,0.000,137.091,
8,accepted,0.504,137.091,
3,accepted,0.588,134.584,
27,accepted,0.000,139.099,
4,accepted,1.074,136.944,
15,accepted,0.500,129.262,
21,accepted,0.554,129.262,
12,accepted,0.717,139.779,
25,accepted,0.000,139.779,
14,accepted,0.499,145.627,
24,accepted,0.501,151.161,
23,accepted,0.000,143.966,
22,accepted,0.000,139.467,
18,accepted,0.000,140.900,
19,accepted,0.000,141.903,
20,accepted,0.000,144.869,
5,accepted,0.000,137.173,
2,accepted,0.000,139.144,
29,accepted,0.590,151.573,
11,accepted,0.000,152.647,
9,accepted,0.000,160.665,
28,accepted,2.004,162.561,
26,accepted,2.508,162.561,
0,accepted,2.508,160.062,
13,accepted,0.000,158.428,
30,accepted,0.499,166.371,
10,accepted,0.499,158.927,
17,accepted,0.503,151.933,
1,accepted,0.503,141.479,
16,accepted,0.503,157.909,
31,accepted,0.503,138.909,
7,accepted,0.999,152.392,
8,accepted,1.001,160.850,
3,accepted,1.000,158.852,
6,accepted,0.502,162.487,
15,accepted,1.497,158.977,
4,accepted,0.767,158.977,
27,accepted,1.770,160.978,
21,accepted,1.998,160.802,
12,accepted,1.998,153.798,
25,accepted,0.000,158.690,
14,accepted,0.501,156.237,
24,accepted,0.501,156.237,
22,accepted,0.000,155.849,
18,accepted,0.000,148.345,
19,accepted,0.499,151.461,
2,accepted,0.524,138.454,
23,accepted,0.499,163.963,
20,accepted,0.999,150.989,
11,accepted,1.003,128.895,
29,accepted,0.000,141.550,
5,accepted,0.524,163.016,
9,accepted,0.500,142.535,
28,accepted,0.498,143.142,
26,accepted,0.000,143.142,
0,accepted,0.821,143.142,
13,accepted,0.504,138.813,
16,accepted,0.000,130.833,
17,accepted,0.504,138.316,
1,accepted,0.000,139.900,
10,accepted,0.499,151.735,
30,accepted,0.000,154.612,
31,accepted,0.500,140.104,
7,accepted,0.000,130.804,
8,accepted,0.000,122.347,
3,accepted,0.000,128.322,
6,accepted,0.503,138.249,
4,accepted,0.499,140.278,
15,accepted,0.000,140.278,
27,accepted,0.499,140.278,
21,accepted,0.499,138.452,
25,accepted,2.001,150.155,
12,accepted,1.500,159.831,
24,accepted,0.000,141.526,
22,accepted,0.000,137.643,
14,accepted,0.000,145.461,
19,accepted,0.499,138.462,
18,accepted,0.499,141.577,
23,accepted,0.501,133.463,
20,accepted,0.000,153.149,
11,accepted,0.000,144.750,
29,accepted,0.000,142.783,
2,accepted,1.183,158.309,
5,accepted,0.500,142.783,
9,accepted,0.000,125.754,
28,accepted,2.504,127.300,
26,accepted,0.505,146.096,
13,accepted,0.000,143.114,
0,accepted,0.000,146.096,
16,accepted,0.000,140.612,
10,accepted,1.185,130.192,
1,accepted,1.685,133.913,
17,accepted,0.000,142.980,
31,accepted,0.000,134.690,
30,accepted,0.503,147.720,
8,accepted,0.503,148.921,
7,accepted,0.000,148.921,
3,accepted,0.000,142.945,
4,accepted,0.501,127.355,
6,accepted,0.000,131.381,
21,accepted,0.499,129.882,
15,accepted,0.000,144.905,
27,accepted,0.000,146.600,
12,accepted,0.000,124.711,
25,accepted,1.003,129.496,
24,accepted,0.000,122.549,
22,accepted,0.000,123.552,
19,accepted,0.500,123.741,
23,accepted,0.000,123.741,
14,accepted,0.000,130.661,
18,accepted,0.500,130.661,
20,accepted,0.000,118.227,
11,accepted,0.500,122.743,
9,accepted,1.636,131.104,
28,accepted,0.500,125.553,
29,accepted,0.000,139.680,
5,accepted,1.889,142.525,
2,accepted,2.527,142.525,
0,accepted,0.500,122.189,
10,accepted,0.499,121.689,
13,accepted,0.499,128.264,
16,accepted,0.000,127.764,
26,accepted,0.502,128.264,
31,accepted,0.000,131.264,
1,accepted,0.499,135.772,
17,accepted,0.500,137.420,
30,accepted,0.000,120.887,
7,accepted,0.500,125.578,
8,accepted,0.500,125.578,
3,accepted,1.003,132.590,
6,accepted,0.500,132.590,
4,accepted,0.500,132.590,
21,accepted,0.534,134.208,
12,accepted,1.013,133.319,
27,accepted,0.495,136.320,
15,accepted,0.495,138.015,
25,accepted,1.013,133.319,
19,accepted,0.504,127.887,
24,accepted,0.504,133.014,
23,accepted,0.000,127.887,
22,accepted,0.504,132.511,
14,accepted,0.000,125.481,
18,accepted,0.499,131.304,
20,accepted,0.503,124.051,
11,accepted,0.651,128.736,
28,accepted,0.000,118.715,
9,accepted,0.000,122.715,
29,accepted,0.000,121.143,
5,accepted,0.000,129.318,
2,accepted,0.000,132.823,
10,accepted,0.499,128.813,
0,accepted,0.566,128.813,
13,accepted,0.499,127.246,
16,accepted,1.003,134.255,
26,accepted,1.003,134.255,
31,accepted,0.000,123.879,
1,accepted,0.500,131.889,
30,accepted,0.000,130.237,
17,accepted,0.500,131.240,
8,accepted,1.500,123.433,
4,accepted,1.198,122.928,
7,accepted,0.000,129.939,
3,accepted,0.000,127.441,
6,accepted,0.000,127.441,
21,accepted,0.000,129.048,
15,accepted,0.689,120.233,
12,accepted,1.500,136.278,
25,accepted,1.500,136.278,
27,accepted,0.500,137.280,
19,accepted,1.508,131.338,
24,accepted,0.505,135.347,
14,accepted,2.509,130.833,
23,accepted,0.505,135.347,
22,accepted,1.003,134.847,
20,accepted,0.000,131.119,
18,accepted,2.509,131.119,
28,accepted,0.499,125.991,
11,accepted,0.499,135.116,
29,accepted,2.004,126.645,
9,accepted,1.003,133.650,
5,accepted,1.004,115.625,
2,accepted,1.004,127.643,
0,accepted,1.033,145.075,
13,accepted,1.533,140.567,
10,accepted,0.533,145.075,
31,accepted,1.607,140.716,
26,accepted,1.110,140.716,
1,accepted,0.502,132.705,
16,accepted,0.608,142.641,
17,accepted,0.501,138.205,
30,accepted,1.006,138.205,
8,accepted,0.501,139.419,
21,accepted,0.000,125.304,
4,accepted,0.000,135.569,
7,accepted,0.000,143.073,
3,accepted,0.504,138.560,
6,accepted,0.000,142.565,
15,accepted,0.000,130.800,
12,accepted,0.000,137.785,
27,accepted,0.501,140.313,
25,accepted,0.500,141.315,
19,accepted,0.000,140.121,
22,accepted,0.000,136.113,
24,accepted,3.685,136.113,
23,accepted,0.626,143.161,
14,accepted,0.000,143.161,
20,accepted,0.999,138.448,
28,accepted,0.000,135.546,
18,accepted,0.501,142.619,
11,accepted,0.501,135.933,
29,accepted,0.501,140.411,
5,accepted,1.002,143.411,
9,accepted,1.002,143.411,
2,accepted,4.006,132.887,
13,accepted,0.500,132.494,
10,accepted,1.003,133.994,
1,accepted,1.650,128.224,
0,accepted,1.003,135.382,
16,accepted,0.000,128.910,
17,accepted,0.565,128.339,
26,accepted,0.000,134.839,
31,accepted,0.000,134.839,
30,accepted,0.502,131.275,
21,accepted,0.500,126.700,
8,accepted,0.502,129.356,
4,accepted,0.000,134.437,
3,accepted,0.000,128.033,
7,accepted,0.000,129.034,
15,accepted,0.000,124.031,
6,accepted,0.000,130.533,
12,accepted,1.003,127.839,
27,accepted,0.500,128.433,
25,accepted,0.000,129.960,
14,accepted,0.000,117.624,
22,accepted,0.000,131.119,
19,accepted,0.501,131.119,
24,accepted,0.000,133.177,
23,accepted,0.499,126.128,
20,accepted,0.500,129.605,
28,accepted,0.000,133.590,
18,accepted,0.501,133.098,
11,accepted,0.568,130.591,
29,accepted,0.504,127.580,
5,accepted,0.504,127.078,
9,accepted,0.000,127.078,
2,accepted,0.501,127.494,
13,accepted,0.526,120.428,
10,accepted,0.000,129.067,
0,accepted,1.689,127.679,
1,accepted,0.000,127.679,
16,accepted,1.689,133.577,
17,accepted,0.502,129.574,
30,accepted,0.000,126.638,
26,accepted,0.000,133.079,
31,accepted,0.000,134.585,
21,accepted,0.000,132.011,
8,accepted,0.000,133.083,
15,accepted,1.638,127.861,
3,accepted,0.635,131.868,
4,accepted,0.000,132.968,
7,accepted,0.499,130.867,
6,accepted,0.000,131.899,
27,accepted,0.000,130.989,
12,accepted,0.000,135.112,
25,accepted,0.499,138.478,
22,accepted,0.000,127.389,
14,accepted,1.642,138.934,
20,accepted,0.000,125.558,
19,accepted,1.143,134.988,
23,accepted,1.674,134.122,
18,accepted,0.501,127.086,
24,accepted,2.174,139.622,
28,accepted,2.000,134.988,
11,accepted,0.000,135.101,
29,accepted,0.000,136.503,
5,accepted,0.000,138.007,
2,accepted,0.500,132.591,
9,accepted,0.000,138.007,
13,accepted,0.499,136.137,
10,accepted,0.000,134.505,
1,accepted,1.005,134.505,
0,accepted,1.005,140.512,
16,accepted,0.498,132.002,
21,accepted,0.000,130.885,
17,accepted,0.498,140.012,
30,accepted,0.498,140.012,
8,accepted,0.000,134.509,
26,accepted,0.578,140.015,
31,accepted,0.000,138.510,
15,accepted,0.000,131.924,
3,accepted,1.593,131.924,
7,accepted,1.096,136.925,
4,accepted,1.000,138.458,
6,accepted,0.499,131.922,
27,accepted,0.504,132.726,
12,accepted,0.504,132.726,
25,accepted,0.503,134.124,
22,accepted,0.503,125.608,
14,accepted,0.000,127.110,
23,accepted,2.500,123.418,
20,accepted,0.500,129.612,
19,accepted,3.003,131.117,
24,accepted,0.000,133.437,
28,accepted,0.501,129.395,
18,accepted,0.504,134.790,
11,accepted,0.000,132.434,
29,accepted,1.004,128.529,
2,accepted,0.500,132.969,
9,accepted,1.500,133.970,
5,accepted,1.500,135.884,
10,accepted,0.000,121.172,
1,accepted,0.503,125.374,
13,accepted,1.004,133.882,
0,accepted,0.000,130.050,
16,accepted,0.000,130.050,
21,accepted,0.504,127.234,
8,accepted,0.500,129.040,
17,accepted,0.999,132.549,
30,accepted,0.499,133.549,
31,accepted,1.000,134.581,
26,accepted,1.000,134.581,
4,accepted,0.590,124.513,
15,accepted,0.000,131.048,
3,accepted,0.000,134.046,
7,accepted,0.000,130.046,
6,accepted,0.499,128.513,
12,accepted,0.000,126.618,
27,accepted,2.503,135.333,
25,accepted,0.000,131.441,
14,accepted,0.000,126.537,
22,accepted,0.000,133.138,
23,accepted,0.000,127.922,
20,accepted,0.000,129.403,
19,accepted,0.501,127.540,
28,accepted,1.677,122.670,
24,accepted,0.501,124.023,
18,accepted,0.499,128.184,
11,accepted,1.000,126.527,
29,accepted,1.030,133.473,
9,accepted,0.501,129.495,
5,accepted,0.000,130.189,
2,accepted,0.000,134.604,
10,accepted,0.500,128.882,
1,accepted,0.503,126.065,
13,accepted,0.500,133.700,
0,accepted,0.000,123.017,
21,accepted,0.500,125.486,
16,accepted,0.000,133.061,
17,accepted,0.000,126.554,
8,accepted,0.000,127.945,
30,accepted,0.505,132.064,
4,accepted,0.499,127.488,
31,accepted,1.009,128.991,
15,accepted,0.503,127.488,
3,accepted,0.503,128.530,
26,accepted,0.503,134.530,
7,accepted,0.000,129.028,
6,accepted,0.621,132.114,
12,accepted,0.500,125.250,
27,accepted,0.499,126.156,
25,accepted,1.103,131.319,
23,accepted,0.500,129.579,
14,accepted,0.499,133.482,
20,accepted,0.000,128.619,
22,accepted,0.499,133.986,
28,accepted,0.503,122.322,
19,accepted,0.000,133.454,
18,accepted,0.000,126.323,
11,accepted,0.000,124.579,
24,accepted,0.500,139.230,
29,accepted,0.533,132.984,
9,accepted,0.500,133.023,
5,accepted,0.000,134.160,
1,accepted,0.000,127.772,
10,accepted,0.000,129.158,
2,accepted,0.000,133.664,
13,accepted,0.000,126.456,
21,accepted,1.038,119.981,
16,accepted,0.503,124.607,
0,accepted,0.530,134.651,
8,accepted,0.000,129.313,
17,accepted,0.000,130.704,
30,accepted,0.504,128.262,
4,accepted,0.000,126.795,
31,accepted,0.000,131.364,
3,accepted,0.499,127.324,
15,accepted,0.000,131.364,
7,accepted,0.657,133.329,
26,accepted,0.500,134.329,
6,accepted,0.000,134.307,
12,accepted,0.953,121.727,
27,accepted,1.192,130.045,
25,accepted,0.503,126.985,
14,accepted,0.738,124.689,
23,accepted,0.738,133.119,
20,accepted,0.000,130.097,
28,accepted,0.000,132.882,
19,accepted,0.000,127.245,
18,accepted,0.000,127.334,
22,accepted,0.000,138.189,
11,accepted,0.000,123.685,
29,accepted,0.000,124.844,
24,accepted,0.000,140.564,
9,accepted,1.002,127.047,
5,accepted,0.501,129.803,
10,accepted,0.000,131.813,
1,accepted,0.000,133.350,
2,accepted,0.000,133.350,
21,accepted,0.000,129.638,
0,accepted,0.744,125.332,
13,accepted,0.000,133.528,
8,accepted,0.997,223.765,
16,accepted,0.744,233.863,
17,accepted,0.503,237.791,
30,accepted,0.000,233.723,
31,accepted,0.997,229.154,
4,accepted,0.497,236.724,
15,accepted,0.562,237.466,
3,accepted,0.000,238.597,
26,accepted,0.000,235.594,
7,accepted,0.000,237.595,
6,accepted,0.000,235.464,
12,accepted,0.000,236.544,
27,accepted,0.501,224.497,
25,accepted,0.501,232.098,
14,accepted,1.001,232.035,
20,accepted,0.500,230.292,
23,accepted,0.000,239.308,
19,accepted,0.000,235.182,
28,accepted,1.606,235.683,
11,accepted,0.500,229.102,
22,accepted,0.000,231.718,
18,accepted,0.500,231.718,
29,accepted,0.500,223.176,
24,accepted,2.001,226.860,
9,accepted,0.501,234.170,
10,accepted,0.000,231.479,
5,accepted,0.000,234.493,
2,accepted,0.503,239.654,
1,accepted,0.000,239.654,
13,accepted,1.002,241.701,
21,accepted,1.078,245.591,
0,accepted,1.078,241.701,
8,accepted,1.002,133.170,
16,accepted,0.501,138.682,
17,accepted,0.000,124.655,
30,accepted,0.500,124.655,
31,accepted,0.500,131.170,
4,accepted,0.000,128.169,
3,accepted,0.000,131.742,
15,accepted,0.504,133.874,
26,accepted,0.499,131.273,
7,accepted,0.504,130.272,
6,accepted,0.504,133.347,
12,accepted,1.003,130.257,
27,accepted,1.000,131.327,
25,accepted,3.500,122.612,
14,accepted,0.000,129.614,
20,accepted,0.499,146.691,
19,accepted,0.500,143.177,
23,accepted,1.009,143.177,
22,accepted,2.528,151.156,
11,accepted,2.528,151.156,
29,accepted,0.000,153.169,
18,accepted,0.500,165.251,
24,accepted,0.500,149.485,
28,accepted,0.500,165.251,
9,accepted,2.034,153.369,
5,accepted,1.004,159.878,
10,accepted,1.004,159.878,
2,accepted,0.506,154.752,
13,accepted,0.964,151.275,
21,accepted,0.500,151.275,
1,accepted,0.000,160.319,
0,accepted,1.004,158.296,
17,accepted,0.000,152.784,
8,accepted,1.004,158.296,
16,accepted,0.498,156.790,
30,accepted,1.499,156.790,
4,accepted,0.501,151.771,
31,accepted,0.501,158.587,
3,accepted,0.768,148.572,
15,accepted,0.768,152.763,
26,accepted,0.500,148.731,
7,accepted,0.501,159.247,
6,accepted,2.501,154.238,
12,accepted,2.500,153.239,
27,accepted,0.000,151.785,
25,accepted,1.003,155.285,
14,accepted,0.504,146.782,
20,accepted,0.503,137.705,
19,accepted,0.635,143.725,
23,accepted,0.563,146.726,
22,accepted,0.000,138.744,
11,accepted,1.000,143.369,
29,accepted,0.000,130.902,
24,accepted,1.500,141.690,
9,accepted,0.000,122.790,
28,accepted,1.996,142.710,
18,accepted,1.500,142.710,
10,accepted,0.000,118.018,
5,accepted,0.000,132.541,
2,accepted,0.502,127.955,
13,accepted,0.500,125.393,
1,accepted,0.000,128.892,
21,accepted,0.503,132.292,
17,accepted,0.536,125.271,
0,accepted,0.503,128.878,
8,accepted,1.040,130.264,
30,accepted,0.505,137.283,
3,accepted,1.000,128.971,
4,accepted,0.505,135.787,
31,accepted,0.000,128.971,
16,accepted,1.136,137.283,
15,accepted,0.000,126.761,
26,accepted,0.500,126.761,
7,accepted,0.000,120.267,
6,accepted,0.500,124.985,
12,accepted,1.500,131.498,
27,accepted,0.000,136.874,
25,accepted,0.527,133.439,
14,accepted,0.000,136.855,
20,accepted,1.501,137.781,
19,accepted,0.499,129.170,
11,accepted,1.496,133.055,
23,accepted,0.500,138.180,
22,accepted,1.496,139.012,
29,accepted,0.607,139.787,
24,accepted,0.503,138.115,
28,accepted,0.000,137.095,
9,accepted,0.000,140.627,
18,accepted,0.499,141.105,
10,accepted,0.518,141.574,
5,accepted,0.504,129.086,
2,accepted,0.500,137.992,
13,accepted,2.000,139.498,
17,accepted,0.000,133.599,
1,accepted,0.500,137.991,
21,accepted,0.623,140.096,
8,accepted,0.503,135.103,
0,accepted,0.000,136.489,
4,accepted,0.527,136.821,
3,accepted,0.551,137.826,
15,accepted,2.051,134.844,
26,accepted,0.000,139.850,
30,accepted,1.551,142.832,
31,accepted,1.551,142.832,
16,accepted,0.999,142.832,
6,accepted,4.001,135.501,
12,accepted,0.502,124.981,
7,accepted,0.000,140.220,
27,accepted,0.552,126.768,
14,accepted,0.500,123.313,
25,accepted,2.002,126.729,
20,accepted,0.000,128.759,
19,accepted,2.534,129.856,
11,accepted,0.000,117.846,
23,accepted,0.500,124.852,
22,accepted,0.500,130.007,
29,accepted,0.501,124.489,
28,accepted,1.001,122.878,
24,accepted,1.638,125.887,
18,accepted,0.000,129.891,
9,accepted,0.000,131.389,
10,accepted,0.644,128.426,
5,accepted,0.000,126.391,
2,accepted,0.000,120.486,
13,accepted,0.504,123.088,
17,accepted,0.000,131.519,
0,accepted,1.003,128.530,
1,accepted,0.501,133.535,
21,accepted,1.506,131.029,
8,accepted,0.000,131.029,
4,accepted,0.503,122.736,
3,accepted,0.501,125.794,
30,accepted,0.501,124.788,
26,accepted,0.000,124.788,
15,accepted,0.499,129.794,
31,accepted,0.500,130.506,
16,accepted,0.000,132.514,
7,accepted,0.000,129.122,
12,accepted,0.000,129.122,
6,accepted,0.499,129.122,
27,accepted,1.005,123.459,
14,accepted,1.005,129.947,
25,accepted,1.123,133.659,
20,accepted,0.500,132.654,
19,accepted,0.601,131.653,
11,accepted,2.104,131.653,
23,accepted,0.000,130.647,
22,accepted,0.505,125.162,
29,accepted,0.000,130.577,
24,accepted,0.500,125.162,
28,accepted,0.000,130.674,
18,accepted,0.000,121.099,
9,accepted,0.000,128.658,
10,accepted,0.503,128.646,
5,accepted,1.003,131.146,
2,accepted,0.503,132.645,
13,accepted,0.500,127.466,
17,accepted,0.000,123.604,
0,accepted,0.000,125.098,
21,accepted,0.708,122.598,
1,accepted,1.212,129.101,
8,accepted,0.000,131.584,
4,accepted,1.499,128.153,
30,accepted,0.000,124.527,
3,accepted,0.500,128.527,
31,accepted,2.036,122.377,
26,accepted,0.000,135.067,
15,accepted,2.036,137.619,
7,accepted,0.508,128.895,
16,accepted,0.500,129.894,
6,accepted,1.000,133.385,
12,accepted,2.000,133.385,
27,accepted,1.999,127.395,
14,accepted,0.587,117.876,
25,accepted,0.000,131.190,
19,accepted,0.500,127.840,
20,accepted,0.500,130.845,
11,accepted,0.000,132.931,
23,accepted,0.000,126.930,
22,accepted,2.999,129.931,
29,accepted,0.500,123.007,
28,accepted,2.001,123.422,
24,accepted,1.000,128.434,
18,accepted,0.518,124.483,
9,accepted,1.569,122.930,
10,accepted,0.000,121.825,
5,accepted,0.546,121.909,
2,accepted,0.000,126.869,
13,accepted,0.000,126.892,
17,accepted,0.000,123.878,
21,accepted,0.501,124.884,
0,accepted,2.002,124.884,
1,accepted,3.001,128.420,
8,accepted,0.501,126.442,
4,accepted,1.003,125.425,
31,accepted,0.500,123.718,
30,accepted,2.000,127.287,
3,accepted,0.500,132.570,
26,accepted,0.500,124.528,
7,accepted,0.000,127.543,
16,accepted,0.000,131.335,
12,accepted,0.000,126.845,
15,accepted,0.000,131.335,
27,accepted,1.545,130.143,
6,accepted,0.540,131.163,
14,accepted,0.000,127.017,
25,accepted,0.499,125.357,
19,accepted,0.000,135.190,
20,accepted,0.503,138.198,
28,accepted,0.000,130.065,
22,accepted,1.003,138.082,
23,accepted,0.499,143.123,
11,accepted,1.003,143.123,
29,accepted,2.000,139.119,
24,accepted,0.000,128.594,
9,accepted,0.000,130.734,
10,accepted,0.772,126.810,
18,accepted,2.290,138.244,
5,accepted,0.500,129.359,
2,accepted,1.704,132.676,
17,accepted,0.000,135.739,
13,accepted,0.500,138.294,
0,accepted,1.181,138.307,
1,accepted,0.000,137.321,
21,accepted,0.500,147.306,
30,accepted,0.000,130.463,
4,accepted,0.000,136.762,
8,accepted,0.000,136.762,
31,accepted,0.499,132.103,
26,accepted,1.673,129.667,
3,accepted,0.674,137.330,
12,accepted,0.500,125.471,
7,accepted,0.503,133.271,
15,accepted,0.000,138.486,
14,accepted,0.501,133.787,
27,accepted,0.000,135.167,
16,accepted,1.005,139.985,
6,accepted,0.000,143.306,
25,accepted,0.705,137.105,
20,accepted,0.642,119.698,
19,accepted,0.503,122.706,
28,accepted,1.003,124.783,
29,accepted,1.688,132.267,
22,accepted,0.000,133.304,
23,accepted,0.000,132.267,
11,accepted,0.000,132.267,
9,accepted,0.000,124.120,
18,accepted,1.000,132.130,
24,accepted,0.000,141.780,
10,accepted,0.641,132.130,
5,accepted,0.000,126.998,
2,accepted,0.500,135.254,
17,accepted,0.501,132.006,
0,accepted,1.036,130.140,
13,accepted,0.000,138.717,
30,accepted,0.000,124.113,
1,accepted,0.000,126.560,
8,accepted,0.611,131.784,
31,accepted,0.611,130.144,
4,accepted,0.000,133.284,
26,accepted,0.611,126.298,
21,accepted,0.000,133.284,
3,accepted,0.643,121.135,
7,accepted,0.609,117.128,
15,accepted,0.999,119.504,
12,accepted,0.609,132.519,
27,accepted,0.000,118.505,
14,accepted,0.503,122.646,
16,accepted,0.000,132.161,
6,accepted,0.500,129.948,
25,accepted,0.500,122.478,
20,accepted,0.500,119.363,
19,accepted,0.000,132.992,
22,accepted,0.000,114.412,
28,accepted,0.000,137.365,
23,accepted,1.161,130.406,
18,accepted,0.000,123.926,
11,accepted,0.662,140.992,
9,accepted,1.161,140.992,
24,accepted,0.499,131.479,
5,accepted,0.000,131.479,
29,accepted,0.499,140.992,
10,accepted,3.500,135.062,
2,accepted,0.000,130.557,
13,accepted,0.000,130.561,
0,accepted,0.499,134.561,
17,accepted,0.499,141.272,
30,accepted,0.500,140.085,
1,accepted,1.000,141.085,
26,accepted,1.999,136.863,
8,accepted,0.499,138.363,
15,accepted,0.536,129.044,
7,accepted,0.536,140.429,
31,accepted,0.506,141.929,
4,accepted,0.000,140.429,
3,accepted,0.536,140.429,
27,accepted,0.000,131.052,
21,accepted,0.000,142.436,
12,accepted,0.500,135.059,
14,accepted,0.000,138.926,
6,accepted,1.004,125.492,
16,accepted,0.000,130.919,
25,accepted,0.502,141.773,
20,accepted,0.504,137.759,
19,accepted,0.000,131.231,
22,accepted,1.001,130.154,
18,accepted,0.000,119.815,
28,accepted,0.000,135.436,
23,accepted,0.500,136.374,
9,accepted,0.000,127.294,
29,accepted,0.000,139.812,
24,accepted,0.000,139.812,
11,accepted,0.000,139.812,
5,accepted,1.059,139.812,
10,accepted,1.508,136.229,
2,accepted,0.501,126.199,
13,accepted,0.000,115.659,
17,accepted,0.499,121.390,
0,accepted,1.000,133.258,
30,accepted,1.642,126.263,
26,accepted,0.544,123.315,
1,accepted,0.000,132.347,
8,accepted,0.504,128.867,
15,accepted,0.000,129.803,
3,accepted,0.642,132.415,
27,accepted,0.000,135.944,
7,accepted,0.000,137.951,
4,accepted,0.000,137.951,
31,accepted,0.000,137.951,
12,accepted,0.498,131.936,
21,accepted,0.498,135.944,
6,accepted,1.499,132.428,
14,accepted,1.999,134.436,
16,accepted,0.500,147.945,
25,accepted,0.000,133.499,
20,accepted,1.501,132.130,
19,accepted,1.066,135.375,
22,accepted,0.000,139.960,
18,accepted,0.500,131.271,
28,accepted,0.000,132.267,
23,accepted,0.500,140.784,
9,accepted,0.500,142.472,
29,accepted,0.601,140.467,
5,accepted,0.493,145.911,
11,accepted,0.000,146.468,
10,accepted,0.493,146.468,
24,accepted,0.542,146.468,
2,accepted,0.000,143.476,
17,accepted,0.000,137.798,
13,accepted,0.000,147.529,
0,accepted,0.503,137.354,
26,accepted,0.764,136.869,
30,accepted,0.000,139.869,
1,accepted,0.000,141.312,
8,accepted,0.500,140.344,
15,accepted,1.331,139.473,
3,accepted,0.000,144.871,
4,accepted,0.499,143.835,
7,accepted,1.003,143.835,
12,accepted,1.003,145.835,
27,accepted,1.003,145.835,
21,accepted,0.500,147.843,
6,accepted,0.499,137.335,
31,accepted,1.000,147.843,
14,accepted,0.000,140.337,
16,accepted,0.500,128.826,
25,accepted,0.582,126.480,
20,accepted,0.000,137.922,
19,accepted,0.000,139.146,
28,accepted,0.503,126.608,
18,accepted,1.999,138.629,
22,accepted,2.500,139.132,
23,accepted,0.000,127.114,
9,accepted,0.503,123.920,
5,accepted,0.500,122.980,
29,accepted,2.005,130.427,
10,accepted,0.500,133.541,
11,accepted,1.999,133.541,
24,accepted,2.500,133.541,
2,accepted,0.500,130.034,
13,accepted,0.501,143.509,
17,accepted,0.000,143.509,
0,accepted,0.500,132.085,
8,accepted,1.000,120.541,
26,accepted,0.000,131.070,
1,accepted,0.504,122.542,
30,accepted,0.987,134.028,
15,accepted,0.500,126.867,
3,accepted,4.000,118.858,
7,accepted,0.000,128.111,
4,accepted,0.000,130.656,
16,accepted,1.503,125.494,
12,accepted,1.503,136.039,
14,accepted,1.503,132.521,
31,accepted,1.503,135.522,
6,accepted,1.503,138.160,
25,accepted,1.501,134.057,
27,accepted,1.503,145.635,
21,accepted,0.503,143.628,
20,accepted,1.002,129.545,
19,accepted,0.500,131.489,
28,accepted,0.499,126.999,
18,accepted,0.000,134.366,
22,accepted,0.000,134.363,
23,accepted,0.000,132.856,
5,accepted,0.000,117.839,
9,accepted,0.502,132.856,
10,accepted,0.590,113.821,
29,accepted,0.000,126.943,
2,accepted,0.500,134.574,
24,accepted,1.001,135.667,
11,accepted,0.500,138.172,
13,accepted,0.000,123.646,
17,accepted,1.535,134.050,
8,accepted,0.999,132.551,
0,accepted,0.536,134.050,
15,accepted,0.503,125.235,
1,accepted,1.500,133.690,
30,accepted,0.503,130.732,
26,accepted,1.000,133.690,
3,accepted,1.508,130.746,
7,accepted,0.000,120.994,
12,accepted,0.504,128.218,
16,accepted,1.999,129.749,
4,accepted,0.504,135.602,
14,accepted,0.000,132.196,
31,accepted,0.499,132.727,
6,accepted,0.000,130.090,
25,accepted,0.000,126.902,
21,accepted,0.592,135.913,
27,accepted,0.592,135.913,
20,accepted,0.504,130.361,
28,accepted,1.001,118.347,
19,accepted,0.500,120.854,
18,accepted,0.000,130.010,
22,accepted,1.001,135.107,
23,accepted,1.530,127.094,
10,accepted,0.499,132.022,
9,accepted,0.641,139.122,
5,accepted,0.641,140.121,
2,accepted,0.000,119.701,
29,accepted,0.503,136.447,
11,accepted,0.500,132.156,
24,accepted,1.502,134.661,
0,accepted,0.000,125.306,
13,accepted,1.276,135.709,
8,accepted,0.000,125.306,
17,accepted,0.499,125.306,
1,accepted,0.000,132.696,
26,accepted,0.000,140.711,
15,accepted,0.000,140.711,
30,accepted,0.500,142.188,
3,accepted,0.500,136.677,
7,accepted,0.504,133.197,
12,accepted,0.000,116.046,
4,accepted,0.500,130.835,
16,accepted,0.500,134.835,
14,accepted,1.002,129.367,
31,accepted,1.128,128.835,
6,accepted,1.000,135.357,
25,accepted,1.500,133.077,
27,accepted,1.512,125.566,
21,accepted,0.000,133.573,
19,accepted,1.512,127.062,
20,accepted,1.512,134.071,
28,accepted,0.000,135.073,
18,accepted,0.499,129.573,
23,accepted,0.000,132.983,
22,accepted,1.025,134.483,
9,accepted,0.000,130.652,
2,accepted,1.003,122.220,
5,accepted,0.676,129.653,
10,accepted,1.003,131.227,
11,accepted,0.504,116.246,
29,accepted,0.504,133.302,
24,accepted,0.505,129.308,
8,accepted,0.505,129.263,
13,accepted,2.500,134.836,
0,accepted,1.500,134.836,
26,accepted,3.002,116.789,
17,accepted,2.500,134.836,
1,accepted,1.000,133.829,
15,accepted,2.001,127.316,
7,accepted,0.503,125.316,
30,accepted,0.503,125.840,
3,accepted,3.002,125.840,
4,accepted,2.507,120.035,
12,accepted,2.507,134.825,
14,accepted,0.501,119.035,
16,accepted,0.501,133.073,
31,accepted,0.501,133.073,
6,accepted,0.501,131.517,
27,accepted,1.173,131.061,
25,accepted,1.173,135.564,
21,accepted,0.500,126.057,
20,accepted,0.505,127.001,
28,accepted,1.044,129.565,
19,accepted,0.000,137.576,
18,accepted,0.504,121.540,
23,accepted,0.504,128.550,
22,accepted,0.500,128.550,
10,accepted,2.500,136.915,
11,accepted,3.498,132.417,
2,accepted,3.500,142.496,
5,accepted,3.500,142.496,
9,accepted,2.500,142.496,
29,accepted,0.502,134.335,
24,accepted,2.500,122.276,
8,accepted,0.543,133.116,
17,accepted,0.504,132.873,
0,accepted,0.504,134.974,
13,accepted,0.504,134.974,
26,accepted,0.504,134.974,
1,accepted,0.503,127.957,
7,accepted,0.000,130.965,
30,accepted,0.501,133.475,
3,accepted,0.000,133.475,
4,accepted,1.500,123.966,
15,accepted,0.503,133.475,
14,accepted,1.499,131.827,
12,accepted,0.000,134.827,
16,accepted,1.499,119.318,
27,accepted,0.000,130.216,
6,accepted,0.000,131.260,
31,accepted,1.012,137.629,
21,accepted,0.000,128.616,
20,accepted,1.029,128.274,
25,accepted,1.029,135.221,
28,accepted,0.499,129.085,
19,accepted,0.500,129.085,
18,accepted,0.499,123.580,
23,accepted,0.498,117.260,
22,accepted,0.605,117.260,
11,accepted,0.504,127.680,
2,accepted,0.998,127.680,
24,accepted,0.499,124.758,
9,accepted,0.504,128.683,
5,accepted,0.499,128.683,
10,accepted,0.504,133.689,
29,accepted,0.000,129.765,
8,accepted,0.000,118.928,
17,accepted,0.597,128.114,
1,accepted,2.066,134.281,
0,accepted,0.563,137.667,
26,accepted,2.066,137.667,
7,accepted,1.001,132.640,
30,accepted,0.000,130.130,
15,accepted,0.000,130.130,
13,accepted,2.066,139.158,
4,accepted,1.189,136.970,
14,accepted,0.501,126.609,
3,accepted,4.189,137.470,
12,accepted,0.501,129.108,
16,accepted,0.514,127.580,
6,accepted,1.003,115.687,
27,accepted,0.000,115.687,
20,accepted,2.001,119.693,
21,accepted,0.500,134.018,
31,accepted,2.502,136.525,
25,accepted,0.500,132.426,
28,accepted,0.000,126.887,
18,accepted,0.506,128.043,
19,accepted,0.506,135.043,
23,accepted,0.500,126.505,
22,accepted,0.500,132.014,
24,accepted,2.000,127.025,
5,accepted,1.999,131.042,
10,accepted,1.999,131.042,
29,accepted,3.000,128.567,
9,accepted,2.000,132.570,
11,accepted,1.004,133.573,
8,accepted,0.000,123.559,
2,accepted,3.501,135.080,
17,accepted,1.504,117.551,
1,accepted,0.504,119.655,
0,accepted,0.000,125.814,
26,accepted,0.000,125.814,
7,accepted,0.000,130.970,
30,accepted,0.000,132.743,
3,accepted,0.000,125.403,
15,accepted,0.500,132.743,
13,accepted,1.017,138.618,
14,accepted,1.017,132.779,
4,accepted,1.017,133.279,
12,accepted,0.500,134.208,
16,accepted,0.500,135.721,
6,accepted,0.000,130.705,
20,accepted,0.500,123.063,
27,accepted,0.500,135.077,
21,accepted,0.501,115.344,
28,accepted,0.503,129.243,
31,accepted,0.000,134.593,
25,accepted,3.032,139.590,
18,accepted,3.032,135.589,
19,accepted,0.531,136.097,
23,accepted,1.000,133.437,
22,accepted,0.500,140.507,
24,accepted,0.577,134.702,
8,accepted,1.508,126.647,
11,accepted,0.000,134.665,
5,accepted,1.508,136.193,
29,accepted,0.500,134.665,
2,accepted,0.501,133.657,
9,accepted,0.500,135.164,
1,accepted,0.000,112.770,
10,accepted,0.501,136.692,
17,accepted,0.501,129.658,
0,accepted,0.000,114.850,
30,accepted,0.616,106.931,
26,accepted,0.501,134.988,
7,accepted,0.501,128.342,
13,accepted,0.000,129.200,
15,accepted,0.501,135.076,
3,accepted,0.501,135.076,
14,accepted,0.000,133.715,
28,accepted,0.000,109.151,
12,accepted,0.740,136.793,
6,accepted,0.574,135.280,
16,accepted,2.999,138.414,
4,accepted,0.500,143.855,
20,accepted,0.000,134.042,
21,accepted,0.000,135.866,
27,accepted,0.498,135.866,
31,accepted,0.500,116.790,
18,accepted,0.000,133.813,
25,accepted,0.503,133.813,
23,accepted,0.499,138.067,
19,accepted,0.499,138.067,
22,accepted,0.000,134.575,
24,accepted,0.495,111.307,
8,accepted,0.500,133.336,
5,accepted,1.000,130.824,
29,accepted,0.500,130.824,
17,accepted,0.503,130.707,
11,accepted,0.999,135.713,
2,accepted,0.000,144.839,
30,accepted,0.501,134.722,
9,accepted,0.000,144.839,
10,accepted,0.503,144.839,
1,accepted,0.000,145.846,
0,accepted,0.000,139.227,
26,accepted,0.501,119.089,
15,accepted,0.500,111.085,
13,accepted,0.778,116.095,
7,accepted,0.500,124.601,
14,accepted,0.000,130.236,
3,accepted,0.504,136.251,
12,accepted,0.499,127.237,
28,accepted,0.501,127.237,
6,accepted,0.499,131.692,
16,accepted,0.500,128.558,
21,accepted,0.000,133.801,
4,accepted,0.670,135.625,
27,accepted,0.500,136.307,
20,accepted,0.670,138.131,
31,accepted,0.000,133.627,
18,accepted,0.501,115.109,
25,accepted,3.002,115.109,
23,accepted,0.499,131.270,
22,accepted,0.503,122.184,
24,accepted,0.503,132.056,
19,accepted,0.503,141.142,
8,accepted,0.504,115.527,
5,accepted,2.634,113.027,
29,accepted,0.000,121.034,
11,accepted,0.500,126.160,
17,accepted,1.000,132.222,
2,accepted,0.000,126.613,
9,accepted,1.137,130.954,
0,accepted,1.637,128.452,
30,accepted,0.000,134.029,
1,accepted,0.500,134.028,
10,accepted,1.637,135.535,
15,accepted,0.504,135.036,
26,accepted,0.504,135.539,
13,accepted,0.000,130.027,
14,accepted,0.534,113.065,
7,accepted,1.500,133.221,
3,accepted,1.161,123.070,
28,accepted,0.000,128.436,
12,accepted,0.660,128.436,
6,accepted,0.000,125.627,
16,accepted,2.033,133.156,
21,accepted,1.002,131.589,
27,accepted,0.000,129.583,
4,accepted,0.000,134.695,
31,accepted,1.500,132.189,
25,accepted,4.000,127.826,
20,accepted,3.000,136.334,
18,accepted,0.500,130.328,
23,accepted,1.093,129.753,
22,accepted,0.000,134.761,
24,accepted,1.006,132.687,
19,accepted,0.689,135.687,
5,accepted,1.000,133.186,
8,accepted,1.998,134.686,
29,accepted,0.000,126.181,
11,accepted,1.645,136.847,
17,accepted,2.000,132.288,
2,accepted,0.000,134.279,
0,accepted,1.499,136.026,
9,accepted,1.001,137.529,
30,accepted,0.504,140.463,
10,accepted,0.000,140.460,
1,accepted,0.504,140.960,
26,accepted,2.499,139.773,
13,accepted,1.000,139.773,
15,accepted,3.500,139.773,
3,accepted,0.000,130.267,
14,accepted,0.501,140.272,
7,accepted,0.000,140.772,
28,accepted,2.511,122.893,
12,accepted,0.000,128.594,
6,accepted,0.000,138.621,
16,accepted,0.499,134.848,
21,accepted,1.000,137.935,
27,accepted,2.003,144.556,
25,accepted,1.000,140.306,
20,accepted,0.000,139.304,
4,accepted,1.500,143.950,
18,accepted,0.500,139.804,
31,accepted,1.000,149.304,
23,accepted,0.500,134.867,
22,accepted,0.500,139.555,
24,accepted,0.500,141.469,
19,accepted,0.000,139.478,
8,accepted,0.500,140.485,
5,accepted,2.175,140.485,
29,accepted,0.500,139.483,
11,accepted,0.000,118.802,
2,accepted,1.256,115.294,
17,accepted,2.756,133.598,
0,accepted,0.549,121.506,
10,accepted,0.500,124.171,
30,accepted,0.500,127.153,
9,accepted,0.500,133.161,
15,accepted,1.500,131.178,
26,accepted,0.000,131.178,
1,accepted,3.000,134.501,
13,accepted,0.000,135.350,
3,accepted,2.000,131.657,
7,accepted,0.499,132.656,
14,accepted,0.499,133.157,
28,accepted,0.501,131.156,
12,accepted,0.501,125.456,
6,accepted,0.500,113.783,
16,accepted,1.182,124.037,
21,accepted,0.500,129.953,
27,accepted,0.505,128.240,
20,accepted,0.505,129.737,
25,accepted,0.505,131.237,
4,accepted,0.501,130.691,
18,accepted,0.501,134.840,
31,accepted,0.000,129.487,
23,accepted,0.500,127.641,
22,accepted,1.003,117.945,
24,accepted,4.021,121.022,
8,accepted,0.000,124.309,
29,accepted,0.671,126.317,
19,accepted,0.000,131.823,
17,accepted,0.000,114.440,
11,accepted,0.500,132.245,
2,accepted,0.500,128.243,
5,accepted,0.500,134.245,
0,accepted,0.500,127.587,
10,accepted,0.500,117.410,
30,accepted,0.501,130.628,
9,accepted,0.501,133.134,
15,accepted,0.000,130.879,
3,accepted,1.143,129.635,
1,accepted,0.644,138.936,
13,accepted,0.000,134.764,
26,accepted,0.000,138.936,
7,accepted,0.500,133.265,
6,accepted,0.500,133.265,
14,accepted,0.000,133.265,
16,accepted,0.500,121.253,
28,accepted,0.500,135.264,
12,accepted,1.500,138.764,
21,accepted,0.500,112.251,
20,accepted,1.000,132.444,
27,accepted,0.000,135.441,
25,accepted,1.003,140.190,
18,accepted,0.000,136.086,
4,accepted,0.499,143.236,
22,accepted,0.501,123.874,
31,accepted,1.506,139.087,
24,accepted,0.000,122.971,
23,accepted,0.000,135.761,
8,accepted,0.500,131.648,
29,accepted,0.529,137.311,
19,accepted,1.122,138.829,
11,accepted,1.499,137.440,
0,accepted,0.567,127.461,
17,accepted,0.499,142.113,
5,accepted,4.500,139.680,
2,accepted,1.001,143.240,
10,accepted,4.066,131.596,
30,accepted,0.499,120.900,
9,accepted,1.003,118.394,
15,accepted,2.501,137.855,
26,accepted,1.000,129.798,
13,accepted,1.501,131.348,
3,accepted,1.999,136.477,
1,accepted,0.000,131.348,
28,accepted,0.000,130.853,
7,accepted,0.000,134.383,
21,accepted,0.000,130.898,
12,accepted,0.000,132.898,
6,accepted,1.005,138.397,
14,accepted,1.005,138.896,
16,accepted,0.503,141.213,
27,accepted,0.504,111.913,
20,accepted,0.504,115.915,
25,accepted,0.518,130.244,
4,accepted,0.501,125.744,
18,accepted,0.501,129.248,
22,accepted,0.000,129.248,
8,accepted,0.502,106.547,
31,accepted,0.000,136.912,
23,accepted,2.499,131.536,
29,accepted,1.635,105.886,
24,accepted,3.002,132.036,
19,accepted,0.503,130.604,
10,accepted,0.000,122.104,
5,accepted,0.500,126.675,
0,accepted,1.000,129.087,
11,accepted,0.504,134.426,
17,accepted,0.500,134.264,
2,accepted,1.000,131.631,
9,accepted,0.000,126.128,
30,accepted,1.000,126.128,
15,accepted,0.000,116.316,
1,accepted,1.003,129.653,
3,accepted,2.000,131.152,
28,accepted,1.499,129.649,
26,accepted,2.503,133.704,
13,accepted,1.499,132.653,
12,accepted,1.000,127.105,
7,accepted,0.000,132.619,
14,accepted,1.000,128.106,
21,accepted,0.999,136.047,
16,accepted,1.143,131.232,
27,accepted,0.000,127.513,
6,accepted,0.999,137.127,
20,accepted,0.000,126.928,
25,accepted,1.504,117.389,
4,accepted,0.498,134.333,
18,accepted,0.498,133.829,
22,accepted,0.000,133.869,
31,accepted,1.003,127.855,
29,accepted,1.008,124.875,
8,accepted,0.000,131.885,
23,accepted,2.006,125.374,
24,accepted,1.008,130.296,
19,accepted,1.500,133.616,
5,accepted,0.505,130.267,
10,accepted,1.501,131.775,
17,accepted,1.004,124.249,
0,accepted,1.004,132.428,
11,accepted,0.505,130.256,
30,accepted,0.580,130.260,
15,accepted,1.249,114.016,
2,accepted,2.079,130.260,
9,accepted,0.500,132.760,
1,accepted,0.500,104.204,
28,accepted,0.594,117.219,
3,accepted,0.000,128.637,
26,accepted,0.000,131.245,
13,accepted,0.500,130.745,
12,accepted,0.500,131.233,
14,accepted,0.000,129.733,
7,accepted,0.000,129.733,
21,accepted,3.029,122.794,
27,accepted,0.000,128.745,
20,accepted,1.999,125.826,
16,accepted,0.000,131.784,
6,accepted,0.000,131.742,
25,accepted,1.999,115.789,
18,accepted,0.500,130.474,
4,accepted,0.500,130.474,
22,accepted,0.502,129.273,
31,accepted,2.001,129.621,
29,accepted,0.500,135.788,
8,accepted,0.000,137.792,
24,accepted,1.071,132.371,
23,accepted,0.000,139.292,
5,accepted,0.503,131.861,
19,accepted,0.520,136.805,
10,accepted,0.520,135.303,
15,accepted,1.460,131.824,
17,accepted,1.460,137.835,
1,accepted,1.132,126.748,
30,accepted,0.520,131.824,
2,accepted,1.460,131.824,
0,accepted,0.998,135.864,
11,accepted,1.497,140.872,
28,accepted,0.962,118.776,
3,accepted,0.592,107.358,
9,accepted,0.962,137.365,
12,accepted,1.004,115.286,
26,accepted,0.000,126.793,
13,accepted,1.004,132.303,
7,accepted,0.000,132.321,
21,accepted,0.670,131.818,
27,accepted,1.670,124.787,
14,accepted,1.670,135.322,
16,accepted,0.604,129.269,
25,accepted,1.500,135.359,
20,accepted,1.002,137.857,
18,accepted,0.000,108.230,
6,accepted,1.500,139.859,
4,accepted,0.499,108.230,
22,accepted,1.035,132.350,
31,accepted,0.500,131.830,
29,accepted,0.499,127.251,
23,accepted,0.502,127.544,
8,accepted,0.504,130.552,
24,accepted,0.502,132.552,
15,accepted,0.000,125.294,
5,accepted,1.003,131.767,
19,accepted,0.000,130.019,
10,accepted,0.000,131.020,
17,accepted,0.000,128.489,
1,accepted,0.581,129.988,
2,accepted,0.581,134.001,
30,accepted,0.581,134.504,
0,accepted,2.001,142.535,
3,accepted,4.500,137.024,
11,accepted,2.001,137.527,
12,accepted,0.000,123.498,
28,accepted,1.501,137.024,
26,accepted,0.503,113.979,
9,accepted,2.001,135.524,
13,accepted,0.503,109.623,
27,accepted,1.533,136.656,
14,accepted,0.500,133.655,
7,accepted,2.033,136.656,
21,accepted,1.000,136.656,
16,accepted,1.003,131.715,
25,accepted,1.003,126.579,
4,accepted,2.509,134.951,
6,accepted,0.501,139.596,
18,accepted,1.001,139.596,
22,accepted,0.504,113.637,
20,accepted,2.009,144.096,
31,accepted,0.502,124.303,
29,accepted,0.499,132.190,
8,accepted,1.201,126.885,
23,accepted,0.999,129.894,
24,accepted,0.000,127.886,
5,accepted,0.504,110.136,
15,accepted,1.002,115.667,
19,accepted,2.001,121.639,
17,accepted,0.500,131.655,
1,accepted,1.000,133.167,
10,accepted,1.500,135.166,
2,accepted,1.008,132.162,
0,accepted,0.500,122.598,
11,accepted,0.000,122.598,
30,accepted,0.504,131.659,
12,accepted,0.500,122.598,
3,accepted,2.500,122.598,
13,accepted,0.000,137.477,
26,accepted,1.093,142.649,
9,accepted,1.093,142.649,
28,accepted,1.093,143.996,
27,accepted,0.499,131.487,
7,accepted,0.499,133.493,
14,accepted,0.499,133.493,
16,accepted,0.499,131.994,
21,accepted,0.499,133.493,
25,accepted,3.001,133.001,
22,accepted,0.552,116.985,
4,accepted,0.552,121.630,
6,accepted,0.499,130.518,
20,accepted,0.646,130.518,
31,accepted,0.505,118.373,
18,accepted,0.000,131.897,
29,accepted,1.000,131.176,
23,accepted,0.499,131.173,
8,accepted,1.004,137.297,
24,accepted,0.497,134.295,
5,accepted,0.500,138.818,
19,accepted,1.507,125.621,
17,accepted,1.001,114.104,
15,accepted,0.500,133.287,
1,accepted,1.000,141.922,
30,accepted,0.000,139.917,
11,accepted,0.499,139.917,
10,accepted,0.500,142.925,
12,accepted,1.501,141.421,
0,accepted,1.498,143.420,
3,accepted,2.500,144.921,
2,accepted,1.501,144.921,
13,accepted,0.000,148.426,
27,accepted,0.000,127.415,
9,accepted,0.876,146.448,
26,accepted,0.000,156.964,
28,accepted,0.876,155.617,
14,accepted,0.618,154.463,
16,accepted,0.500,159.480,
21,accepted,0.500,160.980,
7,accepted,0.618,160.980,
25,accepted,0.618,157.980,
18,accepted,2.020,143.401,
6,accepted,0.521,146.452,
4,accepted,0.000,161.983,
22,accepted,0.000,161.983,
31,accepted,2.020,148.451,
20,accepted,2.020,163.476,
29,accepted,1.000,141.511,
23,accepted,0.500,148.129,
24,accepted,3.006,162.542,
8,accepted,3.006,164.043,
5,accepted,0.500,159.357,
15,accepted,0.500,159.357,
17,accepted,0.999,160.520,
19,accepted,0.000,160.520,
1,accepted,1.000,140.226,
12,accepted,0.499,145.034,
10,accepted,0.499,150.445,
11,accepted,0.500,154.049,
30,accepted,0.000,154.049,
0,accepted,0.500,151.547,
3,accepted,1.497,153.551,
2,accepted,1.998,153.551,
13,accepted,0.503,134.513,
27,accepted,0.499,146.442,
9,accepted,0.499,146.442,
26,accepted,0.000,135.926,
28,accepted,0.506,137.810,
14,accepted,0.501,128.896,
16,accepted,1.003,126.904,
7,accepted,0.000,139.465,
21,accepted,1.003,139.465,
6,accepted,0.000,135.960,
25,accepted,0.501,139.465,
18,accepted,0.501,138.131,
22,accepted,0.000,137.329,
4,accepted,0.505,137.329,
31,accepted,3.503,137.329,
20,accepted,0.501,122.304,
29,accepted,1.003,131.612,
23,accepted,1.003,127.538,
24,accepted,0.682,132.047,
8,accepted,0.000,133.050,
5,accepted,2.177,121.703,
19,accepted,0.501,120.539,
17,accepted,0.000,143.864,
15,accepted,0.501,147.225,
1,accepted,2.118,135.527,
11,accepted,0.499,122.654,
12,accepted,0.500,130.165,
30,accepted,0.499,122.654,
10,accepted,0.499,140.819,
0,accepted,0.000,137.713,
13,accepted,2.134,134.208,
26,accepted,1.003,120.239,
2,accepted,3.135,134.708,
3,accepted,2.134,134.708,
27,accepted,1.003,120.239,
14,accepted,0.501,109.231,
28,accepted,0.506,128.364,
16,accepted,0.000,118.541,
9,accepted,0.536,133.075,
22,accepted,2.505,116.664,
21,accepted,1.004,131.680,
18,accepted,2.505,131.180,
6,accepted,2.509,132.680,
7,accepted,2.000,133.182,
25,accepted,2.509,133.182,
23,accepted,0.500,118.129,
4,accepted,0.000,135.822,
20,accepted,0.500,136.322,
31,accepted,0.500,136.322,
29,accepted,3.004,132.669,
19,accepted,0.000,131.381,
24,accepted,0.502,134.387,
8,accepted,0.000,133.382,
5,accepted,0.000,137.503,
1,accepted,3.179,111.982,
17,accepted,0.679,122.179,
12,accepted,0.638,119.530,
15,accepted,2.679,121.483,
11,accepted,0.679,119.530,
30,accepted,0.638,124.844,
10,accepted,0.500,125.364,
26,accepted,1.500,132.498,
14,accepted,1.999,133.500,
27,accepted,2.000,135.500,
28,accepted,1.500,125.491,
0,accepted,2.500,136.000,
2,accepted,4.501,135.500,
22,accepted,1.608,108.615,
13,accepted,1.500,137.000,
3,accepted,6.500,137.000,
16,accepted,0.608,125.665,
9,accepted,3.607,133.678,
18,accepted,2.171,110.976,
21,accepted,0.000,115.979,
7,accepted,2.001,133.934,
25,accepted,2.001,133.934,
6,accepted,4.146,134.936,
23,accepted,3.618,134.427,
4,accepted,3.997,140.429,
29,accepted,1.499,129.930,
31,accepted,3.618,139.929,
20,accepted,3.618,139.929,
19,accepted,0.499,108.630,
24,accepted,0.000,124.644,
8,accepted,2.502,132.659,
17,accepted,3.000,128.546,
1,accepted,3.501,136.547,
8,failure,0.000,12.013,challenge HTTP 502
6,unfinished,3.501,57.549,"Get ""http://127.0.0.1:18080/.within.website/x/cmd/anubis/api/pass-challenge?elapsedTime=3.501&id=01a0f015-9522-7d36-928c-caf99bea1eb8&nonce=52262&redir=%2F&response=00003baa359e7fd65c113522d114ca2bced85c06aaf9b4bc25a8242996db24b8"": context canceled"
22,unfinished,0.500,97.017,"Get ""http://127.0.0.1:18080/"": context canceled"
15,unfinished,1.000,131.047,"Get ""http://127.0.0.1:18080/"": context canceled"
10,unfinished,1.504,110.652,"Get ""http://127.0.0.1:18080/"": context canceled"
23,unfinished,1.508,52.047,"Get ""http://127.0.0.1:18080/.within.website/x/cmd/anubis/api/pass-challenge?elapsedTime=1.508&id=01a0f015-9535-706e-8071-9073ea4c5895&nonce=35205&redir=%2F&response=0000f81183309be6630a118b1a631d60fbacb724723e8eea5fe0955b34866f6c"": context canceled"
25,unfinished,1.002,58.547,"Get ""http://127.0.0.1:18080/.within.website/x/cmd/anubis/api/pass-challenge?elapsedTime=1.002&id=01a0f015-9520-7528-8c0b-976699eb26a2&nonce=49166&redir=%2F&response=000056b8839c38cc4d67c599c00097b3cfaa1a6b01d048337c88a9c91b2fe0d0"": context canceled"
9,unfinished,1.500,87.504,"Get ""http://127.0.0.1:18080/.within.website/x/cmd/anubis/api/pass-challenge?elapsedTime=1.500&id=01a0f015-950c-7209-a309-af8c17d5337d&nonce=1476&redir=%2F&response=00000102f3f61bbd420d834b89a0f718086d6282e91ce75204ff44991d0b5bb3"": context canceled"
14,unfinished,2.501,100.017,"Get ""http://127.0.0.1:18080/"": context canceled"
19,unfinished,0.000,38.040,"Get ""http://127.0.0.1:18080/"": context canceled"
28,unfinished,0.500,98.517,"Get ""http://127.0.0.1:18080/"": context canceled"
7,unfinished,0.501,58.547,"Get ""http://127.0.0.1:18080/.within.website/x/cmd/anubis/api/pass-challenge?elapsedTime=0.501&id=01a0f015-951d-7c8d-9b67-4563070638d1&nonce=31955&redir=%2F&response=000063d345823d9aad463c50294e81d19dd4d2474d358e2ee0913c64487cde97"": context canceled"
24,unfinished,0.000,22.026,"Get ""http://127.0.0.1:18080/"": context canceled"
1,unfinished,0.000,4.002,"Get ""http://127.0.0.1:18080/"": context canceled"
26,unfinished,2.000,101.519,"Get ""http://127.0.0.1:18080/"": context canceled"
29,unfinished,0.499,46.044,"Get ""http://127.0.0.1:18080/.within.website/x/cmd/anubis/api/pass-challenge?elapsedTime=0.499&id=01a0f015-9536-7aa6-ba52-5b6f3e64a4e7&nonce=97818&redir=%2F&response=00000f1fdabad0fd2207158b8cd20c0a56e4091bce83ea9947923af70c7da013"": context canceled"
12,unfinished,1.498,131.547,"Get ""http://127.0.0.1:18080/"": context canceled"
13,unfinished,5.003,97.517,"Get ""http://127.0.0.1:18080/"": context canceled"
3,unfinished,3.002,97.517,"Get ""http://127.0.0.1:18080/"": context canceled"
30,unfinished,0.678,126.232,"Get ""http://127.0.0.1:18080/"": context canceled"
5,unfinished,1.501,141.048,"Get ""http://127.0.0.1:18080/"": context canceled"
17,unfinished,0.000,4.502,"Get ""http://127.0.0.1:18080/"": context canceled"
31,unfinished,0.000,46.544,"Get ""http://127.0.0.1:18080/"": context canceled"
2,unfinished,3.002,99.017,"Get ""http://127.0.0.1:18080/"": context canceled"
27,unfinished,0.501,99.017,"Get ""http://127.0.0.1:18080/"": context canceled"
18,unfinished,1.090,83.506,"Get ""http://127.0.0.1:18080/.within.website/x/cmd/anubis/api/pass-challenge?elapsedTime=1.090&id=01a0f015-950d-7835-9cd1-ba725f2223b6&nonce=2980&redir=%2F&response=000038b0efdf96f3cb310559115e7e06c0bd96f576e7f52332f0a78d4fe54c2a"": context canceled"
20,unfinished,0.000,46.544,"Get ""http://127.0.0.1:18080/"": context canceled"
4,unfinished,0.499,46.544,"Get ""http://127.0.0.1:18080/.within.website/x/cmd/anubis/api/pass-challenge?elapsedTime=0.499&id=01a0f015-9536-7cdf-880e-1c775196e75c&nonce=49003&redir=%2F&response=0000ac9fad212fc6e92e0273096848a599ff5cd5375e8811d2d1c2c55c78951b"": context canceled"
0,unfinished,0.500,99.017,"Get ""http://127.0.0.1:18080/"": context canceled"
11,unfinished,2.505,131.547,"Get ""http://127.0.0.1:18080/"": context canceled"
21,unfinished,1.192,78.503,"Get ""http://127.0.0.1:18080/.within.website/x/cmd/anubis/api/pass-challenge?elapsedTime=1.192&id=01a0f015-9515-77f5-9ce4-c13bfd1a1705&nonce=54099&redir=%2F&response=000007d677ffbb0422505c3fb4a862638021645b669a642a3fd383125a6e6870"": context canceled"
16,unfinished,1.999,96.016,"Get ""http://127.0.0.1:18080/.within.website/x/cmd/anubis/api/pass-challenge?elapsedTime=1.999&id=01a0f015-9509-7c8e-8380-295ca58635ab&nonce=147382&redir=%2F&response=000017fb70bab639367aa4e4d52c4209ceee658e306babac353dddba690e5157"": context canceled"
