client,status,solve_ms,total_ms,error
0,accepted,2.505,23.138,
16,accepted,1.000,22.060,
23,accepted,2.505,21.561,
8,accepted,0.500,22.060,
4,accepted,0.000,22.560,
1,accepted,0.500,22.061,
26,accepted,1.500,22.561,
11,accepted,0.500,21.561,
15,accepted,0.500,24.637,
2,accepted,0.500,23.560,
27,accepted,1.999,24.061,
13,accepted,1.500,24.561,
25,accepted,2.505,24.561,
19,accepted,0.499,24.561,
30,accepted,1.500,23.560,
31,accepted,1.000,26.639,
3,accepted,2.000,25.561,
7,accepted,2.505,26.062,
9,accepted,2.000,25.062,
29,accepted,0.000,25.061,
6,accepted,0.500,26.561,
12,accepted,0.501,26.561,
10,accepted,0.500,26.060,
5,accepted,0.500,27.561,
17,accepted,1.000,27.560,
14,accepted,1.000,27.560,
20,accepted,0.501,28.060,
24,accepted,0.501,28.561,
22,accepted,0.499,28.060,
28,accepted,0.499,28.060,
18,accepted,1.501,28.560,
21,accepted,0.500,28.560,
15,accepted,0.000,10.501,
4,accepted,0.500,14.000,
0,accepted,0.499,15.001,
26,accepted,0.500,14.499,
23,accepted,0.499,15.499,
29,accepted,1.998,11.499,
8,accepted,0.000,16.500,
1,accepted,0.000,16.001,
16,accepted,0.000,17.000,
11,accepted,0.500,16.000,
30,accepted,1.000,14.001,
9,accepted,1.999,15.500,
19,accepted,1.500,16.002,
25,accepted,1.500,16.002,
21,accepted,2.501,11.501,
12,accepted,3.001,17.500,
13,accepted,2.999,19.501,
14,accepted,2.000,16.000,
27,accepted,4.999,20.000,
3,accepted,1.499,18.999,
2,accepted,5.999,20.000,
10,accepted,2.500,18.000,
31,accepted,4.500,19.999,
7,accepted,2.500,19.999,
6,accepted,3.500,18.500,
20,accepted,1.499,16.500,
18,accepted,1.000,16.000,
24,accepted,2.500,17.001,
22,accepted,0.998,18.000,
17,accepted,3.501,19.999,
5,accepted,3.999,20.500,
15,accepted,0.501,16.500,
0,accepted,0.501,13.998,
28,accepted,1.499,22.499,
30,accepted,0.500,13.000,
1,accepted,2.502,13.499,
4,accepted,0.000,15.500,
29,accepted,2.000,14.500,
23,accepted,0.000,15.000,
26,accepted,0.000,15.000,
16,accepted,2.001,13.499,
9,accepted,2.502,11.998,
25,accepted,2.001,13.999,
21,accepted,2.000,14.499,
8,accepted,4.000,17.999,
27,accepted,1.999,13.499,
24,accepted,1.000,12.498,
19,accepted,3.999,17.499,
6,accepted,0.000,15.000,
31,accepted,1.499,15.000,
12,accepted,2.999,18.000,
14,accepted,2.500,18.500,
7,accepted,1.000,17.501,
13,accepted,2.999,19.000,
0,accepted,0.000,13.001,
22,accepted,0.500,17.000,
3,accepted,1.999,20.000,
18,accepted,1.500,19.000,
28,accepted,0.500,14.501,
1,accepted,2.001,14.000,
5,accepted,0.000,17.500,
15,accepted,0.500,15.500,
11,accepted,5.000,27.500,
17,accepted,0.000,18.000,
2,accepted,1.500,22.000,
10,accepted,1.500,21.500,
21,accepted,1.000,11.500,
9,accepted,1.500,14.501,
30,accepted,2.000,15.501,
24,accepted,1.000,10.500,
23,accepted,3.500,17.002,
25,accepted,2.000,14.501,
20,accepted,0.000,24.001,
4,accepted,3.000,18.000,
27,accepted,3.001,13.001,
26,accepted,2.500,19.000,
29,accepted,2.500,20.000,
12,accepted,0.500,9.999,
8,accepted,1.000,16.500,
19,accepted,0.501,14.499,
16,accepted,2.000,21.000,
6,accepted,0.000,13.000,
31,accepted,0.499,13.501,
7,accepted,0.000,11.499,
14,accepted,0.000,12.499,
3,accepted,1.002,12.500,
13,accepted,0.000,13.999,
28,accepted,3.500,11.499,
22,accepted,2.498,13.500,
0,accepted,2.498,14.500,
11,accepted,3.998,13.000,
10,accepted,2.001,13.000,
15,accepted,2.000,13.500,
21,accepted,2.001,13.500,
20,accepted,2.001,10.998,
25,accepted,1.501,11.998,
2,accepted,3.499,15.501,
18,accepted,3.998,18.000,
23,accepted,2.500,12.999,
4,accepted,1.501,12.999,
12,accepted,1.000,11.000,
24,accepted,3.499,15.500,
1,accepted,3.000,19.000,
17,accepted,5.000,19.001,
26,accepted,1.500,14.002,
29,accepted,1.000,16.334,
9,accepted,2.001,21.832,
27,accepted,1.000,18.333,
5,accepted,5.500,23.333,
8,accepted,0.999,17.834,
19,accepted,0.500,17.834,
14,accepted,0.000,15.334,
30,accepted,4.001,23.333,
0,accepted,0.499,14.334,
11,accepted,0.000,13.334,
6,accepted,0.500,19.334,
31,accepted,0.500,18.833,
16,accepted,0.501,19.834,
25,accepted,1.000,12.334,
10,accepted,0.000,15.834,
28,accepted,0.502,17.835,
23,accepted,1.001,13.334,
13,accepted,0.000,18.335,
3,accepted,0.000,18.834,
15,accepted,0.000,16.334,
7,accepted,0.500,21.334,
22,accepted,0.000,18.335,
21,accepted,0.828,15.834,
20,accepted,0.999,16.742,
24,accepted,4.501,15.924,
4,accepted,5.500,17.424,
2,accepted,2.000,18.920,
12,accepted,4.001,17.422,
9,accepted,1.000,13.089,
5,accepted,1.000,13.089,
26,accepted,1.500,17.422,
30,accepted,0.000,12.089,
14,accepted,0.501,12.089,
18,accepted,2.000,20.922,
1,accepted,2.001,18.422,
19,accepted,0.000,13.589,
29,accepted,2.001,16.089,
17,accepted,1.001,19.421,
0,accepted,2.676,12.088,
10,accepted,2.676,11.588,
6,accepted,1.584,14.088,
7,accepted,1.504,12.587,
8,accepted,0.000,18.588,
27,accepted,1.000,20.088,
13,accepted,1.084,13.587,
28,accepted,2.588,14.588,
16,accepted,2.088,21.590,
4,accepted,1.000,14.500,
2,accepted,1.500,14.002,
11,accepted,4.180,22.089,
3,accepted,2.588,20.087,
20,accepted,2.000,18.680,
23,accepted,2.088,20.087,
31,accepted,4.588,23.088,
21,accepted,4.004,19.588,
15,accepted,5.588,20.588,
25,accepted,2.088,22.589,
24,accepted,1.000,15.999,
22,accepted,1.504,20.588,
9,accepted,0.000,14.499,
12,accepted,1.000,16.501,
5,accepted,0.000,16.000,
19,accepted,0.000,14.500,
26,accepted,0.000,16.000,
29,accepted,0.000,14.999,
30,accepted,0.000,17.499,
1,accepted,0.000,17.000,
0,accepted,0.499,15.500,
17,accepted,0.000,18.500,
14,accepted,0.499,20.499,
18,accepted,0.000,20.000,
7,accepted,1.500,15.001,
6,accepted,4.500,16.500,
10,accepted,0.500,16.500,
13,accepted,4.001,15.500,
27,accepted,3.000,17.501,
4,accepted,1.501,11.999,
8,accepted,2.499,18.501,
28,accepted,1.000,18.000,
2,accepted,0.499,13.998,
23,accepted,0.000,12.999,
31,accepted,0.501,15.000,
11,accepted,0.500,15.999,
26,accepted,0.000,13.000,
3,accepted,0.000,16.001,
22,accepted,0.000,15.500,
1,accepted,2.000,13.000,
0,accepted,1.500,13.501,
12,accepted,1.500,16.501,
19,accepted,2.000,15.001,
21,accepted,0.500,18.501,
16,accepted,0.000,19.499,
20,accepted,0.000,18.501,
9,accepted,1.499,17.501,
5,accepted,0.000,16.000,
24,accepted,0.000,18.000,
25,accepted,0.000,18.501,
15,accepted,0.000,19.001,
29,accepted,2.500,16.001,
6,accepted,1.499,12.501,
7,accepted,0.999,12.501,
30,accepted,3.001,16.001,
10,accepted,1.499,13.001,
18,accepted,2.499,13.499,
13,accepted,2.000,12.500,
14,accepted,2.999,16.000,
17,accepted,4.499,16.000,
27,accepted,1.499,17.001,
8,accepted,1.000,16.999,
31,accepted,0.499,14.000,
22,accepted,0.500,14.500,
28,accepted,0.000,18.500,
11,accepted,0.000,16.000,
23,accepted,0.000,18.001,
2,accepted,0.500,18.001,
26,accepted,0.000,15.000,
3,accepted,0.000,15.500,
4,accepted,0.000,20.500,
24,accepted,2.001,13.999,
9,accepted,1.001,15.499,
21,accepted,2.348,15.499,
19,accepted,2.001,16.499,
5,accepted,2.001,16.999,
14,accepted,0.999,12.501,
0,accepted,3.501,17.999,
16,accepted,2.501,18.000,
20,accepted,3.001,18.000,
25,accepted,4.001,17.999,
15,accepted,3.500,17.998,
1,accepted,0.000,20.501,
12,accepted,2.001,19.999,
29,accepted,2.001,18.502,
17,accepted,0.500,15.002,
18,accepted,1.500,17.503,
6,accepted,2.652,19.000,
30,accepted,2.499,18.500,
27,accepted,0.500,12.499,
22,accepted,0.500,10.000,
7,accepted,2.000,21.000,
10,accepted,2.000,20.999,
31,accepted,0.000,12.500,
28,accepted,0.500,10.999,
23,accepted,1.499,12.501,
11,accepted,0.000,12.501,
13,accepted,0.000,22.002,
8,accepted,0.500,15.125,
24,accepted,0.501,13.714,
19,accepted,2.000,12.213,
2,accepted,2.502,16.713,
9,accepted,2.501,13.713,
4,accepted,3.500,18.713,
21,accepted,2.000,16.213,
12,accepted,2.126,12.714,
26,accepted,2.002,19.714,
3,accepted,2.002,19.713,
20,accepted,2.002,15.212,
1,accepted,1.502,13.712,
0,accepted,3.001,16.212,
6,accepted,1.001,13.212,
16,accepted,2.501,15.713,
28,accepted,0.000,11.213,
27,accepted,2.126,12.212,
5,accepted,2.499,17.716,
14,accepted,1.998,17.215,
15,accepted,1.500,15.716,
25,accepted,1.998,16.715,
17,accepted,0.624,15.212,
18,accepted,0.624,15.212,
22,accepted,0.000,14.212,
10,accepted,0.504,13.213,
7,accepted,0.000,14.713,
30,accepted,1.125,16.713,
11,accepted,0.000,12.713,
31,accepted,0.500,15.214,
29,accepted,1.125,18.212,
19,accepted,1.499,12.500,
13,accepted,0.000,16.712,
23,accepted,3.001,16.712,
8,accepted,2.001,19.587,
2,accepted,2.002,17.001,
24,accepted,4.499,18.999,
1,accepted,1.999,14.501,
6,accepted,0.000,14.000,
9,accepted,1.500,18.500,
20,accepted,1.501,15.502,
3,accepted,1.999,16.000,
0,accepted,1.501,15.001,
18,accepted,0.501,14.499,
28,accepted,0.500,15.500,
26,accepted,1.001,17.499,
15,accepted,0.000,16.998,
25,accepted,0.000,16.500,
16,accepted,1.001,18.500,
22,accepted,0.501,16.000,
19,accepted,1.999,11.999,
30,accepted,0.500,15.499,
11,accepted,0.000,14.999,
10,accepted,0.500,16.500,
7,accepted,0.500,15.499,
27,accepted,0.000,18.500,
21,accepted,1.001,21.499,
17,accepted,0.000,17.998,
12,accepted,1.000,20.998,
4,accepted,2.002,21.499,
14,accepted,0.000,19.997,
23,accepted,2.000,13.501,
5,accepted,0.499,20.498,
29,accepted,5.001,18.499,
13,accepted,2.999,16.500,
1,accepted,1.000,11.001,
31,accepted,5.499,20.500,
6,accepted,0.500,11.001,
24,accepted,1.501,12.001,
8,accepted,2.000,14.000,
2,accepted,2.001,13.500,
9,accepted,0.500,12.000,
3,accepted,0.000,12.000,
0,accepted,0.500,12.500,
20,accepted,0.500,12.500,
18,accepted,0.499,11.501,
16,accepted,0.500,10.000,
28,accepted,0.501,12.501,
22,accepted,0.000,12.001,
15,accepted,0.000,12.501,
26,accepted,0.000,14.502,
21,accepted,1.500,11.502,
27,accepted,3.001,12.501,
25,accepted,0.500,13.500,
30,accepted,2.000,13.501,
11,accepted,1.500,13.501,
7,accepted,2.000,13.501,
4,accepted,2.501,13.501,
14,accepted,1.501,13.502,
17,accepted,2.000,15.501,
19,accepted,3.500,16.000,
12,accepted,4.000,16.003,
10,accepted,5.500,16.502,
1,accepted,2.000,12.000,
29,accepted,1.499,15.001,
6,accepted,2.000,13.000,
8,accepted,1.500,12.501,
23,accepted,4.001,16.999,
31,accepted,3.000,13.499,
20,accepted,1.499,13.499,
5,accepted,3.501,19.499,
28,accepted,0.499,14.500,
3,accepted,2.000,15.999,
25,accepted,0.000,13.000,
9,accepted,3.001,19.500,
0,accepted,1.000,18.000,
24,accepted,3.500,22.500,
16,accepted,0.999,19.000,
13,accepted,4.500,23.000,
2,accepted,2.999,22.000,
18,accepted,1.499,20.500,
15,accepted,0.501,17.499,
26,accepted,0.000,17.499,
27,accepted,0.000,16.500,
1,accepted,1.500,11.501,
21,accepted,0.502,17.500,
22,accepted,0.000,18.000,
14,accepted,2.501,14.944,
12,accepted,3.501,16.498,
7,accepted,1.499,20.000,
30,accepted,1.001,20.000,
11,accepted,2.000,22.000,
10,accepted,1.500,18.998,
19,accepted,2.000,20.000,
17,accepted,3.500,20.501,
4,accepted,4.499,22.501,
31,accepted,0.000,17.626,
8,accepted,0.000,18.124,
29,accepted,0.499,18.124,
6,accepted,0.000,19.192,
23,accepted,0.498,19.195,
5,accepted,0.000,16.694,
28,accepted,0.000,18.036,
18,accepted,1.499,13.036,
16,accepted,2.500,13.536,
0,accepted,1.999,15.536,
3,accepted,0.500,18.036,
24,accepted,1.000,14.192,
25,accepted,1.055,17.692,
2,accepted,1.999,14.192,
22,accepted,1.188,14.192,
13,accepted,3.501,15.192,
7,accepted,1.188,10.693,
21,accepted,1.688,14.693,
15,accepted,2.000,15.193,
20,accepted,0.000,24.193,
1,accepted,2.188,17.192,
26,accepted,2.502,17.692,
17,accepted,0.000,10.192,
4,accepted,0.000,10.692,
30,accepted,2.188,13.693,
12,accepted,1.500,14.193,
9,accepted,5.688,20.692,
29,accepted,0.000,11.069,
14,accepted,2.193,18.249,
31,accepted,0.000,12.068,
28,accepted,0.000,7.656,
10,accepted,0.500,15.193,
27,accepted,4.695,22.192,
11,accepted,0.500,18.693,
8,accepted,0.000,19.067,
5,accepted,0.501,17.999,
23,accepted,0.501,17.999,
19,accepted,0.500,21.193,
6,accepted,0.000,19.000,
18,accepted,2.002,17.156,
3,accepted,2.002,17.156,
16,accepted,2.502,17.656,
2,accepted,2.500,17.001,
17,accepted,1.500,13.501,
0,accepted,3.500,18.157,
20,accepted,1.999,14.001,
1,accepted,1.500,14.000,
13,accepted,1.500,17.000,
26,accepted,1.500,14.501,
24,accepted,1.502,18.501,
25,accepted,1.999,18.001,
22,accepted,1.500,17.501,
31,accepted,0.999,13.524,
9,accepted,3.500,17.028,
7,accepted,2.500,20.027,
30,accepted,1.500,18.528,
15,accepted,1.999,21.527,
14,accepted,1.501,17.527,
29,accepted,2.499,18.026,
5,accepted,2.028,11.633,
10,accepted,0.500,17.633,
21,accepted,3.000,24.132,
11,accepted,0.000,14.132,
28,accepted,0.000,18.633,
8,accepted,2.000,12.134,
4,accepted,3.000,21.133,
12,accepted,3.000,21.133,
27,accepted,0.000,19.632,
31,accepted,0.499,9.109,
19,accepted,2.028,14.633,
6,accepted,1.504,40.167,
17,accepted,2.505,38.667,
3,accepted,2.528,40.167,
13,accepted,0.499,39.167,
0,accepted,1.500,39.666,
1,accepted,1.500,39.167,
24,accepted,0.000,38.666,
20,accepted,1.000,40.166,
9,accepted,0.000,36.139,
27,accepted,3.998,30.035,
29,accepted,1.000,34.639,
14,accepted,2.002,34.639,
30,accepted,0.500,35.139,
7,accepted,0.504,37.139,
18,accepted,5.527,42.167,
26,accepted,0.500,40.166,
16,accepted,3.028,41.667,
2,accepted,1.504,41.166,
25,accepted,0.000,40.166,
22,accepted,0.000,40.667,
23,accepted,3.528,45.168,
10,accepted,3.000,34.034,
21,accepted,2.002,37.034,
5,accepted,2.502,37.535,
15,accepted,5.000,41.639,
11,accepted,2.498,39.535,
12,accepted,2.001,39.535,
8,accepted,2.001,40.535,
4,accepted,1.001,42.035,
28,accepted,2.500,43.035,
19,accepted,1.500,39.535,
6,accepted,1.001,14.501,
31,accepted,2.499,40.036,
24,accepted,0.000,12.001,
20,accepted,0.000,13.501,
17,accepted,0.000,15.000,
3,accepted,0.500,14.500,
0,accepted,1.501,14.001,
1,accepted,0.000,14.501,
7,accepted,0.501,13.001,
13,accepted,1.501,15.000,
14,accepted,2.499,16.000,
21,accepted,2.499,11.500,
9,accepted,2.000,17.000,
30,accepted,4.001,16.500,
16,accepted,1.499,16.000,
5,accepted,1.501,11.500,
12,accepted,2.001,9.499,
26,accepted,2.000,16.000,
29,accepted,2.499,17.368,
27,accepted,1.501,17.368,
10,accepted,1.501,19.000,
25,accepted,2.501,20.500,
2,accepted,2.501,21.999,
15,accepted,2.001,16.000,
22,accepted,3.501,21.498,
11,accepted,1.500,15.998,
23,accepted,2.001,21.998,
20,accepted,0.000,10.500,
28,accepted,0.500,13.499,
31,accepted,0.500,12.999,
6,accepted,0.500,12.999,
24,accepted,0.000,12.999,
8,accepted,2.001,15.999,
18,accepted,3.000,23.500,
4,accepted,0.999,15.000,
19,accepted,0.500,14.500,
0,accepted,0.000,12.499,
14,accepted,2.500,11.501,
7,accepted,1.500,14.001,
12,accepted,1.500,11.500,
5,accepted,1.999,12.000,
17,accepted,2.500,15.499,
13,accepted,2.497,15.000,
26,accepted,1.499,13.000,
3,accepted,3.999,16.500,
21,accepted,2.500,14.499,
1,accepted,3.499,16.999,
30,accepted,2.497,13.999,
16,accepted,2.497,14.500,
29,accepted,1.499,15.632,
9,accepted,4.998,16.500,
23,accepted,0.499,11.001,
22,accepted,0.499,12.001,
27,accepted,4.002,17.132,
11,accepted,0.499,12.000,
10,accepted,1.999,17.001,
15,accepted,0.499,15.501,
6,accepted,0.500,16.000,
24,accepted,0.499,16.000,
18,accepted,0.500,16.000,
28,accepted,0.000,16.000,
4,accepted,0.500,15.500,
20,accepted,0.000,16.499,
31,accepted,0.499,16.500,
19,accepted,0.000,15.499,
25,accepted,3.000,19.500,
8,accepted,0.000,16.500,
2,accepted,1.500,18.000,
5,accepted,0.500,13.500,
14,accepted,4.500,14.499,
0,accepted,0.500,16.500,
16,accepted,1.501,11.502,
30,accepted,2.500,12.501,
7,accepted,1.500,16.499,
26,accepted,3.500,15.001,
1,accepted,2.500,14.002,
13,accepted,1.999,17.317,
3,accepted,4.999,16.817,
21,accepted,1.499,17.318,
17,accepted,2.499,19.317,
23,accepted,0.500,15.816,
28,accepted,0.000,9.817,
22,accepted,0.000,15.817,
12,accepted,1.999,22.317,
10,accepted,0.501,12.816,
27,accepted,0.499,16.317,
31,accepted,0.500,10.318,
15,accepted,0.499,13.317,
9,accepted,1.000,18.317,
29,accepted,0.501,18.817,
11,accepted,0.502,16.818,
2,accepted,0.501,11.818,
5,accepted,0.000,10.817,
6,accepted,0.000,12.817,
4,accepted,0.000,13.319,
18,accepted,0.772,13.818,
8,accepted,0.540,13.318,
24,accepted,0.000,14.817,
20,accepted,1.544,15.317,
25,accepted,3.500,17.318,
0,accepted,1.502,16.317,
14,accepted,4.004,16.817,
7,accepted,2.500,15.316,
3,accepted,3.001,14.501,
13,accepted,4.001,14.501,
21,accepted,2.499,13.499,
30,accepted,1.999,18.316,
26,accepted,1.999,16.816,
19,accepted,4.004,20.817,
16,accepted,5.001,18.815,
17,accepted,3.999,13.499,
22,accepted,0.999,11.000,
5,accepted,0.501,9.719,
12,accepted,0.999,12.219,
18,accepted,0.000,11.719,
24,accepted,0.500,10.720,
10,accepted,1.000,17.220,
28,accepted,1.499,17.720,
31,accepted,1.000,17.220,
29,accepted,0.500,16.719,
8,accepted,0.501,15.718,
4,accepted,0.000,16.218,
9,accepted,0.500,18.218,
23,accepted,2.999,20.220,
27,accepted,1.500,19.219,
2,accepted,0.500,17.719,
1,accepted,7.000,26.036,
25,accepted,0.000,12.719,
6,accepted,0.499,17.720,
11,accepted,0.499,18.719,
20,accepted,0.000,15.220,
15,accepted,0.500,19.719,
0,accepted,0.500,12.719,
7,accepted,3.000,16.374,
30,accepted,2.000,14.373,
3,accepted,2.500,17.374,
13,accepted,2.000,17.374,
21,accepted,2.501,16.875,
22,accepted,1.500,17.374,
16,accepted,1.000,17.374,
5,accepted,1.000,16.654,
24,accepted,0.000,14.654,
19,accepted,1.500,18.873,
4,accepted,0.000,10.654,
9,accepted,0.000,10.654,
14,accepted,2.999,21.873,
17,accepted,1.500,19.873,
12,accepted,0.500,18.654,
26,accepted,2.501,19.873,
28,accepted,0.500,14.654,
31,accepted,0.000,14.153,
8,accepted,0.000,13.154,
10,accepted,0.000,15.653,
29,accepted,0.000,15.654,
18,accepted,0.501,20.153,
1,accepted,0.519,15.153,
27,accepted,1.520,15.653,
11,accepted,2.001,15.653,
25,accepted,1.001,15.653,
23,accepted,1.520,16.153,
15,accepted,1.501,16.518,
6,accepted,2.502,17.017,
2,accepted,2.001,18.153,
24,accepted,0.000,10.000,
30,accepted,2.000,14.500,
0,accepted,2.500,19.154,
3,accepted,2.999,13.500,
20,accepted,6.000,21.154,
7,accepted,2.000,16.001,
5,accepted,2.499,13.499,
13,accepted,1.499,14.498,
21,accepted,0.999,14.999,
22,accepted,0.000,15.999,
28,accepted,0.500,12.999,
16,accepted,0.500,16.499,
17,accepted,0.500,14.500,
8,accepted,0.500,13.000,
10,accepted,1.636,13.500,
4,accepted,0.000,18.000,
25,accepted,2.000,12.000,
12,accepted,0.500,17.000,
26,accepted,0.500,17.000,
14,accepted,0.000,17.500,
9,accepted,0.000,18.000,
19,accepted,0.500,18.000,
11,accepted,1.500,12.000,
1,accepted,2.000,13.000,
18,accepted,4.000,13.500,
15,accepted,1.499,12.136,
31,accepted,0.864,18.499,
27,accepted,1.499,15.000,
23,accepted,2.000,15.002,
29,accepted,5.000,17.502,
6,accepted,2.499,15.136,
5,accepted,0.000,13.501,
0,accepted,1.500,17.500,
7,accepted,0.500,17.999,
2,accepted,2.499,22.000,
20,accepted,0.500,18.498,
30,accepted,0.500,20.000,
28,accepted,1.000,15.942,
3,accepted,1.500,20.499,
16,accepted,2.502,18.000,
17,accepted,1.502,18.001,
24,accepted,0.500,23.500,
21,accepted,0.000,20.999,
22,accepted,0.500,19.500,
15,accepted,3.498,14.500,
13,accepted,0.500,21.500,
4,accepted,2.000,17.322,
10,accepted,2.500,18.822,
29,accepted,3.002,14.498,
26,accepted,2.000,18.500,
19,accepted,4.500,18.500,
27,accepted,0.999,18.500,
12,accepted,1.498,21.000,
2,accepted,2.000,9.000,
25,accepted,2.498,21.000,
9,accepted,1.500,21.500,
18,accepted,2.501,21.001,
31,accepted,2.001,19.501,
11,accepted,3.501,22.001,
14,accepted,2.498,22.001,
1,accepted,2.501,21.501,
8,accepted,7.501,25.001,
30,accepted,0.500,10.501,
5,accepted,0.000,14.499,
6,accepted,0.000,18.000,
20,accepted,1.500,10.501,
23,accepted,0.999,19.999,
7,accepted,0.000,11.501,
28,accepted,1.999,15.590,
0,accepted,2.500,19.032,
13,accepted,3.000,13.532,
17,accepted,1.999,14.032,
21,accepted,0.999,15.032,
4,accepted,0.999,13.710,
16,accepted,2.499,16.533,
15,accepted,1.500,15.533,
22,accepted,2.501,15.533,
24,accepted,2.501,16.033,
10,accepted,0.500,14.710,
3,accepted,5.679,18.032,
19,accepted,0.000,14.533,
29,accepted,0.000,15.033,
12,accepted,0.000,12.533,
25,accepted,0.527,13.033,
2,accepted,0.501,13.033,
26,accepted,0.000,16.032,
31,accepted,0.000,12.531,
27,accepted,0.000,13.532,
9,accepted,0.000,13.032,
1,accepted,0.501,14.032,
14,accepted,0.501,14.032,
7,accepted,2.000,15.532,
20,accepted,2.500,17.531,
11,accepted,0.000,19.031,
6,accepted,2.500,21.035,
5,accepted,2.500,21.534,
8,accepted,3.501,22.035,
18,accepted,2.500,23.034,
23,accepted,3.000,22.534,
15,accepted,0.499,16.003,
30,accepted,3.000,25.036,
24,accepted,1.000,16.003,
31,accepted,0.500,13.504,
16,accepted,0.500,16.503,
10,accepted,0.500,16.003,
17,accepted,1.000,19.004,
28,accepted,2.501,20.503,
21,accepted,0.500,18.003,
9,accepted,0.500,14.502,
12,accepted,0.501,15.501,
0,accepted,1.499,20.503,
2,accepted,0.000,15.504,
13,accepted,1.000,20.504,
27,accepted,0.500,15.504,
14,accepted,2.504,14.004,
26,accepted,0.000,16.003,
22,accepted,0.500,19.002,
19,accepted,0.499,17.502,
4,accepted,1.000,19.503,
1,accepted,2.504,16.002,
7,accepted,2.500,14.502,
20,accepted,1.003,13.503,
25,accepted,0.000,21.501,
29,accepted,0.501,23.001,
3,accepted,0.500,24.002,
6,accepted,0.499,12.499,
18,accepted,3.500,11.500,
23,accepted,0.499,10.999,
5,accepted,0.499,14.500,
8,accepted,1.501,13.999,
13,accepted,0.000,9.500,
15,accepted,0.000,12.000,
2,accepted,0.499,10.000,
21,accepted,0.000,11.002,
14,accepted,0.000,10.000,
11,accepted,3.001,19.503,
12,accepted,0.500,13.001,
24,accepted,0.000,14.499,
17,accepted,0.000,14.501,
19,accepted,0.500,12.501,
28,accepted,0.499,16.000,
26,accepted,0.000,14.499,
31,accepted,0.500,18.499,
22,accepted,0.000,15.999,
10,accepted,0.000,18.999,
30,accepted,0.500,19.499,
20,accepted,3.501,13.500,
4,accepted,0.000,16.500,
0,accepted,0.501,18.000,
1,accepted,2.500,15.500,
16,accepted,0.500,19.499,
27,accepted,0.500,17.498,
9,accepted,0.500,18.500,
6,accepted,2.499,12.500,
7,accepted,2.001,18.000,
3,accepted,2.001,15.000,
25,accepted,3.499,17.502,
2,accepted,1.999,13.499,
5,accepted,1.500,15.500,
8,accepted,1.500,15.500,
17,accepted,0.500,11.999,
12,accepted,0.000,13.000,
29,accepted,3.501,19.001,
21,accepted,0.000,15.000,
11,accepted,0.000,15.001,
15,accepted,1.998,16.000,
23,accepted,1.500,19.002,
13,accepted,0.999,16.000,
18,accepted,1.500,19.002,
19,accepted,1.500,12.999,
24,accepted,0.499,13.999,
22,accepted,3.000,10.000,
14,accepted,0.000,17.000,
0,accepted,1.500,12.000,
26,accepted,1.501,14.501,
20,accepted,1.500,12.500,
28,accepted,1.500,14.501,
30,accepted,3.000,13.001,
6,accepted,1.500,12.501,
31,accepted,4.999,14.501,
9,accepted,3.001,14.500,
1,accepted,3.501,15.001,
10,accepted,3.498,16.000,
27,accepted,1.999,15.500,
12,accepted,0.500,9.499,
4,accepted,4.000,17.500,
5,accepted,0.000,11.502,
2,accepted,0.499,12.502,
17,accepted,0.500,12.499,
7,accepted,2.000,16.500,
18,accepted,0.500,12.500,
11,accepted,0.000,12.500,
3,accepted,2.500,17.001,
16,accepted,4.000,20.501,
8,accepted,0.000,14.001,
29,accepted,0.000,15.000,
0,accepted,0.000,11.001,
22,accepted,0.499,13.501,
23,accepted,0.499,15.000,
13,accepted,0.000,15.000,
15,accepted,0.500,15.000,
21,accepted,0.500,15.500,
25,accepted,0.501,17.501,
24,accepted,0.000,14.501,
19,accepted,0.499,15.000,
20,accepted,0.000,11.500,
14,accepted,0.000,14.499,
26,accepted,2.001,13.000,
6,accepted,1.502,12.501,
28,accepted,3.500,15.999,
12,accepted,2.502,12.999,
10,accepted,2.002,16.500,
30,accepted,3.501,19.500,
4,accepted,2.002,15.500,
9,accepted,2.000,19.002,
1,accepted,3.002,18.501,
29,accepted,0.000,12.500,
18,accepted,0.499,14.500,
8,accepted,1.000,14.500,
3,accepted,0.000,15.499,
0,accepted,0.500,13.500,
11,accepted,0.501,16.000,
7,accepted,1.000,16.501,
2,accepted,1.500,18.499,
31,accepted,3.501,23.000,
17,accepted,0.000,16.501,
5,accepted,1.498,18.499,
27,accepted,3.500,21.001,
16,accepted,0.499,16.500,
22,accepted,0.500,15.000,
13,accepted,0.000,14.500,
14,accepted,0.500,13.999,
15,accepted,0.000,16.000,
23,accepted,0.500,16.000,
21,accepted,0.000,16.502,
24,accepted,0.000,17.999,
19,accepted,0.500,17.500,
25,accepted,0.000,18.499,
20,accepted,0.000,19.500,
26,accepted,0.000,17.999,
6,accepted,2.500,18.999,
12,accepted,2.001,15.001,
4,accepted,1.500,12.500,
28,accepted,1.999,17.000,
9,accepted,0.499,11.998,
8,accepted,1.502,12.000,
30,accepted,1.499,15.000,
14,accepted,0.000,10.000,
0,accepted,0.000,11.999,
1,accepted,0.501,14.498,
3,accepted,0.000,11.999,
10,accepted,3.501,15.999,
29,accepted,0.000,14.000,
2,accepted,0.000,12.500,
11,accepted,0.000,13.999,
7,accepted,0.000,14.500,
18,accepted,0.000,17.500,
15,accepted,0.500,14.000,
27,accepted,0.000,17.499,
17,accepted,0.000,17.499,
20,accepted,1.000,11.500,
31,accepted,0.499,18.000,
5,accepted,0.000,18.000,
22,accepted,0.000,17.000,
21,accepted,0.000,15.498,
24,accepted,2.000,14.000,
16,accepted,0.000,18.000,
23,accepted,0.000,16.500,
13,accepted,0.500,18.000,
12,accepted,1.501,11.501,
19,accepted,3.000,16.000,
26,accepted,2.000,14.500,
25,accepted,2.499,16.000,
8,accepted,1.000,11.001,
6,accepted,1.501,13.500,
1,accepted,1.502,11.501,
30,accepted,2.001,15.000,
29,accepted,0.000,13.500,
14,accepted,2.001,15.501,
7,accepted,0.000,13.000,
0,accepted,1.501,16.501,
28,accepted,2.001,21.000,
11,accepted,0.000,15.500,
10,accepted,0.500,18.000,
31,accepted,2.001,12.501,
9,accepted,1.000,21.501,
12,accepted,1.500,10.500,
2,accepted,1.501,18.000,
18,accepted,1.000,15.000,
4,accepted,2.001,22.500,
3,accepted,0.500,19.501,
27,accepted,2.499,13.500,
20,accepted,3.501,14.999,
15,accepted,4.500,16.498,
5,accepted,2.001,15.500,
6,accepted,3.001,13.500,
17,accepted,4.501,18.500,
22,accepted,2.002,19.500,
21,accepted,3.000,19.000,
24,accepted,2.000,19.500,
29,accepted,1.000,14.000,
25,accepted,3.500,19.000,
7,accepted,0.501,12.500,
23,accepted,2.000,21.000,
1,accepted,1.500,17.001,
0,accepted,0.000,12.000,
13,accepted,1.499,21.500,
16,accepted,2.500,22.000,
14,accepted,0.000,13.500,
30,accepted,0.500,15.000,
26,accepted,5.001,20.000,
11,accepted,0.000,11.501,
31,accepted,1.499,11.999,
19,accepted,1.499,22.500,
8,accepted,3.000,21.500,
28,accepted,3.499,13.501,
2,accepted,1.001,12.998,
3,accepted,3.000,15.000,
15,accepted,2.000,14.001,
9,accepted,2.500,16.999,
27,accepted,3.000,16.500,
18,accepted,2.501,17.000,
10,accepted,4.001,20.000,
12,accepted,2.001,18.999,
5,accepted,2.500,16.501,
6,accepted,2.001,14.500,
17,accepted,1.500,14.501,
21,accepted,1.000,13.001,
22,accepted,0.000,14.000,
20,accepted,4.501,19.000,
4,accepted,3.500,21.000,
25,accepted,0.501,13.000,
26,accepted,0.500,14.000,
11,accepted,0.000,15.000,
14,accepted,0.500,17.499,
24,accepted,1.000,19.999,
16,accepted,0.000,17.499,
7,accepted,0.000,17.999,
29,accepted,0.499,18.499,
23,accepted,0.000,18.499,
31,accepted,1.000,16.000,
0,accepted,0.499,18.999,
30,accepted,0.500,18.499,
18,accepted,1.502,11.000,
8,accepted,2.000,15.999,
1,accepted,0.000,19.999,
13,accepted,0.501,19.999,
19,accepted,4.499,18.499,
15,accepted,2.501,14.498,
2,accepted,1.501,18.000,
9,accepted,3.001,14.500,
27,accepted,4.001,15.501,
28,accepted,2.000,20.499,
3,accepted,5.500,19.500,
22,accepted,0.500,13.999,
12,accepted,0.499,16.000,
11,accepted,0.499,10.999,
26,accepted,0.500,12.000,
14,accepted,0.000,10.000,
6,accepted,2.499,17.999,
25,accepted,0.997,14.999,
4,accepted,0.999,16.000,
5,accepted,1.500,18.500,
21,accepted,0.499,18.000,
20,accepted,0.499,16.500,
10,accepted,2.999,19.501,
17,accepted,0.997,18.500,
16,accepted,2.001,11.501,
7,accepted,1.500,11.501,
29,accepted,2.499,12.500,
24,accepted,1.001,13.000,
31,accepted,1.999,14.500,
23,accepted,1.999,14.500,
30,accepted,1.500,14.000,
18,accepted,1.999,14.501,
19,accepted,3.499,13.501,
26,accepted,0.000,8.500,
2,accepted,2.500,15.502,
25,accepted,0.000,9.500,
6,accepted,0.000,11.501,
4,accepted,0.000,11.501,
10,accepted,0.000,14.446,
13,accepted,2.500,23.447,
29,accepted,0.000,13.446,
8,accepted,4.999,25.446,
0,accepted,6.000,25.446,
22,accepted,0.500,20.451,
3,accepted,1.500,20.451,
20,accepted,0.000,17.951,
18,accepted,1.500,13.950,
12,accepted,1.000,21.950,
28,accepted,2.999,24.451,
1,accepted,3.499,27.951,
9,accepted,2.500,25.951,
7,accepted,2.502,18.450,
15,accepted,4.001,26.951,
16,accepted,2.000,18.950,
24,accepted,0.999,17.451,
23,accepted,2.000,15.450,
31,accepted,0.501,15.950,
17,accepted,0.501,19.950,
14,accepted,0.499,20.951,
11,accepted,0.000,22.950,
21,accepted,0.000,21.450,
27,accepted,2.499,27.450,
5,accepted,0.000,21.950,
26,accepted,2.501,14.950,
30,accepted,3.502,17.950,
19,accepted,3.000,16.450,
25,accepted,1.446,13.950,
2,accepted,1.947,16.449,
6,accepted,1.446,13.950,
10,accepted,0.000,11.004,
4,accepted,0.499,16.451,
13,accepted,0.500,12.505,
18,accepted,2.500,10.001,
20,accepted,3.000,12.000,
8,accepted,2.001,15.004,
12,accepted,1.500,11.499,
3,accepted,1.500,12.998,
29,accepted,2.500,16.006,
11,accepted,2.001,10.502,
0,accepted,4.501,19.008,
1,accepted,2.001,15.503,
15,accepted,3.001,15.003,
28,accepted,3.001,15.503,
21,accepted,2.000,14.507,
24,accepted,1.001,16.512,
31,accepted,1.500,16.012,
19,accepted,0.500,13.512,
16,accepted,2.501,16.512,
22,accepted,5.001,18.511,
17,accepted,1.001,16.012,
9,accepted,2.001,17.513,
23,accepted,1.501,17.013,
7,accepted,2.501,18.011,
27,accepted,3.501,17.012,
2,accepted,0.000,14.011,
26,accepted,1.500,17.512,
6,accepted,0.500,14.511,
30,accepted,1.001,17.012,
18,accepted,0.000,10.511,
25,accepted,1.000,16.512,
14,accepted,1.001,19.012,
5,accepted,3.501,17.512,
10,accepted,0.000,13.511,
4,accepted,0.000,15.010,
13,accepted,0.000,15.511,
12,accepted,2.504,17.012,
3,accepted,1.999,17.513,
6,accepted,1.000,10.000,
20,accepted,1.003,19.511,
19,accepted,1.000,14.999,
27,accepted,0.499,12.500,
2,accepted,1.500,12.500,
8,accepted,2.009,20.512,
31,accepted,0.501,17.000,
28,accepted,1.502,18.508,
0,accepted,2.002,18.508,
24,accepted,1.000,17.000,
29,accepted,4.500,22.511,
18,accepted,0.500,15.000,
10,accepted,0.000,15.000,
13,accepted,0.499,11.001,
11,accepted,3.501,22.511,
26,accepted,0.501,15.500,
17,accepted,0.999,18.999,
9,accepted,0.000,18.498,
21,accepted,2.000,20.005,
25,accepted,3.500,16.500,
15,accepted,2.001,21.008,
14,accepted,0.000,18.001,
4,accepted,1.501,15.002,
5,accepted,0.000,18.001,
23,accepted,0.000,21.000,
30,accepted,0.501,18.501,
1,accepted,2.502,23.009,
16,accepted,0.499,21.501,
22,accepted,0.000,22.499,
7,accepted,3.000,22.000,
12,accepted,1.000,13.499,
3,accepted,2.000,12.998,
19,accepted,1.500,11.500,
6,accepted,1.000,13.500,
20,accepted,2.000,14.999,
0,accepted,0.000,11.500,
28,accepted,0.501,12.500,
27,accepted,1.500,14.501,
21,accepted,0.501,11.500,
8,accepted,0.000,16.000,
2,accepted,0.999,16.000,
11,accepted,0.499,14.500,
10,accepted,0.998,15.500,
9,accepted,0.498,14.501,
13,accepted,0.000,15.500,
18,accepted,0.499,15.500,
29,accepted,0.000,15.500,
31,accepted,0.500,16.500,
26,accepted,0.498,15.500,
14,accepted,1.501,12.999,
4,accepted,1.499,12.999,
24,accepted,0.000,17.000,
25,accepted,0.500,14.500,
17,accepted,0.499,15.501,
15,accepted,0.000,15.000,
5,accepted,2.000,13.998,
16,accepted,1.999,14.999,
7,accepted,2.001,16.874,
23,accepted,1.999,18.372,
1,accepted,2.499,19.371,
0,accepted,2.001,12.372,
22,accepted,1.500,18.372,
6,accepted,1.999,14.372,
27,accepted,1.002,13.372,
12,accepted,2.500,17.873,
30,accepted,5.000,23.370,
2,accepted,2.008,13.871,
20,accepted,2.500,16.872,
19,accepted,1.999,18.371,
3,accepted,2.000,20.372,
17,accepted,2.373,11.871,
18,accepted,2.008,12.870,
28,accepted,0.499,16.870,
11,accepted,2.500,14.371,
8,accepted,1.873,15.871,
29,accepted,2.500,14.870,
4,accepted,2.501,14.871,
9,accepted,1.500,15.370,
10,accepted,2.008,15.370,
25,accepted,2.501,15.872,
13,accepted,4.500,17.371,
24,accepted,1.500,16.872,
31,accepted,4.500,17.871,
26,accepted,3.500,17.371,
5,accepted,3.999,16.372,
21,accepted,7.872,21.871,
7,accepted,2.000,14.000,
22,accepted,1.498,13.001,
14,accepted,5.499,20.872,
1,accepted,1.000,14.001,
23,accepted,1.501,15.000,
16,accepted,2.000,18.373,
27,accepted,0.000,12.000,
12,accepted,0.000,12.000,
15,accepted,3.999,20.872,
6,accepted,1.499,14.500,
0,accepted,1.999,15.001,
3,accepted,0.000,11.001,
19,accepted,0.000,11.501,
18,accepted,2.000,10.502,
17,accepted,1.501,11.002,
11,accepted,1.001,10.502,
30,accepted,2.000,14.501,
20,accepted,2.501,15.001,
2,accepted,2.000,15.500,
28,accepted,3.001,14.001,
8,accepted,3.501,14.501,
25,accepted,1.500,11.500,
10,accepted,3.501,14.501,
13,accepted,1.500,13.001,
9,accepted,4.501,15.001,
24,accepted,2.502,14.000,
31,accepted,1.001,13.500,
16,accepted,0.501,10.999,
21,accepted,0.501,13.501,
1,accepted,0.499,11.500,
5,accepted,0.501,15.001,
4,accepted,5.001,20.501,
22,accepted,0.500,15.499,
0,accepted,0.499,13.499,
27,accepted,0.000,14.499,
23,accepted,0.499,14.999,
6,accepted,0.000,15.000,
3,accepted,0.499,14.000,
26,accepted,2.501,19.000,
7,accepted,0.999,16.499,
29,accepted,5.001,22.501,
28,accepted,1.000,10.500,
14,accepted,0.499,18.999,
8,accepted,2.000,12.499,
11,accepted,0.000,17.979,
12,accepted,0.000,20.479,
15,accepted,0.000,19.980,
18,accepted,0.000,18.998,
30,accepted,0.501,16.999,
20,accepted,0.999,16.500,
17,accepted,0.501,18.999,
19,accepted,0.500,19.999,
10,accepted,2.500,13.813,
25,accepted,1.500,16.317,
9,accepted,1.500,16.257,
21,accepted,2.001,14.758,
13,accepted,1.500,17.258,
24,accepted,2.501,17.257,
5,accepted,2.001,15.756,
23,accepted,0.501,13.757,
2,accepted,7.000,23.257,
31,accepted,1.000,19.256,
4,accepted,0.000,15.757,
12,accepted,0.931,9.777,
7,accepted,0.500,16.259,
3,accepted,0.500,16.259,
0,accepted,0.500,17.259,
18,accepted,1.504,13.258,
20,accepted,1.500,13.257,
6,accepted,0.000,19.256,
27,accepted,0.000,20.256,
19,accepted,1.498,13.257,
22,accepted,0.000,20.256,
15,accepted,2.000,14.276,
28,accepted,2.000,18.756,
29,accepted,2.435,19.257,
1,accepted,3.000,23.756,
11,accepted,2.435,15.277,
26,accepted,0.519,20.257,
16,accepted,2.500,24.757,
14,accepted,1.504,16.757,
8,accepted,1.314,16.757,
30,accepted,2.000,14.257,
24,accepted,0.000,9.000,
17,accepted,1.000,15.256,
21,accepted,0.000,10.999,
13,accepted,0.000,10.999,
9,accepted,0.500,12.001,
25,accepted,0.499,14.940,
10,accepted,0.000,17.943,
5,accepted,0.000,13.499,
31,accepted,0.000,11.500,
2,accepted,2.000,12.000,
12,accepted,1.999,12.000,
23,accepted,1.499,14.000,
4,accepted,3.499,13.999,
3,accepted,2.000,13.998,
1,accepted,1.000,11.001,
6,accepted,2.500,12.001,
7,accepted,2.500,15.998,
15,accepted,1.999,13.000,
11,accepted,2.000,12.500,
20,accepted,0.999,13.500,
18,accepted,2.999,13.999,
19,accepted,1.999,13.500,
0,accepted,1.999,16.997,
22,accepted,1.499,14.499,
26,accepted,1.499,13.499,
14,accepted,0.000,13.999,
8,accepted,1.500,13.999,
27,accepted,1.500,14.999,
16,accepted,2.000,13.999,
29,accepted,0.500,14.499,
17,accepted,0.501,13.000,
13,accepted,0.000,12.498,
9,accepted,0.000,12.999,
30,accepted,0.000,14.500,
28,accepted,0.000,16.001,
31,accepted,0.000,11.500,
2,accepted,0.000,11.500,
24,accepted,0.000,16.501,
21,accepted,0.500,15.999,
10,accepted,0.499,15.001,
5,accepted,0.000,15.500,
25,accepted,0.501,18.998,
12,accepted,1.499,14.498,
1,accepted,2.002,13.499,
22,accepted,1.500,13.502,
23,accepted,2.500,20.001,
0,accepted,2.499,16.011,
26,accepted,2.000,16.011,
19,accepted,2.001,17.011,
3,accepted,3.002,19.510,
4,accepted,2.500,21.011,
6,accepted,2.499,18.509,
14,accepted,2.000,15.511,
8,accepted,1.500,15.511,
31,accepted,0.000,13.011,
11,accepted,1.499,17.011,
27,accepted,1.000,15.511,
16,accepted,0.000,15.511,
20,accepted,1.000,17.011,
30,accepted,0.000,15.510,
29,accepted,0.500,16.010,
17,accepted,0.000,16.510,
24,accepted,1.000,13.508,
18,accepted,1.000,18.010,
9,accepted,0.501,16.510,
28,accepted,0.499,16.009,
2,accepted,0.499,15.510,
7,accepted,2.000,20.009,
15,accepted,1.500,20.009,
13,accepted,0.000,18.010,
25,accepted,1.999,11.010,
21,accepted,3.001,15.009,
12,accepted,3.509,15.010,
5,accepted,3.499,17.009,
10,accepted,3.001,18.508,
1,accepted,2.009,15.510,
22,accepted,1.500,12.510,
23,accepted,0.999,15.009,
0,accepted,0.000,13.000,
3,accepted,0.000,12.500,
19,accepted,0.000,12.500,
14,accepted,0.000,13.499,
27,accepted,0.000,13.499,
26,accepted,0.500,14.500,
20,accepted,0.000,14.500,
11,accepted,0.000,14.500,
17,accepted,1.500,13.500,
18,accepted,0.000,13.999,
31,accepted,0.000,14.998,
29,accepted,0.000,14.499,
30,accepted,0.000,15.999,
4,accepted,0.000,17.000,
21,accepted,2.500,14.001,
15,accepted,1.499,14.501,
2,accepted,1.999,15.000,
6,accepted,1.000,17.499,
7,accepted,1.502,15.000,
28,accepted,1.999,16.000,
8,accepted,0.500,17.499,
16,accepted,0.499,17.999,
9,accepted,1.500,17.000,
25,accepted,2.502,17.499,
13,accepted,2.502,17.499,
12,accepted,3.501,15.001,
5,accepted,1.500,13.501,
24,accepted,0.500,20.500,
27,accepted,0.000,10.001,
1,accepted,0.999,13.499,
10,accepted,2.499,15.500,
19,accepted,0.501,11.499,
3,accepted,0.501,11.499,
0,accepted,1.498,12.110,
17,accepted,0.000,10.110,
22,accepted,1.499,14.609,
23,accepted,0.501,12.615,
11,accepted,0.000,12.114,
14,accepted,0.000,14.115,
26,accepted,0.500,14.114,
20,accepted,0.500,14.114,
30,accepted,0.000,12.115,
2,accepted,2.502,15.615,
6,accepted,2.000,16.114,
4,accepted,1.500,16.613,
29,accepted,2.502,19.116,
8,accepted,2.000,17.280,
12,accepted,2.000,13.279,
31,accepted,2.501,19.781,
18,accepted,1.501,19.781,
9,accepted,3.114,17.284,
5,accepted,1.000,14.284,
21,accepted,3.611,18.783,
25,accepted,2.614,16.284,
13,accepted,3.115,16.284,
15,accepted,2.501,19.283,
7,accepted,4.114,20.283,
1,accepted,1.499,14.784,
27,accepted,1.000,14.784,
24,accepted,2.000,16.784,
28,accepted,2.610,21.283,
10,accepted,0.000,14.784,
19,accepted,0.500,15.285,
11,accepted,0.000,12.670,
14,accepted,0.000,11.669,
16,accepted,4.614,21.285,
30,accepted,0.000,13.170,
17,accepted,0.499,17.674,
3,accepted,0.000,18.285,
22,accepted,0.501,18.173,
0,accepted,1.000,18.173,
26,accepted,0.499,14.170,
20,accepted,0.000,14.670,
23,accepted,0.000,19.668,
18,accepted,1.500,10.503,
4,accepted,1.499,11.669,
2,accepted,0.999,14.668,
6,accepted,2.501,14.170,
9,accepted,2.000,11.999,
29,accepted,3.000,13.669,
12,accepted,2.000,13.505,
8,accepted,2.000,15.004,
13,accepted,1.000,14.000,
31,accepted,2.000,16.005,
27,accepted,1.500,12.501,
5,accepted,2.500,15.001,
21,accepted,1.500,15.001,
25,accepted,1.000,14.501,
28,accepted,1.499,12.501,
15,accepted,1.000,15.001,
7,accepted,2.499,14.501,
24,accepted,1.999,14.000,
19,accepted,0.499,13.499,
11,accepted,1.000,13.999,
10,accepted,1.000,14.500,
16,accepted,0.499,13.999,
17,accepted,0.500,11.499,
3,accepted,0.502,11.499,
1,accepted,2.499,15.500,
30,accepted,1.000,12.999,
0,accepted,0.000,13.001,
23,accepted,0.000,11.002,
26,accepted,0.499,13.500,
14,accepted,1.000,18.001,
22,accepted,0.502,14.501,
20,accepted,0.501,15.000,
4,accepted,2.500,13.001,
18,accepted,2.500,15.127,
2,accepted,1.499,13.627,
12,accepted,2.001,13.126,
29,accepted,1.501,15.127,
25,accepted,2.001,12.126,
6,accepted,0.999,16.127,
13,accepted,1.501,13.627,
9,accepted,1.501,17.128,
8,accepted,1.501,15.627,
31,accepted,2.500,17.126,
28,accepted,1.999,18.127,
7,accepted,1.500,18.628,
16,accepted,1.500,17.629,
11,accepted,0.505,18.128,
23,accepted,0.000,15.627,
5,accepted,2.999,21.126,
15,accepted,2.499,20.627,
10,accepted,0.501,18.628,
1,accepted,0.505,18.127,
30,accepted,0.999,17.627,
14,accepted,0.000,15.126,
17,accepted,0.621,18.626,
22,accepted,0.000,15.126,
26,accepted,0.000,16.627,
19,accepted,1.500,20.127,
21,accepted,1.999,22.125,
24,accepted,1.500,20.627,
20,accepted,0.499,14.626,
3,accepted,0.505,19.126,
4,accepted,0.500,14.626,
27,accepted,1.500,22.125,
0,accepted,0.000,17.125,
25,accepted,1.498,10.499,
18,accepted,0.501,13.000,
6,accepted,1.000,11.500,
2,accepted,3.002,15.499,
12,accepted,2.001,16.500,
31,accepted,1.000,11.036,
13,accepted,2.000,15.036,
29,accepted,2.000,16.537,
8,accepted,0.501,14.037,
9,accepted,1.000,16.535,
28,accepted,0.499,12.036,
7,accepted,0.500,11.035,
22,accepted,1.031,10.537,
5,accepted,0.500,11.037,
16,accepted,0.000,13.536,
15,accepted,0.500,12.537,
14,accepted,0.000,13.038,
17,accepted,0.000,13.038,
10,accepted,0.500,14.536,
1,accepted,0.000,14.536,
23,accepted,0.000,15.036,
11,accepted,0.000,15.036,
24,accepted,2.036,13.537,
3,accepted,2.036,13.537,
30,accepted,0.000,15.036,
19,accepted,0.501,14.536,
0,accepted,2.505,15.537,
4,accepted,3.037,15.537,
18,accepted,2.001,15.037,
25,accepted,1.504,15.037,
20,accepted,3.037,15.537,
21,accepted,2.536,15.537,
26,accepted,3.536,15.537,
2,accepted,1.999,11.537,
27,accepted,4.535,16.037,
31,accepted,1.501,10.000,
6,accepted,3.500,14.435,
8,accepted,1.501,11.999,
12,accepted,5.000,16.036,
7,accepted,1.998,12.000,
5,accepted,0.499,12.000,
14,accepted,0.500,9.499,
22,accepted,0.999,12.000,
29,accepted,3.500,16.500,
16,accepted,0.000,11.999,
13,accepted,3.501,18.000,
17,accepted,0.600,11.498,
9,accepted,1.500,16.000,
15,accepted,0.000,12.999,
28,accepted,1.999,16.499,
10,accepted,3.102,12.501,
23,accepted,1.502,13.000,
0,accepted,2.000,12.000,
31,accepted,2.000,12.501,
3,accepted,2.501,15.501,
30,accepted,3.002,14.502,
20,accepted,1.500,13.500,
1,accepted,3.501,16.000,
4,accepted,2.000,14.499,
25,accepted,2.500,16.961,
24,accepted,3.500,19.465,
21,accepted,3.499,17.965,
27,accepted,1.499,17.465,
6,accepted,2.500,17.066,
12,accepted,0.999,12.965,
26,accepted,2.001,18.464,
11,accepted,3.002,22.465,
2,accepted,1.501,20.464,
7,accepted,0.500,14.965,
19,accepted,5.501,21.466,
22,accepted,0.501,15.964,
5,accepted,0.500,15.964,
18,accepted,3.998,22.464,
29,accepted,0.000,15.466,
3,accepted,1.000,10.489,
8,accepted,2.000,20.991,
13,accepted,1.500,15.490,
16,accepted,0.000,15.991,
17,accepted,2.001,15.490,
14,accepted,0.000,17.990,
1,accepted,1.000,12.490,
28,accepted,1.964,16.991,
23,accepted,2.466,15.992,
10,accepted,2.004,16.989,
4,accepted,0.999,12.990,
0,accepted,1.964,15.490,
20,accepted,2.501,15.989,
12,accepted,1.501,11.025,
9,accepted,4.466,20.490,
15,accepted,4.965,20.490,
6,accepted,0.000,12.025,
31,accepted,3.503,17.489,
21,accepted,0.499,13.026,
24,accepted,0.000,13.526,
19,accepted,0.000,13.026,
2,accepted,0.000,13.026,
22,accepted,0.000,11.026,
26,accepted,0.501,15.026,
27,accepted,0.000,16.025,
7,accepted,0.501,13.525,
30,accepted,2.500,20.489,
25,accepted,1.999,17.029,
11,accepted,0.000,13.525,
18,accepted,1.002,13.025,
1,accepted,1.500,10.001,
14,accepted,1.500,14.499,
17,accepted,3.500,14.999,
13,accepted,1.501,16.501,
3,accepted,2.501,17.000,
20,accepted,1.500,12.000,
29,accepted,3.501,18.524,
8,accepted,3.001,18.001,
0,accepted,1.999,14.502,
10,accepted,2.499,14.502,
4,accepted,1.500,15.001,
9,accepted,1.500,13.500,
28,accepted,2.000,16.500,
31,accepted,0.000,12.500,
16,accepted,5.500,19.502,
23,accepted,2.000,16.500,
5,accepted,5.500,21.028,
6,accepted,0.000,13.002,
12,accepted,2.001,14.501,
21,accepted,0.000,13.000,
15,accepted,2.500,15.000,
19,accepted,0.000,11.501,
11,accepted,0.000,11.502,
25,accepted,0.500,12.000,
2,accepted,0.501,13.499,
24,accepted,0.501,18.499,
22,accepted,0.000,16.999,
26,accepted,0.000,16.999,
30,accepted,0.000,17.001,
1,accepted,2.001,14.500,
7,accepted,1.001,17.001,
27,accepted,0.000,18.502,
18,accepted,2.001,17.002,
17,accepted,3.000,16.002,
14,accepted,1.999,16.002,
21,accepted,0.500,11.999,
12,accepted,0.000,12.499,
0,accepted,0.000,15.499,
28,accepted,0.999,16.500,
25,accepted,0.500,13.499,
15,accepted,0.500,14.999,
9,accepted,1.000,16.500,
10,accepted,0.500,17.999,
11,accepted,0.500,14.498,
31,accepted,0.000,17.504,
24,accepted,1.500,12.001,
5,accepted,0.000,17.999,
8,accepted,0.000,19.500,
20,accepted,0.500,20.502,
13,accepted,1.499,21.500,
19,accepted,0.000,16.999,
6,accepted,0.000,18.499,
3,accepted,0.999,21.002,
23,accepted,0.000,18.499,
16,accepted,0.671,19.498,
29,accepted,0.000,22.002,
4,accepted,1.998,21.001,
26,accepted,2.000,13.002,
30,accepted,2.501,13.001,
2,accepted,4.500,18.000,
27,accepted,1.499,12.499,
22,accepted,5.000,16.999,
7,accepted,1.501,16.499,
1,accepted,2.000,17.499,
21,accepted,2.004,13.001,
18,accepted,1.999,17.000,
17,accepted,2.000,14.999,
28,accepted,0.000,11.001,
10,accepted,0.000,12.001,
9,accepted,0.501,12.501,
25,accepted,0.000,13.501,
15,accepted,3.000,14.000,
19,accepted,1.500,11.998,
12,accepted,0.000,19.002,
0,accepted,0.499,18.504,
14,accepted,2.503,21.004,
5,accepted,3.499,15.007,
24,accepted,2.499,15.007,
16,accepted,1.999,14.008,
11,accepted,3.000,18.510,
31,accepted,4.498,18.506,
23,accepted,2.499,17.009,
20,accepted,1.500,17.009,
29,accepted,3.001,17.507,
26,accepted,2.999,17.507,
8,accepted,3.001,19.508,
2,accepted,2.000,16.509,
6,accepted,1.500,19.508,
3,accepted,3.001,19.508,
22,accepted,2.000,15.009,
30,accepted,3.501,18.508,
4,accepted,3.001,19.007,
27,accepted,2.499,17.509,
13,accepted,4.500,21.509,
1,accepted,0.999,15.011,
10,accepted,0.504,12.508,
17,accepted,0.500,14.508,
9,accepted,1.502,13.509,
28,accepted,0.000,15.008,
18,accepted,0.000,16.008,
7,accepted,0.999,18.009,
21,accepted,0.500,16.508,
25,accepted,1.998,13.509,
14,accepted,0.500,13.004,
5,accepted,1.501,12.500,
0,accepted,1.999,14.004,
16,accepted,3.000,15.001,
31,accepted,0.999,12.999,
19,accepted,4.001,19.010,
23,accepted,1.998,15.498,
4,accepted,0.000,12.000,
30,accepted,0.500,12.000,
24,accepted,2.500,18.000,
15,accepted,3.499,21.009,
12,accepted,2.500,19.007,
20,accepted,1.497,15.498,
11,accepted,2.000,16.999,
2,accepted,1.001,14.000,
27,accepted,0.499,13.000,
17,accepted,0.000,12.500,
22,accepted,0.000,14.499,
18,accepted,0.000,11.499,
3,accepted,0.499,15.499,
29,accepted,1.001,15.999,
6,accepted,0.000,16.001,
8,accepted,1.001,16.501,
13,accepted,0.000,15.498,
1,accepted,0.500,15.498,
10,accepted,0.501,15.002,
21,accepted,2.501,14.001,
9,accepted,0.500,14.001,
26,accepted,1.999,18.501,
7,accepted,4.001,17.000,
5,accepted,2.500,14.000,
25,accepted,2.001,16.499,
28,accepted,6.501,17.500,
14,accepted,1.500,14.000,
16,accepted,1.502,11.500,
2,accepted,0.502,11.499,
12,accepted,0.999,12.500,
31,accepted,2.499,17.000,
19,accepted,1.999,16.000,
3,accepted,1.000,13.001,
18,accepted,0.501,13.001,
17,accepted,0.000,13.001,
11,accepted,0.999,14.500,
6,accepted,0.499,12.499,
23,accepted,1.001,15.501,
1,accepted,0.000,11.001,
0,accepted,2.499,20.500,
24,accepted,0.502,16.001,
20,accepted,1.499,16.001,
15,accepted,0.502,16.500,
30,accepted,0.000,17.000,
4,accepted,0.499,17.500,
13,accepted,0.000,13.001,
9,accepted,0.502,12.499,
22,accepted,0.500,15.001,
8,accepted,0.501,14.499,
27,accepted,1.501,16.500,
29,accepted,0.501,15.001,
26,accepted,2.000,14.998,
25,accepted,2.000,11.500,
21,accepted,2.498,14.998,
5,accepted,1.499,12.000,
7,accepted,2.000,12.499,
14,accepted,3.500,12.000,
28,accepted,3.000,17.049,
11,accepted,0.499,12.054,
2,accepted,2.500,16.554,
23,accepted,0.000,13.553,
10,accepted,7.001,26.553,
18,accepted,0.999,16.053,
19,accepted,0.999,18.053,
1,accepted,0.000,17.053,
16,accepted,3.500,24.053,
30,accepted,2.001,17.053,
6,accepted,0.500,18.552,
3,accepted,0.000,18.552,
31,accepted,0.500,20.053,
17,accepted,0.000,19.053,
12,accepted,2.500,22.054,
5,accepted,1.554,14.054,
25,accepted,3.054,14.554,
9,accepted,3.054,18.276,
8,accepted,2.006,18.276,
20,accepted,2.500,19.780,
24,accepted,2.001,20.279,
22,accepted,1.554,19.780,
26,accepted,1.501,17.281,
4,accepted,1.500,19.780,
13,accepted,3.055,20.282,
21,accepted,2.001,17.783,
15,accepted,1.501,21.282,
14,accepted,1.501,17.283,
0,accepted,2.501,21.781,
29,accepted,3.000,20.282,
7,accepted,1.499,19.782,
11,accepted,0.501,12.727,
27,accepted,2.006,22.781,
28,accepted,1.999,15.232,
2,accepted,0.000,12.227,
6,accepted,1.005,7.728,
23,accepted,0.000,14.208,
18,accepted,0.500,12.727,
16,accepted,2.500,11.727,
10,accepted,0.000,13.227,
3,accepted,2.499,12.728,
8,accepted,1.500,11.004,
1,accepted,3.001,15.727,
17,accepted,1.500,14.228,
24,accepted,2.000,12.501,
12,accepted,2.500,14.727,
31,accepted,2.500,14.727,
25,accepted,1.500,15.227,
19,accepted,4.501,17.227,
26,accepted,1.981,13.499,
20,accepted,1.500,15.002,
9,accepted,5.982,16.004,
30,accepted,1.500,17.727,
14,accepted,1.501,13.999,
21,accepted,0.519,13.999,
7,accepted,0.499,11.999,
2,accepted,0.000,11.000,
15,accepted,0.500,14.499,
0,accepted,0.500,14.499,
5,accepted,2.000,17.727,
6,accepted,0.000,11.499,
28,accepted,0.500,12.499,
13,accepted,0.499,16.000,
22,accepted,1.500,16.501,
23,accepted,0.500,11.519,
11,accepted,0.500,15.000,
18,accepted,0.000,13.000,
27,accepted,0.000,18.500,
4,accepted,0.500,21.501,
29,accepted,0.000,20.999,
16,accepted,0.999,14.001,
10,accepted,1.499,14.001,
8,accepted,2.000,14.000,
3,accepted,2.000,14.499,
24,accepted,3.001,13.499,
31,accepted,2.000,12.999,
19,accepted,1.501,12.500,
1,accepted,3.002,14.501,
12,accepted,1.501,13.501,
17,accepted,2.001,14.500,
28,accepted,0.000,10.500,
5,accepted,1.000,12.000,
14,accepted,1.500,13.501,
13,accepted,0.000,11.999,
0,accepted,1.000,14.001,
20,accepted,1.000,15.000,
26,accepted,1.499,16.002,
6,accepted,0.500,13.501,
2,accepted,1.000,14.501,
23,accepted,0.000,12.500,
22,accepted,0.000,13.500,
7,accepted,1.500,15.001,
9,accepted,3.000,15.501,
21,accepted,1.999,15.501,
25,accepted,1.999,17.501,
30,accepted,1.499,15.501,
18,accepted,1.999,10.001,
15,accepted,1.500,15.001,
11,accepted,0.000,12.000,
27,accepted,1.500,9.001,
3,accepted,1.500,8.001,
8,accepted,2.501,9.001,
10,accepted,2.000,12.500,
19,accepted,2.500,9.001,
24,accepted,2.000,10.001,
16,accepted,4.001,13.999,
12,accepted,1.500,10.500,
4,accepted,3.000,14.500,
31,accepted,3.001,12.002,
29,accepted,5.499,15.501,
28,accepted,4.000,10.501,
1,accepted,2.000,11.501,
15,accepted,0.500,8.000,
25,accepted,0.499,8.000,
14,accepted,1.498,10.000,
0,accepted,1.001,9.502,
13,accepted,0.999,10.500,
17,accepted,2.999,13.001,
2,accepted,0.499,9.500,
5,accepted,2.500,12.000,
20,accepted,1.001,10.000,
27,accepted,0.000,9.500,
11,accepted,0.500,11.000,
26,accepted,0.000,11.500,
9,accepted,0.000,11.000,
7,accepted,0.500,11.000,
21,accepted,0.500,11.000,
18,accepted,0.000,11.500,
6,accepted,0.000,11.999,
22,accepted,1.000,11.500,
30,accepted,0.500,11.500,
8,accepted,0.000,9.500,
23,accepted,0.500,12.499,
3,accepted,2.001,11.000,
4,accepted,1.498,8.500,
10,accepted,2.501,10.500,
19,accepted,2.000,10.500,
16,accepted,4.000,11.585,
12,accepted,3.998,11.084,
31,accepted,2.000,10.083,
28,accepted,2.000,10.584,
13,accepted,1.001,8.585,
29,accepted,2.999,13.585,
17,accepted,1.500,11.585,
20,accepted,2.000,12.585,
25,accepted,2.000,14.085,
5,accepted,1.500,13.585,
11,accepted,1.500,11.585,
1,accepted,2.999,15.584,
19,accepted,0.000,8.086,
2,accepted,1.001,13.585,
27,accepted,1.500,12.585,
14,accepted,2.500,14.585,
15,accepted,2.500,14.585,
24,accepted,5.500,18.084,
0,accepted,2.000,14.582,
10,accepted,0.000,9.586,
9,accepted,0.000,13.085,
22,accepted,0.500,12.585,
23,accepted,0.000,11.585,
26,accepted,1.499,13.085,
8,accepted,0.000,12.085,
21,accepted,1.500,13.085,
31,accepted,3.000,9.002,
30,accepted,0.500,14.585,
7,accepted,0.000,15.585,
18,accepted,0.500,15.085,
3,accepted,0.000,13.585,
6,accepted,0.000,15.085,
4,accepted,0.000,12.085,
12,accepted,1.500,11.001,
17,accepted,1.500,8.499,
16,accepted,3.500,12.502,
28,accepted,2.500,12.499,
29,accepted,2.000,10.002,
5,accepted,1.500,8.002,
11,accepted,1.500,8.002,
20,accepted,1.500,9.500,
24,accepted,1.000,8.501,
13,accepted,4.001,14.499,
19,accepted,1.500,9.499,
25,accepted,1.500,10.499,
23,accepted,0.500,8.499,
10,accepted,0.499,8.499,
2,accepted,1.500,9.999,
14,accepted,0.999,10.500,
27,accepted,0.499,10.999,
9,accepted,1.498,9.499,
1,accepted,1.500,10.999,
22,accepted,0.500,10.000,
21,accepted,0.501,10.000,
15,accepted,0.499,11.999,
0,accepted,0.000,11.500,
30,accepted,0.000,8.999,
26,accepted,1.001,11.500,
18,accepted,0.499,10.501,
4,accepted,0.000,10.501,
8,accepted,0.000,13.000,
7,accepted,0.000,11.500,
12,accepted,0.000,9.999,
6,accepted,0.500,12.121,
31,accepted,0.500,12.620,
3,accepted,0.500,12.625,
16,accepted,1.501,9.624,
17,accepted,1.001,11.127,
28,accepted,2.000,10.626,
29,accepted,1.500,10.124,
24,accepted,1.000,9.626,
11,accepted,2.000,10.624,
2,accepted,2.500,8.627,
20,accepted,3.501,10.127,
9,accepted,2.500,8.626,
14,accepted,2.001,9.626,
1,accepted,1.998,9.625,
25,accepted,1.625,14.125,
26,accepted,1.625,11.626,
10,accepted,2.125,15.126,
4,accepted,1.505,10.625,
30,accepted,2.126,13.626,
27,accepted,3.124,15.126,
19,accepted,2.625,16.627,
7,accepted,1.500,11.627,
17,accepted,0.000,9.501,
0,accepted,2.126,15.128,
5,accepted,5.627,19.125,
22,accepted,2.626,15.627,
13,accepted,3.124,17.628,
15,accepted,2.626,15.128,
6,accepted,0.500,11.511,
8,accepted,1.000,13.132,
16,accepted,0.501,11.007,
3,accepted,0.501,11.007,
18,accepted,1.000,13.132,
21,accepted,3.625,16.133,
23,accepted,3.625,17.633,
12,accepted,0.501,12.133,
31,accepted,0.500,11.511,
29,accepted,0.499,9.999,
24,accepted,0.000,9.499,
28,accepted,0.499,10.499,
11,accepted,1.499,10.500,
2,accepted,1.000,10.999,
20,accepted,2.500,13.499,
9,accepted,1.500,12.500,
1,accepted,3.007,12.502,
14,accepted,2.001,13.000,
10,accepted,1.498,8.001,
27,accepted,1.500,8.000,
26,accepted,3.999,9.501,
7,accepted,1.500,7.998,
25,accepted,3.500,11.000,
0,accepted,1.000,8.499,
17,accepted,1.500,9.499,
19,accepted,2.000,10.500,
22,accepted,1.000,9.999,
6,accepted,1.000,9.493,
18,accepted,2.000,9.493,
5,accepted,2.000,9.999,
30,accepted,3.501,11.000,
8,accepted,1.002,10.327,
2,accepted,0.501,8.999,
3,accepted,1.002,11.992,
24,accepted,1.501,12.500,
12,accepted,0.501,13.493,
31,accepted,0.501,13.493,
4,accepted,4.502,16.000,
11,accepted,0.000,12.499,
23,accepted,1.002,13.993,
16,accepted,1.500,13.993,
15,accepted,2.001,14.498,
13,accepted,1.501,14.498,
21,accepted,2.001,13.993,
29,accepted,0.000,14.002,
28,accepted,0.501,14.001,
9,accepted,0.000,10.500,
20,accepted,0.000,10.500,
10,accepted,0.000,9.500,
1,accepted,0.000,11.000,
26,accepted,1.666,10.000,
14,accepted,2.500,11.000,
27,accepted,2.499,11.584,
19,accepted,2.000,9.589,
7,accepted,2.666,11.089,
25,accepted,1.499,11.089,
18,accepted,2.499,10.089,
0,accepted,3.500,11.589,
5,accepted,1.500,10.089,
17,accepted,2.000,10.589,
22,accepted,3.000,11.088,
30,accepted,1.500,11.088,
6,accepted,2.500,11.088,
8,accepted,2.000,10.255,
11,accepted,1.000,7.589,
3,accepted,1.500,9.589,
31,accepted,2.500,9.589,
2,accepted,2.500,13.090,
16,accepted,0.584,11.090,
4,accepted,1.501,12.089,
23,accepted,1.000,11.589,
24,accepted,2.585,12.589,
12,accepted,1.000,12.590,
15,accepted,1.083,12.090,
28,accepted,1.005,11.089,
13,accepted,0.504,12.090,
21,accepted,1.089,12.090,
29,accepted,0.501,13.088,
14,accepted,0.500,11.089,
7,accepted,0.501,9.000,
9,accepted,0.000,12.589,
0,accepted,0.000,9.000,
26,accepted,0.500,12.090,
1,accepted,0.500,12.090,
27,accepted,0.500,10.505,
10,accepted,0.500,13.589,
5,accepted,0.000,9.500,
25,accepted,0.000,11.001,
18,accepted,0.000,10.000,
19,accepted,0.500,11.501,
20,accepted,1.000,15.089,
11,accepted,2.499,10.000,
8,accepted,1.501,11.001,
17,accepted,3.500,12.500,
3,accepted,3.001,10.500,
4,accepted,1.500,7.500,
6,accepted,3.000,12.501,
22,accepted,3.500,13.501,
31,accepted,3.500,11.500,
16,accepted,1.500,10.001,
24,accepted,2.001,9.502,
28,accepted,2.001,9.001,
23,accepted,2.501,10.000,
2,accepted,3.503,13.499,
12,accepted,2.002,11.498,
13,accepted,2.499,11.498,
9,accepted,0.997,9.999,
15,accepted,3.500,12.000,
30,accepted,7.504,17.501,
14,accepted,0.997,11.000,
21,accepted,1.502,12.499,
29,accepted,2.500,12.501,
1,accepted,1.498,11.500,
27,accepted,1.500,11.500,
19,accepted,0.500,10.499,
5,accepted,1.000,11.499,
3,accepted,0.498,8.499,
26,accepted,1.498,11.999,
17,accepted,0.500,8.499,
8,accepted,0.500,8.999,
20,accepted,0.000,11.001,
7,accepted,0.500,13.501,
0,accepted,1.500,12.501,
25,accepted,0.500,11.501,
10,accepted,0.500,12.501,
11,accepted,0.000,9.501,
6,accepted,1.000,9.000,
4,accepted,0.501,9.000,
18,accepted,0.500,12.500,
31,accepted,2.001,8.499,
16,accepted,2.501,8.998,
23,accepted,1.000,9.000,
28,accepted,2.000,9.998,
22,accepted,4.502,11.499,
24,accepted,2.000,10.498,
13,accepted,1.501,9.502,
12,accepted,3.499,9.502,
15,accepted,1.998,9.000,
14,accepted,1.498,9.002,
29,accepted,2.000,8.999,
1,accepted,1.000,8.999,
9,accepted,4.500,11.501,
30,accepted,2.999,11.501,
2,accepted,5.500,13.002,
26,accepted,1.500,11.001,
21,accepted,2.000,13.000,
0,accepted,2.000,11.499,
19,accepted,2.500,12.001,
8,accepted,1.999,13.501,
17,accepted,1.500,13.501,
7,accepted,2.500,13.999,
22,accepted,0.499,9.500,
18,accepted,1.000,12.999,
31,accepted,1.500,12.000,
11,accepted,1.000,13.999,
6,accepted,1.500,14.500,
10,accepted,1.500,15.499,
4,accepted,1.000,14.500,
5,accepted,2.000,16.001,
28,accepted,0.500,11.500,
20,accepted,2.000,15.499,
16,accepted,0.500,13.000,
27,accepted,3.001,17.000,
12,accepted,0.499,10.000,
24,accepted,0.000,11.501,
3,accepted,1.500,16.501,
23,accepted,1.000,12.500,
25,accepted,2.500,15.999,
13,accepted,0.499,10.000,
15,accepted,2.000,10.500,
14,accepted,1.500,10.000,
9,accepted,2.000,11.522,
1,accepted,1.500,11.522,
2,accepted,2.000,11.022,
26,accepted,3.000,10.023,
21,accepted,3.000,10.023,
0,accepted,2.501,9.523,
22,accepted,0.999,7.023,
31,accepted,0.500,7.023,
30,accepted,3.501,13.020,
7,accepted,2.000,7.521,
18,accepted,0.999,8.023,
19,accepted,2.500,11.024,
29,accepted,5.000,14.524,
20,accepted,0.517,7.024,
6,accepted,0.500,7.024,
8,accepted,2.000,10.022,
4,accepted,0.500,7.522,
28,accepted,1.005,8.521,
10,accepted,0.500,8.521,
11,accepted,0.500,10.522,
17,accepted,0.999,11.522,
23,accepted,0.000,9.021,
25,accepted,0.499,10.021,
16,accepted,1.000,10.021,
5,accepted,0.499,11.023,
27,accepted,0.498,10.523,
3,accepted,0.500,11.522,
1,accepted,0.501,8.000,
12,accepted,0.498,12.021,
14,accepted,0.499,11.521,
24,accepted,1.501,12.522,
13,accepted,0.499,12.522,
7,accepted,0.000,7.502,
2,accepted,0.000,8.501,
9,accepted,0.498,10.500,
26,accepted,0.000,9.500,
21,accepted,0.000,9.000,
22,accepted,0.501,9.000,
15,accepted,0.000,14.021,
0,accepted,0.501,9.499,
30,accepted,1.501,9.001,
20,accepted,2.000,9.498,
29,accepted,2.000,9.998,
6,accepted,1.499,10.998,
31,accepted,3.501,12.499,
11,accepted,2.001,9.813,
18,accepted,5.000,12.312,
8,accepted,3.000,11.313,
4,accepted,3.000,11.313,
10,accepted,2.001,11.001,
28,accepted,2.501,11.001,
25,accepted,2.000,9.503,
19,accepted,3.501,13.001,
17,accepted,2.501,11.002,
16,accepted,3.500,10.000,
23,accepted,2.500,11.000,
27,accepted,2.000,9.999,
1,accepted,2.499,8.999,
14,accepted,2.499,9.999,
5,accepted,1.500,11.498,
12,accepted,1.999,11.500,
24,accepted,2.499,11.501,
2,accepted,1.999,11.498,
3,accepted,1.500,12.999,
22,accepted,1.812,10.499,
26,accepted,1.812,10.499,
30,accepted,1.000,11.001,
9,accepted,1.313,11.501,
0,accepted,1.500,12.000,
29,accepted,0.497,9.999,
13,accepted,2.312,14.501,
7,accepted,3.312,14.498,
21,accepted,1.812,13.999,
8,accepted,0.000,9.687,
15,accepted,1.313,14.000,
20,accepted,0.502,12.500,
6,accepted,0.497,11.500,
11,accepted,0.000,10.688,
31,accepted,0.000,12.001,
17,accepted,1.500,9.999,
4,accepted,1.001,11.188,
16,accepted,1.500,10.002,
18,accepted,0.000,11.688,
28,accepted,0.000,11.500,
10,accepted,0.000,11.500,
19,accepted,2.500,11.497,
25,accepted,2.500,11.497,
27,accepted,3.501,11.501,
23,accepted,3.000,12.001,
24,accepted,2.001,8.999,
1,accepted,4.001,13.500,
5,accepted,3.502,12.001,
2,accepted,3.502,10.001,
9,accepted,2.002,8.999,
29,accepted,1.500,8.001,
30,accepted,2.502,9.499,
13,accepted,1.500,7.999,
14,accepted,4.500,13.500,
0,accepted,1.500,9.000,
3,accepted,4.500,11.000,
7,accepted,1.500,8.499,
21,accepted,0.998,7.999,
22,accepted,3.499,12.499,
26,accepted,3.500,12.499,
8,accepted,0.998,9.500,
12,accepted,6.499,13.999,
15,accepted,2.499,9.499,
20,accepted,0.501,9.499,
17,accepted,1.001,8.999,
31,accepted,0.500,8.999,
6,accepted,1.001,9.500,
11,accepted,0.000,9.500,
10,accepted,0.500,9.503,
16,accepted,0.500,10.002,
23,accepted,0.000,8.499,
4,accepted,0.500,10.998,
18,accepted,0.000,10.999,
19,accepted,0.501,10.502,
25,accepted,0.000,11.000,
24,accepted,0.499,9.000,
27,accepted,0.501,9.999,
28,accepted,0.501,12.000,
1,accepted,2.000,9.002,
5,accepted,2.001,9.002,
2,accepted,2.503,8.999,
30,accepted,1.503,9.000,
29,accepted,2.003,9.500,
9,accepted,1.503,10.499,
13,accepted,2.501,10.500,
14,accepted,2.501,10.501,
0,accepted,1.498,10.501,
3,accepted,2.000,11.002,
15,accepted,2.001,9.081,
20,accepted,1.499,9.585,
31,accepted,1.499,9.085,
12,accepted,2.001,11.270,
21,accepted,2.497,12.771,
26,accepted,2.497,12.775,
8,accepted,2.497,12.274,
22,accepted,5.000,14.389,
23,accepted,1.499,10.889,
17,accepted,4.002,12.888,
7,accepted,5.000,15.389,
19,accepted,0.500,9.887,
18,accepted,1.499,10.387,
16,accepted,2.001,11.385,
27,accepted,0.999,9.901,
24,accepted,0.999,9.901,
6,accepted,3.501,13.401,
10,accepted,2.001,12.389,
11,accepted,1.499,14.892,
28,accepted,0.000,10.892,
25,accepted,0.999,11.892,
4,accepted,3.000,13.393,
29,accepted,0.580,9.892,
5,accepted,0.501,11.390,
2,accepted,0.580,10.892,
1,accepted,1.081,11.390,
30,accepted,0.000,10.391,
3,accepted,0.000,9.391,
0,accepted,0.000,10.392,
26,accepted,1.619,6.618,
14,accepted,0.000,11.392,
20,accepted,2.504,9.807,
9,accepted,0.000,12.392,
15,accepted,0.000,10.811,
31,accepted,2.504,10.307,
13,accepted,0.000,12.392,
12,accepted,1.501,9.623,
7,accepted,1.500,9.004,
19,accepted,1.999,10.505,
8,accepted,4.500,12.618,
1,accepted,1.500,8.501,
27,accepted,1.500,11.492,
6,accepted,1.999,11.492,
29,accepted,1.500,9.501,
28,accepted,2.500,10.001,
25,accepted,1.999,10.000,
24,accepted,1.500,11.992,
23,accepted,4.500,13.005,
4,accepted,2.001,10.501,
3,accepted,0.501,8.999,
18,accepted,2.999,13.503,
2,accepted,1.500,10.499,
11,accepted,3.499,11.499,
16,accepted,3.999,14.004,
26,accepted,0.501,9.000,
22,accepted,3.500,14.504,
0,accepted,0.501,10.501,
15,accepted,0.000,9.001,
21,accepted,6.001,18.124,
5,accepted,2.000,13.001,
17,accepted,3.499,16.005,
10,accepted,2.500,15.001,
31,accepted,0.000,10.000,
9,accepted,0.501,10.000,
30,accepted,2.002,13.500,
20,accepted,0.501,10.000,
12,accepted,0.000,11.000,
14,accepted,0.501,12.000,
13,accepted,0.499,12.000,
7,accepted,1.498,9.500,
27,accepted,1.999,8.999,
29,accepted,1.502,9.499,
6,accepted,1.999,10.000,
8,accepted,2.501,11.002,
19,accepted,4.002,11.999,
25,accepted,2.501,10.000,
24,accepted,1.999,10.000,
4,accepted,2.501,9.499,
2,accepted,3.000,9.500,
28,accepted,4.501,11.499,
1,accepted,4.001,11.999,
22,accepted,1.500,10.000,
5,accepted,2.000,8.999,
16,accepted,2.501,11.500,
11,accepted,2.999,12.001,
18,accepted,2.501,14.002,
17,accepted,0.499,11.500,
3,accepted,3.501,15.002,
30,accepted,0.499,12.001,
6,accepted,0.500,7.999,
13,accepted,1.000,11.500,
20,accepted,1.000,14.501,
29,accepted,0.000,9.501,
14,accepted,0.500,13.001,
23,accepted,6.000,18.000,
26,accepted,1.499,17.001,
15,accepted,2.999,15.499,
9,accepted,0.499,14.501,
10,accepted,1.000,15.000,
7,accepted,0.000,12.501,
31,accepted,2.000,15.000,
12,accepted,0.500,13.500,
21,accepted,1.500,15.999,
0,accepted,0.499,15.999,
27,accepted,0.501,10.500,
19,accepted,0.500,10.001,
24,accepted,0.000,10.500,
25,accepted,1.500,11.001,
8,accepted,0.000,11.500,
4,accepted,1.500,11.001,
1,accepted,2.500,10.501,
28,accepted,2.502,11.502,
22,accepted,2.000,12.001,
5,accepted,2.001,11.501,
2,accepted,5.501,13.501,
6,accepted,1.000,8.001,
17,accepted,2.001,10.499,
16,accepted,2.001,12.999,
30,accepted,2.500,9.999,
18,accepted,1.499,10.998,
13,accepted,0.499,8.500,
11,accepted,2.001,12.999,
20,accepted,0.500,7.499,
15,accepted,0.500,8.000,
29,accepted,1.000,9.500,
14,accepted,0.500,9.999,
3,accepted,1.499,12.499,
21,accepted,0.501,10.000,
12,accepted,0.499,10.000,
7,accepted,0.999,11.499,
19,accepted,0.501,10.498,
9,accepted,0.499,12.500,
8,accepted,0.501,11.380,
10,accepted,0.501,13.880,
25,accepted,1.000,12.000,
24,accepted,0.000,12.501,
22,accepted,0.502,9.001,
1,accepted,0.501,11.501,
31,accepted,0.501,14.501,
23,accepted,0.499,15.000,
26,accepted,0.501,15.000,
0,accepted,0.499,14.501,
5,accepted,0.502,9.500,
4,accepted,0.500,12.500,
2,accepted,0.502,10.000,
28,accepted,0.000,11.499,
27,accepted,1.000,15.000,
30,accepted,1.499,8.001,
6,accepted,1.500,9.000,
17,accepted,2.501,10.500,
16,accepted,3.381,10.500,
11,accepted,1.882,10.500,
29,accepted,2.381,8.999,
15,accepted,2.381,10.499,
13,accepted,2.381,12.500,
21,accepted,2.001,9.500,
20,accepted,3.501,12.500,
3,accepted,2.001,10.000,
14,accepted,2.001,10.501,
18,accepted,3.501,13.501,
19,accepted,2.620,9.001,
8,accepted,0.500,7.619,
7,accepted,2.000,10.001,
9,accepted,2.500,9.500,
22,accepted,0.500,8.000,
12,accepted,3.500,13.000,
25,accepted,0.499,8.999,
23,accepted,0.500,9.001,
1,accepted,0.500,9.501,
10,accepted,1.500,10.120,
31,accepted,0.500,9.501,
26,accepted,1.000,9.501,
0,accepted,0.500,10.002,
24,accepted,1.000,11.500,
6,accepted,0.500,10.000,
2,accepted,0.000,10.999,
20,accepted,0.501,6.999,
16,accepted,0.000,8.999,
27,accepted,0.501,12.999,
14,accepted,0.000,9.000,
21,accepted,0.000,9.501,
5,accepted,0.000,15.499,
29,accepted,0.500,12.501,
11,accepted,0.500,13.002,
28,accepted,0.000,15.501,
4,accepted,0.501,16.001,
17,accepted,0.000,14.500,
3,accepted,0.000,12.000,
9,accepted,2.497,10.500,
18,accepted,1.999,12.000,
8,accepted,2.497,11.499,
15,accepted,1.000,14.499,
30,accepted,0.499,18.000,
13,accepted,0.000,13.501,
19,accepted,3.498,13.000,
12,accepted,2.000,11.000,
24,accepted,2.502,9.499,
23,accepted,1.501,11.498,
25,accepted,2.001,12.000,
26,accepted,1.001,11.499,
6,accepted,2.502,10.499,
22,accepted,2.502,14.499,
31,accepted,1.500,12.498,
2,accepted,1.001,10.500,
7,accepted,5.502,15.499,
14,accepted,0.499,9.085,
27,accepted,1.501,10.590,
1,accepted,1.501,15.088,
20,accepted,0.998,12.591,
17,accepted,0.501,8.590,
29,accepted,0.501,9.588,
5,accepted,0.000,10.090,
4,accepted,0.499,9.588,
28,accepted,0.499,9.588,
16,accepted,0.998,14.091,
10,accepted,2.999,17.089,
11,accepted,0.500,10.089,
0,accepted,2.000,16.088,
21,accepted,0.500,11.590,
18,accepted,0.501,8.591,
9,accepted,0.499,9.091,
3,accepted,0.499,9.591,
15,accepted,0.000,9.089,
8,accepted,0.501,9.590,
13,accepted,0.500,9.089,
30,accepted,0.500,9.089,
12,accepted,0.000,8.591,
19,accepted,1.090,10.090,
24,accepted,1.505,9.091,
25,accepted,2.001,9.591,
6,accepted,2.001,9.091,
26,accepted,2.001,9.590,
7,accepted,2.500,9.091,
1,accepted,2.000,7.501,
2,accepted,2.500,10.091,
31,accepted,3.000,10.091,
17,accepted,2.001,8.500,
27,accepted,2.501,11.500,
23,accepted,5.501,15.090,
11,accepted,2.000,9.499,
4,accepted,2.000,11.000,
0,accepted,2.000,10.500,
18,accepted,1.501,10.499,
5,accepted,2.000,10.999,
21,accepted,1.500,11.999,
14,accepted,3.999,14.504,
28,accepted,2.501,12.500,
30,accepted,1.000,10.500,
16,accepted,3.500,11.999,
20,accepted,4.500,13.500,
19,accepted,1.000,9.000,
10,accepted,1.501,11.999,
22,accepted,6.001,16.090,
9,accepted,1.000,11.999,
26,accepted,0.000,8.000,
25,accepted,0.000,8.500,
12,accepted,0.500,12.000,
6,accepted,0.500,9.999,
8,accepted,1.000,13.000,
24,accepted,0.500,10.999,
29,accepted,3.501,15.000,
13,accepted,1.000,13.000,
3,accepted,2.500,13.999,
15,accepted,1.000,15.002,
7,accepted,0.000,11.001,
2,accepted,0.000,11.001,
31,accepted,0.000,11.001,
1,accepted,0.000,12.999,
27,accepted,2.501,9.501,
17,accepted,2.000,11.499,
4,accepted,2.002,8.999,
0,accepted,1.501,8.999,
23,accepted,2.502,9.999,
5,accepted,1.501,9.001,
11,accepted,2.502,10.500,
18,accepted,2.002,9.501,
26,accepted,1.499,10.500,
8,accepted,0.999,9.501,
10,accepted,2.499,12.500,
21,accepted,2.000,13.000,
13,accepted,0.999,10.500,
16,accepted,3.001,13.000,
14,accepted,2.499,13.000,
12,accepted,0.999,10.999,
25,accepted,2.000,13.000,
22,accepted,2.000,13.500,
6,accepted,1.002,11.500,
31,accepted,0.999,9.498,
9,accepted,4.000,14.000,
28,accepted,2.000,15.001,
24,accepted,1.501,12.501,
15,accepted,0.499,11.000,
3,accepted,1.501,12.501,
20,accepted,1.498,15.501,
7,accepted,0.999,11.499,
2,accepted,0.499,10.499,
19,accepted,2.501,15.501,
29,accepted,1.000,13.501,
17,accepted,0.000,9.500,
4,accepted,0.000,9.500,
5,accepted,0.500,8.999,
0,accepted,0.000,10.001,
30,accepted,2.999,17.500,
1,accepted,0.000,11.501,
27,accepted,1.999,11.998,
11,accepted,1.000,11.499,
10,accepted,1.000,8.000,
23,accepted,2.500,13.001,
26,accepted,1.000,9.501,
22,accepted,1.500,8.502,
21,accepted,2.000,10.001,
8,accepted,2.499,11.999,
14,accepted,1.499,11.000,
20,accepted,1.000,8.499,
18,accepted,4.500,15.999,
9,accepted,2.000,11.000,
6,accepted,2.500,11.501,
29,accepted,0.500,9.499,
13,accepted,4.499,13.000,
28,accepted,2.000,10.999,
16,accepted,3.999,13.501,
19,accepted,1.000,11.501,
12,accepted,2.998,14.002,
2,accepted,1.000,11.501,
24,accepted,1.500,12.001,
15,accepted,2.000,12.001,
31,accepted,2.500,12.501,
3,accepted,2.001,12.001,
25,accepted,3.499,14.001,
7,accepted,0.500,12.500,
4,accepted,1.003,11.999,
27,accepted,0.501,10.501,
0,accepted,0.501,12.000,
17,accepted,0.501,13.500,
30,accepted,0.501,15.501,
1,accepted,0.502,15.000,
22,accepted,0.999,11.498,
5,accepted,0.501,16.501,
23,accepted,0.000,13.000,
10,accepted,0.000,13.499,
11,accepted,0.000,14.500,
26,accepted,0.500,13.499,
9,accepted,2.498,9.000,
21,accepted,1.501,11.500,
14,accepted,1.998,10.501,
16,accepted,1.502,9.000,
18,accepted,2.001,12.000,
13,accepted,2.502,10.500,
6,accepted,1.502,11.500,
29,accepted,1.502,12.499,
20,accepted,5.000,14.000,
8,accepted,3.000,14.500,
19,accepted,1.501,11.498,
27,accepted,1.000,9.000,
12,accepted,1.501,11.998,
24,accepted,2.000,11.998,
31,accepted,1.000,11.998,
2,accepted,2.000,12.498,
28,accepted,2.502,13.500,
25,accepted,1.000,11.998,
3,accepted,1.500,12.498,
17,accepted,0.499,9.500,
30,accepted,0.000,7.500,
15,accepted,1.500,13.499,
22,accepted,0.000,7.499,
7,accepted,0.499,13.499,
0,accepted,1.499,13.500,
4,accepted,1.500,14.001,
26,accepted,0.000,9.000,
5,accepted,0.000,10.000,
23,accepted,0.500,10.000,
9,accepted,1.499,8.999,
10,accepted,0.500,9.500,
1,accepted,0.000,10.499,
14,accepted,2.500,9.499,
11,accepted,2.500,10.500,
21,accepted,2.500,10.999,
13,accepted,1.999,10.000,
18,accepted,4.500,10.500,
20,accepted,2.000,9.500,
12,accepted,2.000,8.500,
16,accepted,4.500,11.999,
29,accepted,3.000,9.500,
8,accepted,2.000,9.500,
19,accepted,3.000,10.001,
24,accepted,2.500,9.501,
2,accepted,2.000,9.501,
28,accepted,2.000,9.501,
31,accepted,2.500,10.501,
27,accepted,2.000,11.501,
15,accepted,3.000,9.999,
22,accepted,1.500,9.500,
7,accepted,1.500,9.499,
6,accepted,3.999,14.500,
4,accepted,1.500,8.500,
30,accepted,1.500,11.500,
17,accepted,3.500,12.499,
26,accepted,2.000,9.499,
3,accepted,2.500,13.000,
5,accepted,0.500,9.500,
25,accepted,3.000,14.001,
10,accepted,1.000,10.000,
9,accepted,1.000,10.500,
0,accepted,2.000,11.000,
1,accepted,1.000,12.000,
11,accepted,0.500,11.001,
12,accepted,0.499,8.001,
13,accepted,0.000,9.500,
20,accepted,0.499,8.501,
14,accepted,0.501,12.000,
21,accepted,0.501,10.501,
18,accepted,0.499,9.501,
23,accepted,0.501,13.500,
8,accepted,0.000,9.000,
29,accepted,0.500,9.500,
19,accepted,0.000,8.999,
16,accepted,0.499,11.001,
24,accepted,0.000,9.999,
2,accepted,0.500,9.999,
27,accepted,0.500,8.999,
28,accepted,0.500,9.999,
31,accepted,0.500,10.501,
15,accepted,1.500,10.501,
4,accepted,1.501,11.007,
30,accepted,2.500,11.501,
17,accepted,1.501,11.001,
0,accepted,2.000,9.501,
3,accepted,3.499,11.001,
10,accepted,2.498,10.001,
6,accepted,3.500,12.499,
22,accepted,3.500,13.500,
12,accepted,1.999,9.000,
7,accepted,2.501,13.501,
21,accepted,2.500,8.500,
25,accepted,2.000,11.500,
13,accepted,1.500,9.999,
5,accepted,3.499,13.500,
9,accepted,2.000,12.500,
1,accepted,2.999,11.000,
26,accepted,2.000,14.001,
18,accepted,2.001,10.499,
23,accepted,1.002,11.001,
29,accepted,0.998,11.001,
14,accepted,3.002,12.756,
11,accepted,4.002,13.256,
8,accepted,1.007,12.260,
2,accepted,1.999,10.261,
15,accepted,0.000,8.761,
27,accepted,0.501,11.262,
20,accepted,0.000,14.261,
16,accepted,1.999,11.761,
24,accepted,0.499,12.261,
28,accepted,0.000,11.762,
31,accepted,0.499,11.259,
19,accepted,0.000,14.261,
17,accepted,0.000,8.761,
30,accepted,0.000,8.761,
4,accepted,0.000,10.254,
10,accepted,1.761,10.760,
3,accepted,0.000,11.263,
0,accepted,0.000,11.263,
22,accepted,3.760,11.263,
12,accepted,1.505,11.261,
25,accepted,3.760,10.761,
7,accepted,2.261,11.761,
18,accepted,2.000,9.762,
11,accepted,1.500,9.005,
13,accepted,2.501,11.762,
26,accepted,2.501,11.261,
5,accepted,2.501,11.762,
21,accepted,1.505,13.761,
23,accepted,1.999,10.261,
1,accepted,1.999,12.261,
29,accepted,3.499,13.263,
2,accepted,1.500,12.003,
30,accepted,0.500,9.500,
27,accepted,2.502,11.500,
19,accepted,0.000,10.001,
28,accepted,1.500,11.000,
15,accepted,1.503,12.000,
10,accepted,0.000,8.000,
9,accepted,2.499,15.761,
3,accepted,0.000,7.497,
22,accepted,0.000,6.998,
16,accepted,1.503,11.999,
8,accepted,2.000,13.000,
6,accepted,5.504,18.261,
14,accepted,3.001,13.504,
20,accepted,0.503,11.999,
0,accepted,0.000,8.498,
12,accepted,0.000,9.000,
17,accepted,0.000,13.000,
24,accepted,0.499,14.500,
4,accepted,0.500,12.500,
31,accepted,0.998,14.001,
7,accepted,0.000,9.000,
25,accepted,0.502,9.500,
11,accepted,1.000,8.002,
26,accepted,1.498,8.500,
5,accepted,1.998,9.000,
21,accepted,1.998,9.499,
1,accepted,2.000,10.500,
23,accepted,2.997,11.499,
13,accepted,2.997,12.000,
18,accepted,1.999,13.500,
9,accepted,1.503,10.000,
29,accepted,2.501,10.997,
10,accepted,2.002,10.499,
27,accepted,1.503,11.499,
28,accepted,1.500,12.500,
14,accepted,1.500,12.001,
2,accepted,3.500,12.998,
19,accepted,1.503,13.000,
30,accepted,2.501,14.499,
15,accepted,1.500,14.499,
16,accepted,2.498,15.502,
24,accepted,0.500,13.001,
4,accepted,0.500,13.001,
5,accepted,0.500,11.500,
8,accepted,1.998,16.502,
7,accepted,1.000,13.501,
26,accepted,0.000,12.501,
6,accepted,1.500,16.502,
25,accepted,0.501,13.501,
17,accepted,0.500,14.000,
11,accepted,0.000,13.498,
12,accepted,0.499,14.500,
31,accepted,0.500,14.000,
22,accepted,1.500,17.000,
3,accepted,1.000,17.501,
0,accepted,1.000,16.500,
20,accepted,2.501,18.000,
1,accepted,0.500,12.500,
21,accepted,0.000,14.999,
18,accepted,2.000,13.000,
23,accepted,3.501,14.000,
13,accepted,2.501,14.000,
28,accepted,2.002,10.001,
27,accepted,1.998,11.501,
29,accepted,1.999,13.002,
2,accepted,2.500,11.500,
19,accepted,3.501,11.931,
15,accepted,1.000,10.432,
6,accepted,1.000,8.499,
7,accepted,1.500,8.499,
9,accepted,3.499,15.001,
26,accepted,1.500,8.499,
10,accepted,1.500,15.001,
8,accepted,1.500,8.999,
14,accepted,3.000,13.500,
30,accepted,1.500,12.501,
24,accepted,0.000,10.499,
31,accepted,0.000,9.500,
25,accepted,1.000,10.499,
11,accepted,0.500,10.000,
17,accepted,0.499,11.000,
22,accepted,0.500,11.500,
1,accepted,0.499,9.000,
21,accepted,0.501,8.001,
12,accepted,0.000,12.001,
4,accepted,0.500,12.999,
5,accepted,0.000,12.499,
16,accepted,0.500,13.999,
0,accepted,0.499,12.500,
20,accepted,0.499,12.001,
3,accepted,0.500,13.000,
13,accepted,1.999,10.000,
19,accepted,1.999,7.569,
23,accepted,3.000,10.499,
29,accepted,1.500,10.034,
18,accepted,3.569,12.034,
15,accepted,1.501,8.604,
2,accepted,1.500,9.535,
9,accepted,2.001,10.535,
8,accepted,1.000,10.535,
30,accepted,2.501,10.534,
7,accepted,1.501,12.034,
10,accepted,2.500,12.035,
1,accepted,0.500,9.035,
14,accepted,4.501,12.983,
17,accepted,1.500,10.483,
26,accepted,2.500,13.483,
6,accepted,1.500,13.483,
21,accepted,1.499,9.983,
16,accepted,0.499,8.982,
11,accepted,2.500,11.483,
5,accepted,0.499,9.482,
4,accepted,0.499,9.482,
31,accepted,1.500,11.983,
28,accepted,5.001,17.035,
25,accepted,1.500,12.037,
3,accepted,0.504,8.536,
12,accepted,0.000,10.036,
27,accepted,3.501,16.536,
19,accepted,0.000,7.037,
20,accepted,1.035,9.538,
13,accepted,0.000,8.038,
0,accepted,0.504,9.538,
24,accepted,3.001,13.039,
18,accepted,0.000,7.000,
23,accepted,0.000,9.035,
22,accepted,1.000,12.535,
2,accepted,0.000,11.001,
8,accepted,1.997,10.001,
15,accepted,0.499,13.001,
29,accepted,0.000,13.001,
9,accepted,1.552,11.000,
30,accepted,0.000,10.002,
17,accepted,3.001,10.052,
25,accepted,1.500,9.999,
27,accepted,2.499,10.499,
5,accepted,2.001,11.053,
11,accepted,2.500,11.053,
7,accepted,3.501,13.001,
21,accepted,2.500,12.427,
26,accepted,5.000,12.427,
1,accepted,3.499,13.376,
10,accepted,3.001,14.001,
31,accepted,1.499,13.053,
28,accepted,2.499,12.499,
19,accepted,1.999,12.499,
12,accepted,2.500,13.316,
16,accepted,3.500,13.870,
13,accepted,1.001,12.815,
18,accepted,1.001,12.318,
23,accepted,1.000,12.001,
24,accepted,1.999,14.996,
20,accepted,1.000,14.996,
6,accepted,3.000,16.553,
0,accepted,1.000,15.498,
22,accepted,1.000,14.500,
29,accepted,0.000,9.499,
3,accepted,1.001,16.499,
15,accepted,0.499,9.499,
9,accepted,0.000,9.499,
2,accepted,0.501,11.999,
14,accepted,4.501,17.552,
4,accepted,1.501,18.052,
8,accepted,0.499,10.499,
30,accepted,0.625,10.501,
17,accepted,0.625,9.501,
27,accepted,0.000,9.501,
26,accepted,2.500,9.125,
25,accepted,2.500,11.500,
28,accepted,2.000,9.000,
11,accepted,2.000,11.000,
16,accepted,1.499,8.683,
7,accepted,2.000,11.000,
5,accepted,2.500,12.001,
31,accepted,1.499,11.000,
23,accepted,1.499,10.001,
1,accepted,1.500,12.127,
19,accepted,2.002,11.501,
10,accepted,3.501,11.501,
18,accepted,2.501,10.684,
13,accepted,1.501,10.684,
12,accepted,1.501,11.183,
6,accepted,1.500,10.001,
0,accepted,0.500,10.499,
20,accepted,1.001,11.001,
24,accepted,2.000,11.001,
21,accepted,6.001,15.626,
22,accepted,0.500,11.001,
2,accepted,0.499,11.500,
9,accepted,0.500,13.500,
8,accepted,0.499,13.000,
26,accepted,0.000,10.500,
3,accepted,1.000,15.001,
17,accepted,1.000,13.000,
30,accepted,1.000,13.500,
14,accepted,1.000,15.002,
27,accepted,0.000,12.000,
11,accepted,0.000,11.000,
28,accepted,0.000,11.000,
25,accepted,0.000,11.000,
15,accepted,1.000,16.001,
31,accepted,0.000,9.001,
29,accepted,0.499,16.500,
16,accepted,0.000,11.499,
4,accepted,1.000,16.501,
23,accepted,1.500,9.999,
1,accepted,1.500,10.499,
7,accepted,0.000,12.500,
5,accepted,0.500,11.999,
24,accepted,1.498,8.500,
6,accepted,2.000,8.999,
0,accepted,2.000,8.500,
19,accepted,2.000,11.498,
10,accepted,2.001,13.499,
21,accepted,0.999,10.000,
20,accepted,3.000,11.000,
13,accepted,4.498,13.998,
12,accepted,0.999,13.999,
9,accepted,2.000,8.501,
18,accepted,5.000,15.500,
4,accepted,0.500,5.501,
2,accepted,1.999,11.002,
22,accepted,1.999,12.499,
8,accepted,2.999,10.000,
26,accepted,2.000,8.998,
11,accepted,0.500,8.499,
30,accepted,2.000,8.998,
15,accepted,0.500,8.499,
17,accepted,1.500,8.998,
27,accepted,0.999,9.499,
3,accepted,2.000,10.499,
14,accepted,1.500,10.498,
1,accepted,1.000,8.499,
31,accepted,0.499,11.499,
29,accepted,0.999,11.500,
16,accepted,0.499,11.000,
7,accepted,0.999,9.999,
20,accepted,0.000,7.000,
23,accepted,0.500,11.499,
24,accepted,0.499,10.499,
25,accepted,0.999,12.999,
28,accepted,1.000,12.999,
21,accepted,0.000,7.999,
0,accepted,0.000,11.999,
6,accepted,0.499,11.999,
5,accepted,0.499,12.499,
19,accepted,0.000,11.500,
10,accepted,0.000,10.500,
13,accepted,3.000,11.000,
12,accepted,2.500,10.500,
18,accepted,2.001,9.999,
4,accepted,3.000,9.999,
9,accepted,2.499,10.500,
22,accepted,2.499,10.005,
11,accepted,2.499,9.501,
30,accepted,2.499,9.501,
2,accepted,3.498,11.000,
15,accepted,2.001,10.002,
1,accepted,1.500,8.501,
17,accepted,2.500,12.000,
26,accepted,2.500,13.001,
23,accepted,2.000,9.501,
14,accepted,3.999,12.501,
31,accepted,2.500,12.502,
25,accepted,1.499,11.002,
6,accepted,0.000,10.001,
24,accepted,1.000,11.501,
19,accepted,0.000,10.001,
27,accepted,3.999,15.500,
20,accepted,2.000,12.500,
13,accepted,0.000,8.001,
29,accepted,1.499,12.999,
28,accepted,0.499,12.000,
21,accepted,0.499,12.000,
0,accepted,1.000,10.500,
16,accepted,2.000,12.999,
10,accepted,0.496,9.499,
3,accepted,5.000,15.499,
5,accepted,1.000,11.000,
7,accepted,2.500,15.499,
8,accepted,5.000,19.500,
9,accepted,0.000,11.000,
12,accepted,0.000,11.500,
18,accepted,0.499,12.001,
2,accepted,2.001,11.001,
4,accepted,0.000,12.001,
22,accepted,0.000,11.497,
30,accepted,0.000,11.500,
11,accepted,0.500,11.500,
1,accepted,1.000,10.999,
15,accepted,4.499,11.498,
17,accepted,2.499,10.000,
19,accepted,1.500,7.999,
24,accepted,1.500,7.999,
23,accepted,2.000,10.499,
0,accepted,1.498,9.000,
26,accepted,4.501,13.000,
28,accepted,2.001,9.502,
16,accepted,1.498,9.502,
13,accepted,2.500,11.500,
25,accepted,2.501,11.999,
20,accepted,2.001,11.500,
27,accepted,2.500,12.499,
30,accepted,0.000,7.499,
8,accepted,0.501,9.500,
7,accepted,0.998,9.500,
6,accepted,2.500,12.499,
12,accepted,0.500,9.499,
14,accepted,3.000,14.999,
29,accepted,3.000,12.500,
9,accepted,0.499,9.499,
22,accepted,0.000,8.998,
5,accepted,0.998,12.500,
11,accepted,0.500,8.499,
21,accepted,2.000,13.500,
10,accepted,0.998,13.500,
3,accepted,0.998,13.500,
2,accepted,0.499,9.999,
31,accepted,2.500,15.501,
1,accepted,0.000,9.503,
18,accepted,0.000,10.501,
17,accepted,0.000,10.001,
19,accepted,0.501,8.001,
28,accepted,0.000,7.000,
15,accepted,0.000,12.001,
24,accepted,0.000,10.000,
4,accepted,0.000,13.498,
16,accepted,0.500,7.999,
23,accepted,0.500,9.500,
0,accepted,0.000,9.500,
26,accepted,1.001,10.001,
27,accepted,1.998,8.501,
25,accepted,1.501,10.000,
13,accepted,1.501,10.499,
20,accepted,2.500,10.499,
8,accepted,1.998,10.001,
12,accepted,3.497,9.501,
5,accepted,1.999,9.001,
21,accepted,2.999,9.001,
9,accepted,1.999,10.501,
14,accepted,2.499,10.501,
7,accepted,4.000,12.044,
10,accepted,2.000,10.544,
29,accepted,1.999,11.544,
30,accepted,3.497,12.044,
31,accepted,1.001,10.046,
23,accepted,1.000,7.548,
6,accepted,3.500,13.048,
11,accepted,3.500,12.048,
18,accepted,1.501,11.545,
15,accepted,1.500,9.047,
28,accepted,2.000,10.048,
19,accepted,2.501,11.548,
16,accepted,0.500,10.549,
17,accepted,3.001,12.547,
26,accepted,0.000,9.047,
3,accepted,5.000,14.548,
4,accepted,1.000,11.049,
2,accepted,3.501,15.047,
0,accepted,0.500,10.548,
1,accepted,4.501,14.545,
22,accepted,4.500,16.048,
25,accepted,0.000,8.548,
13,accepted,0.000,8.049,
27,accepted,0.000,9.548,
24,accepted,0.500,12.549,
12,accepted,0.500,8.048,
8,accepted,0.499,8.549,
20,accepted,0.500,10.051,
7,accepted,0.500,7.507,
5,accepted,0.000,10.049,
10,accepted,0.000,8.005,
9,accepted,2.500,10.048,
14,accepted,2.500,10.048,
31,accepted,2.500,9.499,
21,accepted,3.001,12.049,
29,accepted,3.999,11.005,
23,accepted,2.001,10.001,
6,accepted,3.499,10.501,
2,accepted,2.000,7.000,
3,accepted,2.000,8.000,
17,accepted,1.501,9.000,
16,accepted,2.000,9.000,
28,accepted,2.999,11.000,
18,accepted,4.000,11.500,
0,accepted,1.501,9.500,
11,accepted,4.000,14.000,
25,accepted,1.000,9.999,
12,accepted,1.000,10.499,
4,accepted,1.501,12.501,
15,accepted,4.500,15.501,
19,accepted,4.500,15.499,
7,accepted,1.501,10.997,
26,accepted,3.500,14.500,
27,accepted,2.501,12.500,
9,accepted,1.000,10.000,
24,accepted,3.500,13.000,
1,accepted,2.501,14.001,
13,accepted,3.000,13.500,
10,accepted,1.000,11.499,
29,accepted,0.000,8.999,
5,accepted,1.501,12.499,
30,accepted,8.000,20.504,
8,accepted,2.501,13.999,
20,accepted,1.501,12.997,
22,accepted,4.502,15.500,
23,accepted,0.000,9.499,
21,accepted,0.499,9.999,
2,accepted,0.499,10.000,
3,accepted,0.000,10.000,
14,accepted,0.999,13.500,
31,accepted,0.499,12.500,
6,accepted,0.501,12.000,
17,accepted,0.000,11.001,
18,accepted,1.999,12.001,
28,accepted,1.500,13.000,
9,accepted,2.501,7.499,
0,accepted,3.498,12.000,
16,accepted,1.001,13.500,
24,accepted,2.000,7.999,
11,accepted,1.500,12.000,
12,accepted,1.500,11.500,
13,accepted,1.500,8.999,
15,accepted,1.499,11.000,
19,accepted,2.500,10.000,
23,accepted,1.000,8.999,
1,accepted,2.001,10.499,
3,accepted,0.499,7.499,
27,accepted,2.001,10.999,
25,accepted,3.999,14.501,
2,accepted,0.999,8.499,
4,accepted,3.500,13.999,
7,accepted,2.001,13.000,
26,accepted,2.500,14.499,
31,accepted,1.000,11.000,
22,accepted,0.499,13.000,
6,accepted,0.500,9.999,
17,accepted,0.500,9.499,
0,accepted,0.000,7.501,
8,accepted,0.500,13.000,
5,accepted,1.000,13.501,
9,accepted,0.000,7.501,
10,accepted,0.499,14.501,
29,accepted,1.500,14.000,
20,accepted,0.500,13.501,
16,accepted,0.500,7.501,
28,accepted,0.500,8.003,
14,accepted,1.000,12.002,
21,accepted,1.000,14.501,
30,accepted,0.000,15.001,
18,accepted,0.000,10.000,
24,accepted,1.500,10.001,
12,accepted,1.499,9.500,
13,accepted,1.499,9.500,
11,accepted,1.500,10.500,
15,accepted,1.499,9.500,
1,accepted,2.002,9.001,
4,accepted,2.002,8.001,
23,accepted,2.503,9.501,
19,accepted,4.001,11.000,
3,accepted,1.504,10.501,
2,accepted,2.503,10.000,
25,accepted,3.002,11.001,
26,accepted,2.000,10.026,
5,accepted,1.499,9.529,
22,accepted,2.499,10.030,
7,accepted,3.997,12.029,
27,accepted,5.501,14.530,
6,accepted,2.499,11.031,
8,accepted,1.499,10.530,
30,accepted,0.501,9.529,
21,accepted,0.501,10.529,
18,accepted,0.501,10.029,
10,accepted,2.000,12.032,
13,accepted,0.500,8.532,
17,accepted,2.499,12.532,
15,accepted,0.500,9.030,
11,accepted,1.000,9.530,
0,accepted,2.000,13.029,
24,accepted,0.501,10.029,
16,accepted,1.499,13.029,
31,accepted,2.499,13.530,
29,accepted,1.500,13.029,
14,accepted,1.000,12.527,
9,accepted,2.499,13.029,
28,accepted,1.000,13.028,
23,accepted,0.525,8.530,
1,accepted,0.500,9.031,
4,accepted,0.000,9.030,
12,accepted,1.000,11.030,
20,accepted,1.500,14.529,
3,accepted,0.505,8.530,
19,accepted,0.525,10.529,
26,accepted,0.503,9.567,
25,accepted,0.000,12.977,
2,accepted,0.000,13.478,
5,accepted,2.000,11.068,
6,accepted,2.001,10.066,
17,accepted,1.002,9.064,
27,accepted,1.500,11.067,
21,accepted,1.500,9.567,
1,accepted,1.002,8.567,
18,accepted,2.000,10.568,
7,accepted,1.500,15.069,
30,accepted,2.498,13.568,
23,accepted,1.501,11.068,
8,accepted,2.498,14.067,
22,accepted,4.001,15.567,
15,accepted,2.062,12.567,
28,accepted,3.063,12.066,
13,accepted,1.501,13.565,
24,accepted,0.562,12.567,
12,accepted,0.504,11.568,
31,accepted,0.000,13.068,
10,accepted,1.999,14.565,
4,accepted,2.000,12.567,
14,accepted,1.386,14.068,
29,accepted,0.881,15.568,
19,accepted,0.000,12.569,
11,accepted,0.500,15.568,
3,accepted,1.500,14.068,
25,accepted,0.500,8.620,
0,accepted,0.881,15.568,
20,accepted,0.504,14.068,
9,accepted,0.500,15.568,
26,accepted,0.500,11.505,
16,accepted,0.499,17.067,
6,accepted,0.000,10.001,
2,accepted,0.000,11.119,
21,accepted,1.000,10.500,
5,accepted,0.000,10.999,
18,accepted,1.000,10.501,
27,accepted,2.000,11.501,
8,accepted,1.000,8.000,
1,accepted,2.000,12.001,
22,accepted,2.000,9.001,
7,accepted,1.500,9.500,
15,accepted,2.000,9.001,
30,accepted,2.501,10.499,
24,accepted,1.500,9.500,
23,accepted,2.000,10.499,
17,accepted,6.000,15.501,
13,accepted,4.500,11.001,
12,accepted,2.500,10.999,
31,accepted,2.001,11.500,
14,accepted,3.000,10.999,
28,accepted,4.001,12.500,
10,accepted,2.001,11.500,
25,accepted,1.500,10.498,
16,accepted,2.000,8.999,
11,accepted,2.000,10.498,
9,accepted,1.500,10.498,
19,accepted,2.000,10.999,
3,accepted,2.000,10.999,
0,accepted,2.000,10.999,
26,accepted,0.999,10.000,
6,accepted,0.999,9.499,
29,accepted,1.500,12.499,
27,accepted,1.000,8.499,
20,accepted,2.000,12.499,
5,accepted,0.499,9.500,
21,accepted,0.000,9.500,
4,accepted,5.000,14.499,
23,accepted,0.000,8.500,
18,accepted,0.501,10.999,
2,accepted,1.001,13.501,
24,accepted,0.000,10.000,
8,accepted,1.501,12.498,
30,accepted,0.000,10.500,
15,accepted,0.000,10.998,
1,accepted,0.500,12.000,
22,accepted,0.500,12.500,
7,accepted,0.501,12.500,
17,accepted,0.500,10.999,
14,accepted,0.000,9.499,
28,accepted,2.500,9.499,
31,accepted,2.500,11.500,
16,accepted,1.999,10.001,
12,accepted,2.500,12.001,
6,accepted,2.499,10.500,
19,accepted,1.500,11.001,
13,accepted,1.500,14.500,
20,accepted,3.500,10.001,
10,accepted,3.500,13.001,
4,accepted,2.001,10.318,
23,accepted,1.500,8.500,
3,accepted,1.500,12.501,
9,accepted,4.000,13.001,
5,accepted,1.500,11.500,
11,accepted,2.500,13.501,
27,accepted,5.501,11.500,
29,accepted,2.500,11.500,
8,accepted,0.501,7.500,
18,accepted,1.999,9.500,
21,accepted,3.499,12.000,
2,accepted,2.000,9.000,
0,accepted,3.499,14.501,
24,accepted,2.000,10.002,
26,accepted,6.000,15.501,
25,accepted,6.500,16.502,
15,accepted,0.500,10.501,
7,accepted,0.501,9.999,
14,accepted,0.683,9.500,
31,accepted,0.683,7.999,
28,accepted,0.683,10.000,
1,accepted,1.318,11.999,
17,accepted,2.001,10.500,
30,accepted,1.318,12.501,
22,accepted,0.683,11.999,
10,accepted,0.000,7.499,
4,accepted,0.499,8.183,
12,accepted,0.500,10.999,
13,accepted,0.000,8.999,
16,accepted,0.501,10.999,
3,accepted,0.499,8.500,
6,accepted,0.500,10.499,
9,accepted,0.000,8.999,
20,accepted,0.000,9.999,
19,accepted,0.000,10.499,
23,accepted,0.000,8.999,
11,accepted,0.000,8.500,
5,accepted,1.499,8.500,
18,accepted,2.000,9.500,
8,accepted,2.000,10.000,
27,accepted,2.000,10.000,
21,accepted,1.500,10.500,
26,accepted,1.501,8.500,
29,accepted,4.000,11.501,
24,accepted,2.001,9.999,
15,accepted,1.501,9.000,
25,accepted,1.501,9.499,
0,accepted,3.500,11.499,
28,accepted,2.000,9.501,
31,accepted,2.999,11.000,
2,accepted,6.500,14.499,
7,accepted,4.000,12.000,
1,accepted,2.000,11.500,
30,accepted,3.000,11.500,
4,accepted,2.001,11.499,
3,accepted,1.000,11.000,
10,accepted,2.000,13.000,
22,accepted,3.000,13.000,
23,accepted,1.000,10.501,
11,accepted,0.501,10.501,
12,accepted,1.500,11.500,
13,accepted,1.500,11.500,
6,accepted,1.001,10.501,
20,accepted,0.501,10.501,
26,accepted,0.000,8.499,
18,accepted,0.500,10.000,
16,accepted,3.000,12.500,
19,accepted,1.001,11.500,
5,accepted,1.000,11.500,
9,accepted,0.500,11.500,
14,accepted,4.501,15.500,
8,accepted,0.500,10.501,
17,accepted,3.000,17.001,
28,accepted,0.000,8.000,
25,accepted,0.000,10.000,
21,accepted,0.000,11.501,
29,accepted,0.999,11.000,
24,accepted,0.000,10.000,
15,accepted,0.500,10.000,
0,accepted,0.000,9.500,
27,accepted,0.500,12.500,
31,accepted,0.500,7.870,
26,accepted,1.869,7.103,
12,accepted,1.869,9.102,
1,accepted,2.500,11.601,
2,accepted,1.501,13.102,
23,accepted,1.869,10.601,
7,accepted,1.001,13.601,
17,accepted,1.598,8.601,
10,accepted,3.000,12.101,
30,accepted,3.369,14.101,
3,accepted,2.500,12.101,
22,accepted,2.369,12.101,
11,accepted,3.000,12.602,
4,accepted,1.869,13.103,
28,accepted,1.598,9.812,
15,accepted,2.102,9.812,
6,accepted,2.500,13.312,
13,accepted,3.000,13.817,
20,accepted,2.500,13.817,
18,accepted,2.098,12.817,
24,accepted,0.599,11.316,
16,accepted,2.729,14.317,
25,accepted,1.598,11.817,
27,accepted,0.599,11.817,
19,accepted,1.598,14.317,
0,accepted,1.000,11.817,
29,accepted,1.103,13.316,
8,accepted,1.598,15.316,
21,accepted,0.599,13.316,
5,accepted,3.233,16.317,
9,accepted,2.102,16.317,
31,accepted,1.103,12.948,
12,accepted,0.501,9.215,
14,accepted,2.103,17.317,
26,accepted,0.499,11.213,
1,accepted,0.000,10.215,
23,accepted,1.504,9.215,
11,accepted,1.501,7.715,
2,accepted,3.715,11.216,
30,accepted,2.000,8.716,
28,accepted,1.501,8.005,
17,accepted,2.501,9.216,
20,accepted,1.501,8.001,
7,accepted,2.500,11.216,
10,accepted,1.501,10.216,
4,accepted,2.000,10.215,
15,accepted,2.499,9.505,
22,accepted,4.000,11.716,
0,accepted,2.499,10.000,
19,accepted,1.499,10.000,
6,accepted,3.000,12.005,
18,accepted,2.499,12.501,
31,accepted,1.501,9.001,
27,accepted,1.499,11.001,
3,accepted,5.000,14.716,
13,accepted,3.000,13.001,
24,accepted,1.000,12.001,
16,accepted,1.501,11.500,
29,accepted,1.001,10.501,
21,accepted,1.001,10.501,
25,accepted,2.499,12.501,
5,accepted,0.500,10.501,
12,accepted,0.500,9.999,
9,accepted,1.501,10.999,
8,accepted,1.001,11.500,
1,accepted,0.500,8.500,
26,accepted,0.000,9.917,
11,accepted,0.000,8.916,
14,accepted,0.501,10.916,
23,accepted,0.000,9.418,
4,accepted,0.000,7.500,
17,accepted,0.000,9.001,
30,accepted,0.499,9.500,
10,accepted,0.000,8.001,
28,accepted,0.501,9.501,
7,accepted,0.000,9.500,
2,accepted,0.000,10.501,
20,accepted,0.501,10.499,
22,accepted,0.500,8.999,
15,accepted,0.000,11.499,
6,accepted,1.416,9.999,
19,accepted,1.000,9.999,
0,accepted,1.416,11.499,
13,accepted,2.000,10.498,
29,accepted,2.001,9.999,
31,accepted,1.499,10.998,
25,accepted,2.498,9.998,
21,accepted,2.498,11.499,
5,accepted,2.498,10.999,
1,accepted,1.499,11.000,
3,accepted,2.998,12.499,
23,accepted,1.998,10.082,
16,accepted,2.998,13.320,
18,accepted,4.082,13.820,
9,accepted,1.998,11.821,
27,accepted,3.999,13.820,
30,accepted,1.499,9.820,
26,accepted,2.000,10.904,
8,accepted,3.000,11.821,
14,accepted,0.500,11.583,
24,accepted,4.499,13.999,
12,accepted,3.499,13.001,
28,accepted,1.500,10.500,
11,accepted,2.000,12.084,
4,accepted,1.499,11.000,
20,accepted,0.000,10.500,
10,accepted,1.000,12.499,
22,accepted,0.000,10.000,
17,accepted,3.000,14.000,
2,accepted,0.500,13.499,
15,accepted,0.999,10.500,
7,accepted,0.500,13.999,
6,accepted,0.000,10.000,
19,accepted,0.500,10.000,
25,accepted,0.000,8.000,
31,accepted,0.679,8.500,
29,accepted,0.000,9.500,
13,accepted,1.499,10.501,
8,accepted,1.499,8.180,
5,accepted,2.999,10.001,
0,accepted,3.500,12.500,
11,accepted,2.500,7.999,
14,accepted,2.000,8.501,
16,accepted,2.000,9.679,
23,accepted,1.500,10.501,
1,accepted,2.500,11.501,
3,accepted,2.000,11.501,
21,accepted,2.999,12.500,
24,accepted,2.500,10.500,
18,accepted,2.500,11.178,
30,accepted,2.501,12.178,
9,accepted,1.500,12.178,
26,accepted,2.000,12.679,
27,accepted,1.500,12.679,
7,accepted,0.500,8.500,
17,accepted,1.500,9.499,
4,accepted,1.500,12.499,
22,accepted,1.500,11.769,
15,accepted,2.000,9.769,
2,accepted,1.500,9.769,
10,accepted,1.500,11.769,
12,accepted,5.000,13.773,
29,accepted,0.500,8.774,
6,accepted,0.999,10.274,
20,accepted,3.501,12.774,
19,accepted,1.500,10.274,
31,accepted,1.500,10.775,
28,accepted,3.001,15.772,
5,accepted,0.500,8.774,
25,accepted,0.500,11.774,
3,accepted,0.000,8.275,
8,accepted,0.000,12.773,
11,accepted,0.499,12.275,
0,accepted,0.500,12.275,
1,accepted,0.000,10.775,
16,accepted,0.000,12.273,
13,accepted,0.000,14.273,
21,accepted,0.000,11.275,
4,accepted,2.000,9.275,
18,accepted,0.500,11.775,
7,accepted,0.500,9.774,
26,accepted,2.000,10.774,
14,accepted,0.501,15.273,
23,accepted,0.000,14.773,
9,accepted,2.000,12.274,
17,accepted,0.999,10.774,
30,accepted,2.000,12.274,
27,accepted,1.499,12.274,
24,accepted,0.505,14.774,
22,accepted,3.000,12.005,
2,accepted,2.500,12.005,
15,accepted,2.999,12.005,
31,accepted,2.999,11.590,
5,accepted,1.497,10.591,
10,accepted,4.499,13.596,
28,accepted,1.497,11.592,
1,accepted,0.500,7.591,
25,accepted,2.500,11.591,
20,accepted,2.500,13.592,
19,accepted,1.999,14.091,
11,accepted,0.501,9.591,
29,accepted,2.997,15.592,
8,accepted,0.500,10.092,
7,accepted,0.000,8.093,
3,accepted,1.000,12.592,
6,accepted,2.997,16.592,
21,accepted,0.000,9.592,
12,accepted,4.000,17.092,
13,accepted,1.001,10.092,
16,accepted,0.501,10.591,
9,accepted,0.504,8.592,
30,accepted,0.000,9.092,
4,accepted,0.501,10.590,
23,accepted,0.504,9.092,
0,accepted,0.501,12.090,
18,accepted,0.501,10.590,
14,accepted,0.000,10.091,
26,accepted,0.000,11.091,
27,accepted,0.000,9.591,
24,accepted,1.000,10.092,
17,accepted,0.000,12.092,
5,accepted,1.499,8.500,
15,accepted,1.501,10.591,
22,accepted,2.000,11.091,
31,accepted,2.000,10.501,
2,accepted,3.500,12.091,
28,accepted,1.500,10.000,
1,accepted,1.999,10.499,
11,accepted,2.921,9.500,
10,accepted,1.999,13.000,
25,accepted,3.420,12.000,
29,accepted,2.420,10.501,
20,accepted,2.420,14.000,
7,accepted,2.501,11.499,
8,accepted,3.501,12.000,
9,accepted,1.000,10.999,
19,accepted,4.499,14.499,
3,accepted,1.500,13.000,
4,accepted,1.500,13.501,
16,accepted,2.000,15.000,
18,accepted,0.500,14.500,
23,accepted,0.500,15.001,
27,accepted,1.001,14.001,
5,accepted,0.499,12.500,
12,accepted,1.500,16.999,
0,accepted,0.500,15.500,
22,accepted,0.499,11.500,
13,accepted,2.080,16.999,
17,accepted,0.499,13.000,
30,accepted,2.000,16.000,
15,accepted,0.000,12.500,
21,accepted,1.000,17.500,
2,accepted,0.500,11.000,
26,accepted,0.501,15.001,
28,accepted,0.500,11.000,
6,accepted,0.500,17.500,
14,accepted,1.000,15.001,
24,accepted,0.999,13.500,
31,accepted,0.500,11.000,
1,accepted,0.500,10.001,
11,accepted,2.001,9.499,
10,accepted,1.500,12.501,
29,accepted,2.500,12.498,
7,accepted,1.500,11.500,
3,accepted,2.000,11.999,
15,accepted,0.500,7.000,
18,accepted,1.000,8.500,
9,accepted,2.500,12.501,
2,accepted,0.500,7.000,
27,accepted,0.999,8.000,
23,accepted,1.000,8.000,
8,accepted,2.000,15.051,
19,accepted,2.500,14.559,
1,accepted,0.501,9.058,
4,accepted,2.500,11.557,
14,accepted,0.501,9.058,
20,accepted,4.000,15.557,
22,accepted,0.501,10.056,
6,accepted,1.500,10.055,
12,accepted,1.000,10.556,
30,accepted,0.500,10.055,
24,accepted,0.500,11.055,
28,accepted,0.501,11.055,
31,accepted,0.000,11.555,
25,accepted,5.499,20.055,
11,accepted,0.500,11.056,
13,accepted,0.499,12.555,
5,accepted,1.000,12.555,
16,accepted,1.500,14.055,
21,accepted,0.000,12.556,
17,accepted,1.000,12.556,
10,accepted,0.500,8.555,
0,accepted,1.000,13.056,
26,accepted,0.500,13.556,
29,accepted,0.000,9.056,
15,accepted,2.500,8.556,
7,accepted,2.058,10.556,
9,accepted,2.000,9.056,
3,accepted,2.997,10.057,
18,accepted,2.000,10.557,
27,accepted,1.501,11.056,
8,accepted,2.001,9.504,
1,accepted,2.498,9.498,
23,accepted,1.501,12.556,
14,accepted,2.000,10.498,
20,accepted,1.500,10.498,
6,accepted,2.501,10.001,
19,accepted,3.500,10.998,
2,accepted,3.500,13.556,
24,accepted,3.000,10.001,
30,accepted,1.999,11.501,
4,accepted,2.501,12.499,
25,accepted,2.499,10.501,
31,accepted,1.999,10.501,
13,accepted,1.500,10.001,
0,accepted,0.500,9.500,
28,accepted,2.500,11.000,
12,accepted,1.999,12.000,
17,accepted,1.500,11.000,
21,accepted,1.000,11.000,
10,accepted,1.000,11.999,
29,accepted,0.501,10.999,
11,accepted,1.500,14.000,
5,accepted,2.000,13.501,
26,accepted,2.001,11.999,
16,accepted,1.500,13.501,
22,accepted,3.000,17.001,
9,accepted,0.501,11.499,
15,accepted,0.500,12.499,
18,accepted,0.500,10.498,
7,accepted,0.500,12.499,
3,accepted,0.000,11.998,
8,accepted,0.000,11.499,
1,accepted,0.000,11.000,
20,accepted,0.000,10.500,
27,accepted,0.000,12.502,
14,accepted,2.500,11.001,
6,accepted,2.500,10.502,
23,accepted,0.000,11.001,
19,accepted,3.499,11.501,
4,accepted,1.499,10.499,
24,accepted,2.999,11.500,
30,accepted,1.499,11.999,
26,accepted,1.500,9.000,
21,accepted,2.000,12.000,
17,accepted,4.500,12.000,
13,accepted,1.500,14.501,
29,accepted,1.500,12.001,
31,accepted,4.499,14.501,
0,accepted,4.000,15.001,
2,accepted,1.500,16.501,
22,accepted,1.500,10.500,
12,accepted,3.002,15.001,
11,accepted,2.001,11.501,
28,accepted,3.001,15.001,
5,accepted,2.502,12.001,
16,accepted,2.502,12.500,
25,accepted,4.502,16.000,
10,accepted,4.502,14.002,
8,accepted,0.498,9.002,
15,accepted,1.498,10.502,
18,accepted,1.000,10.502,
3,accepted,0.501,9.502,
9,accepted,0.501,11.501,
7,accepted,0.999,11.001,
1,accepted,0.500,10.001,
27,accepted,0.500,8.999,
23,accepted,0.500,9.998,
14,accepted,0.500,10.497,
19,accepted,0.000,9.498,
20,accepted,0.500,10.999,
6,accepted,0.500,11.498,
24,accepted,0.000,10.001,
4,accepted,0.501,10.501,
30,accepted,0.000,9.001,
26,accepted,2.500,10.001,
21,accepted,3.499,9.501,
13,accepted,1.999,8.500,
31,accepted,1.999,8.500,
12,accepted,1.499,8.000,
5,accepted,2.001,8.000,
16,accepted,1.502,9.000,
11,accepted,2.001,9.999,
22,accepted,1.502,11.080,
2,accepted,1.502,11.080,
29,accepted,3.500,12.085,
23,accepted,1.499,9.085,
17,accepted,5.000,14.085,
8,accepted,2.500,12.084,
0,accepted,6.000,14.584,
19,accepted,2.999,10.586,
27,accepted,2.000,12.585,
7,accepted,2.000,13.086,
3,accepted,1.499,13.585,
25,accepted,2.000,14.085,
28,accepted,4.501,15.085,
10,accepted,4.001,13.585,
9,accepted,4.001,13.086,
15,accepted,2.000,13.585,
1,accepted,3.501,13.085,
6,accepted,2.000,11.084,
4,accepted,2.000,11.209,
26,accepted,0.000,11.745,
30,accepted,0.999,13.745,
20,accepted,2.000,15.246,
13,accepted,0.000,11.245,
14,accepted,2.500,15.746,
31,accepted,0.000,11.745,
12,accepted,0.000,11.745,
21,accepted,0.000,11.745,
18,accepted,2.999,18.745,
24,accepted,2.000,15.244,
11,accepted,0.000,13.246,
5,accepted,0.500,15.246,
16,accepted,0.000,13.746,
23,accepted,1.157,12.662,
22,accepted,0.000,14.165,
3,accepted,1.500,10.160,
19,accepted,1.500,10.661,
29,accepted,0.000,14.160,
1,accepted,2.000,10.160,
2,accepted,0.000,14.664,
8,accepted,1.504,12.160,
27,accepted,1.001,11.660,
28,accepted,2.000,11.660,
10,accepted,1.504,11.660,
17,accepted,5.162,14.661,
0,accepted,3.500,12.660,
15,accepted,1.001,12.159,
25,accepted,2.000,12.659,
9,accepted,2.501,12.659,
7,accepted,4.001,13.660,
18,accepted,0.500,10.001,
31,accepted,2.001,10.501,
30,accepted,0.999,12.000,
24,accepted,0.000,11.001,
20,accepted,2.001,12.500,
5,accepted,0.000,8.499,
11,accepted,0.000,8.999,
16,accepted,0.000,8.999,
21,accepted,1.501,13.000,
14,accepted,2.000,13.000,
3,accepted,0.000,7.499,
12,accepted,1.499,13.000,
26,accepted,3.501,13.499,
6,accepted,1.000,16.661,
4,accepted,0.500,16.035,
13,accepted,3.501,13.499,
22,accepted,0.501,8.000,
23,accepted,0.000,8.000,
28,accepted,0.501,6.999,
10,accepted,0.000,6.999,
0,accepted,1.499,10.000,
19,accepted,2.999,11.999,
1,accepted,2.000,11.500,
17,accepted,1.998,10.502,
15,accepted,1.998,10.502,
29,accepted,2.999,12.002,
27,accepted,1.998,11.589,
8,accepted,2.999,12.590,
31,accepted,2.001,8.088,
2,accepted,4.001,12.590,
30,accepted,1.500,7.089,
25,accepted,2.999,11.095,
9,accepted,4.499,11.595,
7,accepted,2.501,11.093,
5,accepted,1.499,8.095,
18,accepted,2.999,10.093,
20,accepted,1.499,9.594,
21,accepted,1.000,9.594,
11,accepted,1.497,10.595,
24,accepted,4.590,11.594,
26,accepted,1.000,11.094,
3,accepted,1.503,11.595,
28,accepted,2.095,10.595,
10,accepted,0.588,11.095,
16,accepted,1.003,12.595,
14,accepted,2.000,13.094,
23,accepted,0.502,12.593,
1,accepted,0.000,9.095,
19,accepted,0.000,9.095,
12,accepted,1.090,13.595,
22,accepted,1.003,13.094,
0,accepted,0.501,9.095,
4,accepted,1.090,14.594,
6,accepted,2.090,14.594,
13,accepted,1.090,15.095,
17,accepted,0.000,11.594,
27,accepted,0.500,12.537,
31,accepted,0.500,13.037,
25,accepted,0.499,12.533,
2,accepted,0.000,13.037,
30,accepted,0.499,13.538,
9,accepted,0.499,13.033,
8,accepted,0.500,14.038,
15,accepted,0.500,14.626,
21,accepted,0.501,10.534,
29,accepted,0.500,15.126,
7,accepted,0.000,13.034,
5,accepted,0.000,12.534,
18,accepted,1.499,13.033,
26,accepted,1.999,9.533,
11,accepted,2.499,10.533,
1,accepted,1.999,8.032,
24,accepted,1.317,11.031,
20,accepted,4.501,13.032,
0,accepted,1.999,9.533,
4,accepted,2.534,10.034,
12,accepted,1.531,11.032,
6,accepted,2.534,11.034,
19,accepted,3.717,12.533,
23,accepted,1.501,13.533,
27,accepted,0.499,9.521,
22,accepted,3.032,14.053,
14,accepted,2.005,14.554,
3,accepted,3.717,16.053,
17,accepted,0.999,11.052,
29,accepted,0.000,7.520,
30,accepted,0.499,8.520,
16,accepted,2.005,15.053,
13,accepted,2.005,13.056,
9,accepted,0.500,9.025,
5,accepted,0.500,8.525,
15,accepted,0.501,9.524,
31,accepted,0.000,10.525,
25,accepted,0.000,10.525,
10,accepted,2.534,17.057,
28,accepted,3.032,17.557,
8,accepted,0.000,9.524,
2,accepted,0.499,10.525,
21,accepted,0.000,9.524,
7,accepted,0.500,9.524,
24,accepted,1.500,8.526,
1,accepted,2.000,9.526,
26,accepted,1.501,10.525,
18,accepted,2.000,11.025,
20,accepted,1.501,11.026,
12,accepted,1.021,8.025,
11,accepted,2.521,12.525,
4,accepted,3.024,9.026,
6,accepted,1.504,8.582,
19,accepted,2.501,10.085,
27,accepted,2.000,8.565,
23,accepted,1.999,9.585,
0,accepted,5.025,13.585,
14,accepted,2.000,10.065,
22,accepted,2.000,10.065,
29,accepted,2.000,10.564,
30,accepted,2.000,11.064,
31,accepted,1.000,10.563,
17,accepted,2.000,12.067,
3,accepted,1.500,12.067,
28,accepted,1.000,10.563,
26,accepted,0.556,9.061,
15,accepted,1.000,11.062,
8,accepted,1.001,11.062,
16,accepted,2.000,12.565,
7,accepted,1.057,10.562,
5,accepted,1.000,11.560,
2,accepted,1.001,11.062,
13,accepted,2.000,12.562,
25,accepted,1.000,11.562,
9,accepted,1.500,12.061,
24,accepted,0.501,10.561,
20,accepted,0.504,8.561,
10,accepted,1.001,12.061,
1,accepted,0.556,11.560,
21,accepted,1.001,13.561,
18,accepted,0.000,13.061,
4,accepted,0.000,11.060,
11,accepted,0.000,11.561,
12,accepted,0.000,12.061,
6,accepted,0.500,12.504,
27,accepted,2.001,12.030,
30,accepted,1.999,9.530,
23,accepted,1.999,12.529,
17,accepted,1.501,9.027,
0,accepted,2.497,12.030,
20,accepted,2.001,8.030,
15,accepted,2.001,9.531,
19,accepted,2.001,13.532,
26,accepted,1.500,10.030,
3,accepted,2.501,10.528,
22,accepted,3.000,13.529,
28,accepted,1.500,11.527,
31,accepted,1.501,11.527,
14,accepted,2.501,13.529,
10,accepted,0.999,11.530,
2,accepted,1.001,13.030,
24,accepted,0.000,12.530,
16,accepted,1.501,13.030,
29,accepted,4.000,15.031,
25,accepted,1.001,12.530,
7,accepted,1.999,13.030,
9,accepted,0.502,12.530,
5,accepted,1.001,13.595,
1,accepted,1.500,11.600,
13,accepted,0.999,13.599,
8,accepted,2.500,14.099,
21,accepted,0.000,12.100,
11,accepted,0.499,10.599,
18,accepted,0.000,11.099,
12,accepted,0.499,11.099,
4,accepted,0.000,11.599,
6,accepted,0.000,10.600,
23,accepted,0.000,8.570,
30,accepted,0.000,9.631,
27,accepted,1.501,9.631,
17,accepted,2.069,9.637,
0,accepted,2.569,11.138,
19,accepted,2.069,10.135,
20,accepted,2.568,11.136,
26,accepted,3.069,10.636,
28,accepted,2.999,10.136,
14,accepted,2.000,10.136,
3,accepted,1.499,11.135,
10,accepted,2.004,8.636,
2,accepted,2.500,8.635,
22,accepted,2.500,10.637,
31,accepted,2.000,12.636,
16,accepted,1.500,10.635,
5,accepted,1.566,10.570,
7,accepted,2.066,11.635,
29,accepted,2.567,11.635,
24,accepted,3.066,11.635,
9,accepted,2.066,11.635,
8,accepted,2.568,11.066,
21,accepted,2.568,10.066,
25,accepted,1.566,13.636,
13,accepted,3.067,12.567,
17,accepted,0.500,9.002,
15,accepted,7.636,17.636,
6,accepted,1.000,10.566,
11,accepted,2.006,12.566,
12,accepted,1.000,12.067,
1,accepted,1.067,13.566,
4,accepted,2.000,12.066,
18,accepted,2.000,12.567,
23,accepted,1.000,11.067,
30,accepted,0.500,10.505,
27,accepted,0.500,11.007,
14,accepted,0.000,8.502,
20,accepted,0.000,9.501,
9,accepted,0.000,6.001,
10,accepted,0.500,9.501,
19,accepted,0.000,10.999,
3,accepted,0.000,10.001,
0,accepted,0.000,11.500,
26,accepted,0.000,11.500,
28,accepted,0.500,11.000,
2,accepted,0.000,10.500,
31,accepted,1.498,10.001,
22,accepted,0.499,12.000,
7,accepted,1.500,10.501,
24,accepted,3.499,10.501,
5,accepted,2.000,11.001,
13,accepted,3.501,8.999,
16,accepted,2.001,12.001,
25,accepted,2.000,9.999,
21,accepted,1.501,11.501,
8,accepted,2.000,12.500,
17,accepted,1.999,13.998,
29,accepted,5.498,16.500,
30,accepted,2.000,14.501,
27,accepted,2.501,13.999,
12,accepted,2.499,15.501,
11,accepted,2.499,15.501,
15,accepted,4.000,15.999,
6,accepted,2.999,15.501,
1,accepted,2.501,15.501,
10,accepted,1.001,12.500,
19,accepted,0.501,12.500,
14,accepted,2.076,13.499,
7,accepted,0.500,9.000,
24,accepted,0.000,9.500,
4,accepted,3.000,16.501,
9,accepted,1.501,14.500,
28,accepted,0.000,13.000,
2,accepted,0.000,13.000,
23,accepted,2.501,17.000,
0,accepted,1.000,13.999,
31,accepted,0.500,11.500,
3,accepted,1.001,13.999,
26,accepted,0.000,13.500,
22,accepted,0.500,12.000,
20,accepted,1.501,15.999,
18,accepted,3.001,17.500,
13,accepted,0.500,10.000,
16,accepted,0.000,10.000,
25,accepted,0.000,9.498,
5,accepted,0.501,12.499,
8,accepted,0.501,10.501,
21,accepted,0.000,12.499,
29,accepted,1.500,9.500,
30,accepted,2.000,8.499,
12,accepted,1.500,7.999,
17,accepted,4.499,9.999,
27,accepted,2.499,8.499,
10,accepted,1.500,8.499,
3,accepted,2.501,9.501,
24,accepted,2.501,10.499,
4,accepted,4.002,10.499,
11,accepted,4.002,12.000,
23,accepted,2.501,10.500,
14,accepted,2.501,12.499,
31,accepted,2.000,11.501,
20,accepted,1.501,11.001,
26,accepted,1.501,13.000,
9,accepted,3.501,13.500,
13,accepted,1.501,13.000,
0,accepted,2.500,13.500,
16,accepted,1.501,13.000,
29,accepted,0.000,8.499,
30,accepted,0.000,8.000,
28,accepted,2.501,14.000,
6,accepted,3.501,16.501,
15,accepted,4.502,16.501,
2,accepted,3.001,14.501,
7,accepted,5.500,15.501,
22,accepted,2.001,14.001,
1,accepted,3.501,16.501,
19,accepted,3.001,16.501,
5,accepted,1.501,12.002,
18,accepted,2.001,14.500,
21,accepted,0.501,11.001,
8,accepted,0.500,12.000,
17,accepted,0.000,9.001,
25,accepted,1.501,14.002,
10,accepted,0.999,8.501,
12,accepted,0.499,9.001,
27,accepted,0.500,10.001,
3,accepted,2.000,9.037,
24,accepted,1.000,8.537,
11,accepted,1.500,9.541,
14,accepted,3.501,10.542,
26,accepted,3.037,8.543,
13,accepted,2.037,8.543,
4,accepted,5.537,14.566,
28,accepted,1.537,11.067,
23,accepted,5.037,14.567,
29,accepted,2.537,11.067,
6,accepted,2.037,11.067,
0,accepted,2.037,12.068,
20,accepted,5.040,14.068,
25,accepted,1.541,11.066,
9,accepted,3.041,12.566,
18,accepted,2.040,11.066,
16,accepted,4.041,12.566,
7,accepted,3.041,12.065,
19,accepted,2.040,12.065,
10,accepted,1.541,11.566,
27,accepted,1.541,10.565,
2,accepted,2.040,12.065,
1,accepted,1.001,12.566,
31,accepted,5.541,17.065,
22,accepted,1.541,15.065,
8,accepted,2.001,15.567,
21,accepted,1.505,15.567,
24,accepted,0.000,13.029,
17,accepted,1.505,16.566,
30,accepted,1.505,17.567,
12,accepted,1.505,16.566,
5,accepted,2.541,17.565,
3,accepted,0.498,13.529,
15,accepted,4.041,18.065,
11,accepted,0.000,13.525,
20,accepted,1.498,8.498,
14,accepted,1.500,13.525,
13,accepted,2.499,12.524,
28,accepted,1.999,10.000,
4,accepted,2.500,11.000,
6,accepted,1.501,10.498,
26,accepted,5.499,14.024,
25,accepted,2.500,11.001,
9,accepted,2.500,11.500,
19,accepted,1.000,11.000,
0,accepted,2.500,12.497,
2,accepted,3.501,11.499,
7,accepted,1.000,12.500,
31,accepted,1.000,10.501,
1,accepted,1.000,12.499,
12,accepted,0.000,9.000,
21,accepted,0.500,9.999,
8,accepted,0.500,9.999,
27,accepted,1.500,14.000,
24,accepted,0.499,9.499,
22,accepted,0.000,11.500,
10,accepted,1.000,14.500,
16,accepted,2.000,15.501,
23,accepted,4.501,16.500,
18,accepted,1.500,15.501,
5,accepted,0.000,9.501,
29,accepted,3.000,16.500,
30,accepted,0.000,10.001,
3,accepted,0.500,9.501,
14,accepted,0.000,8.001,
11,accepted,0.000,9.999,
15,accepted,0.000,10.499,
17,accepted,0.499,11.499,
20,accepted,0.000,9.500,
26,accepted,0.000,7.500,
28,accepted,0.000,8.500,
4,accepted,0.000,8.501,
13,accepted,0.000,11.001,
6,accepted,0.000,10.001,
9,accepted,2.001,9.001,
19,accepted,1.502,9.001,
2,accepted,2.502,8.501,
0,accepted,2.499,9.001,
25,accepted,1.000,10.499,
21,accepted,1.999,7.000,
1,accepted,2.499,9.000,
31,accepted,2.002,9.500,
12,accepted,2.002,8.000,
8,accepted,1.501,9.001,
27,accepted,1.501,10.000,
3,accepted,3.000,8.999,
15,accepted,1.999,10.000,
22,accepted,2.500,12.000,
10,accepted,2.500,12.500,
18,accepted,1.999,11.999,
7,accepted,5.001,15.501,
20,accepted,1.500,11.000,
29,accepted,1.999,13.500,
5,accepted,1.999,13.500,
9,accepted,1.500,9.001,
17,accepted,1.999,12.501,
11,accepted,2.999,12.501,
30,accepted,1.999,14.000,
4,accepted,1.500,11.500,
13,accepted,1.500,10.499,
16,accepted,3.999,15.000,
28,accepted,2.500,14.500,
14,accepted,3.499,15.499,
0,accepted,0.000,11.500,
6,accepted,1.000,13.000,
19,accepted,0.000,12.500,
12,accepted,0.000,10.503,
2,accepted,0.000,13.002,
24,accepted,1.999,18.503,
23,accepted,3.498,18.002,
26,accepted,2.999,16.500,
31,accepted,0.500,11.500,
1,accepted,0.500,13.000,
21,accepted,0.000,14.000,
25,accepted,0.000,14.000,
27,accepted,1.001,11.000,
8,accepted,0.000,11.998,
5,accepted,2.000,10.074,
3,accepted,2.000,14.575,
14,accepted,0.000,8.075,
22,accepted,1.500,13.075,
10,accepted,1.500,13.076,
9,accepted,1.500,11.075,
17,accepted,1.500,12.575,
15,accepted,3.499,15.076,
28,accepted,0.500,10.075,
29,accepted,2.000,13.075,
4,accepted,0.000,12.575,
11,accepted,0.998,12.575,
23,accepted,0.500,9.573,
19,accepted,0.000,10.075,
0,accepted,0.499,10.575,
1,accepted,0.000,7.575,
16,accepted,2.000,12.575,
12,accepted,0.000,10.073,
13,accepted,0.000,13.575,
6,accepted,0.000,11.075,
30,accepted,1.071,14.575,
18,accepted,2.500,16.575,
27,accepted,0.500,8.575,
20,accepted,4.500,15.575,
7,accepted,2.000,15.575,
24,accepted,0.000,10.573,
26,accepted,0.000,10.076,
2,accepted,0.000,11.072,
31,accepted,0.000,10.575,
21,accepted,0.000,9.576,
25,accepted,0.000,10.576,
8,accepted,0.000,10.576,
5,accepted,2.499,10.001,
14,accepted,2.000,9.501,
23,accepted,3.000,7.000,
22,accepted,4.000,10.861,
15,accepted,2.000,10.501,
3,accepted,7.000,14.000,
27,accepted,1.000,9.501,
7,accepted,0.500,10.000,
0,accepted,1.499,12.000,
9,accepted,3.000,14.500,
2,accepted,0.500,11.000,
12,accepted,1.000,12.000,
29,accepted,1.000,13.500,
26,accepted,1.501,11.500,
19,accepted,2.499,12.500,
1,accepted,1.499,13.000,
31,accepted,0.500,11.501,
28,accepted,2.000,14.000,
8,accepted,0.500,10.000,
25,accepted,0.500,11.000,
4,accepted,2.000,15.001,
21,accepted,0.999,12.000,
10,accepted,4.500,16.500,
18,accepted,0.000,13.001,
20,accepted,0.500,13.001,
11,accepted,1.499,15.001,
16,accepted,1.000,14.001,
6,accepted,1.000,13.001,
24,accepted,0.500,13.001,
30,accepted,1.501,13.001,
17,accepted,3.501,15.500,
13,accepted,1.000,14.000,
14,accepted,0.000,8.499,
5,accepted,0.499,8.999,
22,accepted,0.000,7.639,
23,accepted,0.000,9.000,
15,accepted,0.500,8.499,
3,accepted,1.501,8.500,
27,accepted,1.999,8.501,
7,accepted,1.499,8.002,
2,accepted,2.000,7.442,
28,accepted,1.500,8.001,
11,accepted,2.001,10.001,
1,accepted,2.500,11.001,
29,accepted,3.001,12.002,
19,accepted,2.500,13.001,
26,accepted,1.501,13.001,
24,accepted,2.503,13.914,
10,accepted,2.503,13.914,
18,accepted,2.503,13.914,
0,accepted,5.002,15.915,
13,accepted,1.942,13.414,
9,accepted,4.503,15.915,
4,accepted,2.002,14.412,
16,accepted,2.503,14.412,
12,accepted,4.003,15.913,
31,accepted,4.003,15.413,
23,accepted,1.442,12.413,
22,accepted,1.942,13.414,
17,accepted,2.442,14.413,
6,accepted,2.442,14.913,
5,accepted,2.002,13.914,
27,accepted,0.499,9.912,
14,accepted,1.442,14.414,
25,accepted,4.501,15.413,
15,accepted,2.000,11.414,
2,accepted,0.500,9.472,
8,accepted,2.001,16.413,
30,accepted,2.002,16.413,
3,accepted,0.000,12.414,
20,accepted,2.002,16.914,
21,accepted,2.942,16.914,
7,accepted,0.501,11.913,
28,accepted,0.000,11.912,
19,accepted,1.999,9.413,
29,accepted,2.000,12.912,
10,accepted,1.500,9.499,
1,accepted,4.500,13.914,
31,accepted,3.000,9.502,
12,accepted,1.999,9.502,
26,accepted,4.000,12.414,
23,accepted,1.500,10.001,
24,accepted,2.499,10.499,
4,accepted,1.999,10.001,
13,accepted,1.500,10.998,
18,accepted,2.499,10.998,
16,accepted,0.999,10.500,
8,accepted,0.498,9.499,
25,accepted,0.501,10.000,
30,accepted,1.500,9.000,
27,accepted,0.498,10.500,
2,accepted,0.000,10.500,
6,accepted,0.498,11.000,
14,accepted,1.500,11.000,
17,accepted,0.999,13.000,
7,accepted,0.499,10.999,
28,accepted,1.000,9.000,
0,accepted,2.500,13.999,
11,accepted,5.001,18.413,
9,accepted,2.000,14.499,
5,accepted,0.000,13.500,
21,accepted,0.499,12.499,
22,accepted,0.999,14.501,
15,accepted,1.500,14.000,
20,accepted,1.500,12.499,
19,accepted,0.000,8.500,
3,accepted,1.001,13.500,
29,accepted,0.312,7.500,
23,accepted,0.312,7.000,
13,accepted,1.188,8.001,
10,accepted,1.501,9.501,
1,accepted,1.188,8.999,
25,accepted,2.000,8.001,
24,accepted,1.500,9.500,
26,accepted,2.000,10.499,
18,accepted,2.000,10.000,
30,accepted,1.500,9.500,
31,accepted,2.688,10.998,
12,accepted,2.688,11.998,
28,accepted,1.500,9.522,
0,accepted,2.000,9.522,
7,accepted,1.500,9.522,
4,accepted,2.499,13.022,
5,accepted,1.500,9.021,
17,accepted,2.501,11.020,
22,accepted,1.001,9.520,
2,accepted,2.499,13.021,
6,accepted,2.499,13.021,
27,accepted,4.500,13.520,
14,accepted,2.000,13.021,
29,accepted,0.000,10.021,
9,accepted,2.001,12.521,
8,accepted,6.189,16.521,
19,accepted,1.001,12.521,
21,accepted,2.001,14.020,
11,accepted,2.001,15.521,
15,accepted,2.001,14.521,
23,accepted,0.000,12.521,
10,accepted,0.000,11.520,
13,accepted,0.501,11.520,
25,accepted,0.000,11.021,
3,accepted,0.000,14.020,
20,accepted,0.000,15.021,
18,accepted,0.500,10.022,
16,accepted,6.688,20.022,
24,accepted,0.000,11.022,
26,accepted,0.000,11.021,
31,accepted,0.500,10.521,
12,accepted,0.999,9.521,
1,accepted,0.000,12.520,
30,accepted,0.500,11.022,
2,accepted,2.500,9.001,
28,accepted,3.499,10.499,
0,accepted,1.999,10.499,
5,accepted,3.001,11.500,
17,accepted,2.000,10.002,
27,accepted,1.500,11.502,
14,accepted,2.000,11.001,
6,accepted,1.500,12.501,
7,accepted,4.000,14.000,
4,accepted,3.499,14.500,
29,accepted,3.000,11.000,
9,accepted,2.499,11.499,
11,accepted,1.000,8.500,
22,accepted,2.000,13.500,
16,accepted,0.000,7.999,
10,accepted,0.500,9.000,
20,accepted,0.500,9.499,
19,accepted,2.000,11.999,
15,accepted,1.001,9.999,
23,accepted,0.500,9.999,
8,accepted,2.499,12.499,
13,accepted,0.500,9.499,
21,accepted,0.500,10.499,
3,accepted,0.501,10.500,
24,accepted,0.000,10.998,
0,accepted,0.000,9.000,
30,accepted,0.000,11.500,
26,accepted,0.501,12.001,
12,accepted,0.000,12.001,
18,accepted,0.000,12.893,
25,accepted,0.000,13.393,
31,accepted,0.000,12.394,
1,accepted,0.000,12.394,
28,accepted,0.000,9.893,
14,accepted,0.499,7.393,
2,accepted,0.500,10.863,
5,accepted,0.000,9.862,
6,accepted,0.000,7.362,
17,accepted,0.000,9.862,
27,accepted,0.000,8.362,
7,accepted,0.000,7.866,
11,accepted,2.001,10.371,
29,accepted,2.001,11.371,
9,accepted,2.501,10.872,
22,accepted,2.362,11.371,
4,accepted,3.863,11.870,
16,accepted,1.862,11.372,
3,accepted,2.362,9.871,
10,accepted,1.862,11.371,
23,accepted,2.477,10.872,
8,accepted,2.362,11.871,
21,accepted,1.362,11.871,
19,accepted,3.870,11.871,
13,accepted,1.862,11.871,
0,accepted,2.005,9.371,
26,accepted,1.001,8.871,
20,accepted,1.362,12.372,
18,accepted,1.500,8.478,
30,accepted,1.500,8.871,
24,accepted,2.509,11.871,
14,accepted,2.500,9.976,
15,accepted,3.478,14.372,
28,accepted,2.500,10.477,
27,accepted,0.000,10.510,
12,accepted,3.001,11.872,
2,accepted,1.999,11.009,
17,accepted,1.000,11.009,
1,accepted,2.001,13.478,
25,accepted,2.999,13.478,
11,accepted,0.501,10.001,
7,accepted,0.499,13.504,
5,accepted,1.500,14.008,
9,accepted,0.499,9.499,
29,accepted,0.501,9.999,
16,accepted,0.000,8.998,
10,accepted,0.500,8.500,
31,accepted,1.500,16.478,
6,accepted,1.001,15.509,
4,accepted,0.000,11.001,
0,accepted,0.000,8.501,
3,accepted,0.000,10.001,
20,accepted,0.000,9.000,
22,accepted,0.000,11.500,
23,accepted,0.500,10.500,
21,accepted,0.000,10.500,
30,accepted,0.000,9.999,
18,accepted,0.000,9.999,
8,accepted,0.499,12.002,
26,accepted,0.000,12.000,
13,accepted,0.499,12.501,
19,accepted,0.000,14.002,
28,accepted,1.500,11.501,
2,accepted,2.001,10.500,
24,accepted,1.999,12.501,
27,accepted,3.500,10.999,
14,accepted,4.000,12.501,
15,accepted,2.499,13.501,
1,accepted,1.501,10.501,
17,accepted,1.000,12.499,
29,accepted,0.500,10.001,
9,accepted,0.500,10.501,
3,accepted,3.502,8.999,
12,accepted,3.500,14.499,
5,accepted,0.500,11.500,
25,accepted,3.500,13.999,
10,accepted,0.000,12.000,
8,accepted,0.000,9.001,
28,accepted,0.000,7.000,
23,accepted,0.500,11.501,
31,accepted,0.000,12.500,
22,accepted,0.499,11.501,
19,accepted,0.501,7.499,
6,accepted,0.499,12.999,
7,accepted,0.999,15.000,
0,accepted,0.000,12.999,
11,accepted,2.000,15.000,
20,accepted,2.000,12.500,
16,accepted,0.500,14.500,
18,accepted,0.000,11.501,
21,accepted,0.499,12.000,
4,accepted,0.499,13.499,
30,accepted,0.499,12.000,
26,accepted,0.501,9.999,
13,accepted,0.000,9.999,
2,accepted,1.499,9.000,
27,accepted,1.999,10.000,
24,accepted,1.999,10.500,
1,accepted,1.000,10.000,
14,accepted,2.498,11.500,
25,accepted,2.000,7.001,
17,accepted,3.000,10.001,
12,accepted,2.499,10.499,
7,accepted,0.500,7.999,
5,accepted,2.000,11.999,
3,accepted,3.999,12.499,
29,accepted,5.000,12.998,
15,accepted,4.501,14.998,
9,accepted,2.499,13.498,
6,accepted,1.500,9.999,
8,accepted,1.500,10.997,
22,accepted,1.500,11.498,
23,accepted,2.000,11.498,
10,accepted,4.001,13.502,
0,accepted,2.000,11.002,
11,accepted,1.000,11.002,
4,accepted,0.500,11.531,
20,accepted,0.500,13.035,
16,accepted,0.500,13.035,
21,accepted,2.499,12.536,
27,accepted,0.000,11.035,
24,accepted,0.500,10.535,
31,accepted,1.500,14.534,
19,accepted,3.000,14.035,
30,accepted,1.499,13.536,
1,accepted,0.500,10.534,
25,accepted,0.000,10.034,
17,accepted,0.500,10.034,
26,accepted,1.499,15.036,
13,accepted,0.999,15.036,
18,accepted,1.000,15.535,
28,accepted,3.999,16.534,
2,accepted,1.000,14.535,
14,accepted,0.000,12.034,
12,accepted,0.000,10.536,
7,accepted,2.033,10.037,
3,accepted,1.500,10.036,
6,accepted,1.500,9.538,
5,accepted,2.504,11.036,
22,accepted,2.000,9.934,
29,accepted,3.000,12.536,
0,accepted,1.501,10.033,
8,accepted,2.500,11.536,
9,accepted,2.500,12.536,
23,accepted,3.000,12.536,
10,accepted,3.000,12.034,
16,accepted,2.000,10.500,
15,accepted,4.500,16.036,
31,accepted,2.000,11.499,
20,accepted,3.498,12.000,
27,accepted,2.499,12.338,
13,accepted,0.502,10.338,
18,accepted,1.002,10.338,
11,accepted,3.502,14.872,
25,accepted,1.502,11.339,
21,accepted,2.499,12.839,
2,accepted,1.002,11.501,
17,accepted,1.502,13.002,
30,accepted,2.002,13.501,
3,accepted,0.500,9.002,
28,accepted,0.502,12.500,
26,accepted,1.002,12.500,
4,accepted,3.499,16.005,
6,accepted,0.000,8.998,
19,accepted,1.502,14.500,
7,accepted,0.500,9.999,
5,accepted,0.500,10.001,
1,accepted,2.500,15.001,
22,accepted,0.000,9.103,
12,accepted,1.000,13.000,
0,accepted,0.000,9.000,
24,accepted,2.500,16.499,
9,accepted,0.000,8.500,
14,accepted,0.502,14.000,
29,accepted,0.000,9.500,
8,accepted,0.000,10.000,
16,accepted,2.001,9.001,
10,accepted,2.500,10.000,
15,accepted,1.499,8.000,
20,accepted,2.999,8.501,
23,accepted,2.500,11.001,
18,accepted,2.000,8.162,
21,accepted,1.500,8.662,
13,accepted,2.499,9.662,
17,accepted,1.999,9.501,
31,accepted,3.500,12.002,
5,accepted,1.500,8.499,
6,accepted,2.000,10.503,
1,accepted,1.500,9.498,
25,accepted,3.499,13.161,
24,accepted,1.500,10.001,
28,accepted,2.000,12.001,
14,accepted,1.500,12.007,
4,accepted,2.000,14.007,
2,accepted,4.000,14.506,
0,accepted,1.500,12.007,
26,accepted,3.500,14.007,
30,accepted,4.001,17.510,
3,accepted,3.500,17.510,
19,accepted,3.500,17.011,
27,accepted,6.000,21.173,
9,accepted,2.499,17.012,
29,accepted,2.000,16.512,
22,accepted,2.501,17.511,
8,accepted,2.000,19.344,
12,accepted,3.000,20.844,
7,accepted,3.500,35.878,
10,accepted,0.500,30.878,
11,accepted,6.000,38.040,
16,accepted,0.500,30.878,
15,accepted,0.500,30.878,
18,accepted,0.000,54.913,
23,accepted,0.498,58.241,
20,accepted,0.500,58.741,
21,accepted,0.000,62.385,
13,accepted,0.000,86.457,
17,accepted,0.498,96.935,
5,accepted,2.001,100.343,
6,accepted,2.499,102.482,
31,accepted,6.004,103.983,
25,accepted,1.008,101.985,
28,accepted,1.001,106.903,
24,accepted,1.001,106.903,
1,accepted,0.499,107.904,
14,accepted,0.500,136.572,
19,accepted,0.685,135.072,
0,accepted,0.685,138.577,
22,accepted,0.000,136.450,
3,accepted,0.000,138.451,
2,accepted,0.685,141.454,
26,accepted,0.685,141.454,
30,accepted,0.000,141.503,
8,accepted,0.000,135.671,
4,accepted,0.685,144.507,
9,accepted,0.000,139.502,
12,accepted,1.092,135.671,
29,accepted,0.000,139.502,
27,accepted,0.000,139.502,
10,accepted,2.001,124.518,
15,accepted,2.001,124.518,
16,accepted,0.501,124.518,
7,accepted,2.001,124.518,
11,accepted,0.501,128.982,
18,accepted,3.001,110.491,
23,accepted,0.000,130.832,
20,accepted,0.000,131.835,
21,accepted,1.141,135.858,
13,accepted,0.000,111.287,
17,accepted,0.504,106.807,
5,accepted,0.000,130.861,
6,accepted,0.553,129.717,
25,accepted,0.000,132.722,
28,accepted,1.118,126.803,
31,accepted,0.500,132.722,
1,accepted,2.164,131.309,
24,accepted,1.164,131.813,
14,accepted,1.001,106.672,
19,accepted,0.000,132.741,
22,accepted,0.000,135.220,
0,accepted,0.000,138.098,
2,accepted,2.019,135.220,
26,accepted,0.519,137.368,
3,accepted,0.519,137.368,
8,accepted,3.019,136.375,
12,accepted,1.502,136.375,
9,accepted,2.151,136.375,
30,accepted,2.151,136.375,
10,accepted,2.650,144.003,
29,accepted,2.650,145.885,
18,accepted,0.000,132.995,
4,accepted,1.823,145.885,
7,accepted,1.322,144.003,
16,accepted,1.823,144.504,
11,accepted,1.322,140.041,
15,accepted,0.823,144.504,
27,accepted,1.823,146.386,
23,accepted,0.501,114.832,
20,accepted,1.000,145.101,
13,accepted,0.000,139.042,
21,accepted,0.000,141.542,
17,accepted,1.026,143.923,
5,accepted,0.000,116.600,
6,accepted,0.000,125.618,
25,accepted,0.555,140.151,
28,accepted,3.504,143.651,
31,accepted,3.999,145.543,
1,accepted,1.500,147.667,
24,accepted,0.999,147.163,
14,accepted,2.501,141.128,
19,accepted,0.499,114.891,
22,accepted,0.000,123.379,
26,accepted,0.610,129.939,
2,accepted,0.000,139.101,
8,accepted,0.000,134.893,
3,accepted,0.000,136.953,
0,accepted,0.000,139.605,
23,accepted,1.007,121.382,
9,accepted,0.999,136.397,
16,accepted,1.001,136.770,
29,accepted,1.007,137.271,
15,accepted,0.000,136.770,
18,accepted,0.505,137.271,
12,accepted,2.500,149.604,
4,accepted,1.001,140.094,
7,accepted,0.000,149.613,
30,accepted,3.498,159.123,
10,accepted,2.000,149.613,
11,accepted,1.001,149.112,
27,accepted,0.000,149.112,
20,accepted,2.500,134.369,
21,accepted,1.003,132.261,
5,accepted,0.504,120.743,
17,accepted,0.000,121.879,
13,accepted,3.000,134.259,
6,accepted,2.007,126.384,
25,accepted,0.000,126.374,
31,accepted,0.000,131.333,
28,accepted,0.500,133.225,
1,accepted,0.000,124.703,
14,accepted,1.154,132.372,
22,accepted,0.000,119.690,
19,accepted,0.000,135.535,
24,accepted,0.499,144.396,
0,accepted,0.621,111.989,
26,accepted,1.498,120.008,
8,accepted,0.621,112.994,
2,accepted,0.500,127.522,
3,accepted,0.000,127.522,
23,accepted,6.500,136.555,
9,accepted,1.500,137.055,
15,accepted,1.499,126.671,
7,accepted,0.500,121.837,
4,accepted,0.500,131.855,
12,accepted,0.500,131.855,
29,accepted,0.000,139.010,
16,accepted,1.501,139.010,
18,accepted,0.500,141.189,
30,accepted,1.000,134.693,
11,accepted,0.499,134.693,
10,accepted,0.000,138.805,
27,accepted,1.000,139.859,
13,accepted,1.657,124.377,
21,accepted,1.641,124.377,
20,accepted,0.501,127.377,
17,accepted,1.657,131.999,
5,accepted,0.658,131.999,
6,accepted,2.499,126.858,
25,accepted,0.998,122.543,
31,accepted,1.001,133.729,
28,accepted,2.999,135.228,
1,accepted,2.999,137.230,
0,accepted,0.000,117.537,
19,accepted,0.000,130.578,
22,accepted,2.841,137.295,
14,accepted,1.841,141.786,
24,accepted,0.608,130.261,
26,accepted,2.000,135.166,
8,accepted,5.555,141.713,
3,accepted,0.000,128.253,
2,accepted,0.000,130.751,
23,accepted,1.500,124.215,
9,accepted,1.001,131.721,
15,accepted,0.000,135.867,
7,accepted,4.052,132.826,
29,accepted,1.000,129.373,
12,accepted,1.000,133.705,
18,accepted,0.499,127.195,
4,accepted,2.000,133.705,
16,accepted,0.499,129.373,
11,accepted,2.009,128.200,
30,accepted,0.507,128.200,
27,accepted,0.498,128.041,
10,accepted,2.507,130.595,
21,accepted,0.687,129.500,
13,accepted,0.000,129.500,
5,accepted,0.687,125.729,
20,accepted,0.687,133.351,
17,accepted,1.507,131.887,
6,accepted,0.000,133.816,
25,accepted,2.606,133.191,
31,accepted,0.999,124.065,
28,accepted,0.999,130.909,
0,accepted,2.001,129.999,
1,accepted,0.999,129.999,
19,accepted,0.502,129.495,
22,accepted,2.152,125.624,
14,accepted,2.152,130.306,
24,accepted,0.500,130.306,
8,accepted,0.000,128.887,
26,accepted,2.501,137.858,
3,accepted,0.000,132.736,
2,accepted,0.000,134.198,
23,accepted,0.655,133.339,
9,accepted,0.498,132.175,
15,accepted,0.000,130.846,
12,accepted,1.500,129.347,
7,accepted,0.609,130.725,
16,accepted,0.000,129.347,
29,accepted,0.000,136.025,
4,accepted,0.000,136.025,
11,accepted,0.000,129.173,
18,accepted,0.000,136.025,
30,accepted,2.000,132.172,
27,accepted,2.501,131.172,
21,accepted,1.052,126.140,
10,accepted,0.000,135.151,
5,accepted,0.000,129.763,
13,accepted,0.000,134.678,
17,accepted,0.000,129.180,
20,accepted,0.000,135.337,
6,accepted,1.130,129.237,
25,accepted,2.500,134.010,
31,accepted,3.500,139.443,
28,accepted,0.500,136.103,
0,accepted,0.000,138.817,
1,accepted,2.501,142.013,
19,accepted,1.500,136.502,
22,accepted,0.654,138.661,
14,accepted,0.499,144.536,
24,accepted,0.000,156.063,
8,accepted,1.531,145.529,
26,accepted,1.531,150.997,
3,accepted,0.000,151.679,
2,accepted,0.500,154.223,
23,accepted,2.990,156.930,
9,accepted,3.001,153.268,
12,accepted,0.500,149.107,
15,accepted,0.000,153.453,
16,accepted,0.000,150.607,
18,accepted,0.647,149.442,
7,accepted,2.000,156.120,
29,accepted,2.767,153.443,
4,accepted,0.647,153.443,
30,accepted,0.000,153.183,
27,accepted,2.236,149.177,
11,accepted,1.766,156.182,
21,accepted,0.000,150.262,
10,accepted,0.000,150.262,
5,accepted,1.065,149.804,
13,accepted,0.000,154.748,
17,accepted,1.998,150.237,
20,accepted,1.000,150.237,
6,accepted,1.000,148.270,
25,accepted,2.499,145.790,
1,accepted,0.000,135.821,
31,accepted,0.501,147.828,
28,accepted,0.502,142.824,
0,accepted,1.175,142.620,
22,accepted,1.500,138.996,
19,accepted,1.000,146.595,
14,accepted,1.001,138.027,
8,accepted,1.004,132.534,
24,accepted,1.004,138.043,
3,accepted,0.500,126.977,
26,accepted,0.500,136.086,
2,accepted,1.000,128.772,
23,accepted,0.598,133.714,
15,accepted,1.009,129.421,
12,accepted,1.596,129.421,
9,accepted,1.596,133.476,
16,accepted,0.000,133.035,
18,accepted,0.000,134.071,
4,accepted,4.001,130.070,
29,accepted,3.001,131.376,
7,accepted,1.500,135.377,
30,accepted,0.501,133.840,
27,accepted,0.501,133.840,
21,accepted,0.000,127.276,
11,accepted,0.501,133.840,
10,accepted,0.660,132.777,
5,accepted,0.596,125.762,
13,accepted,0.000,126.901,
17,accepted,2.105,126.901,
20,accepted,1.602,133.957,
6,accepted,1.000,132.515,
25,accepted,0.499,129.560,
31,accepted,0.000,123.213,
0,accepted,1.500,123.640,
28,accepted,1.997,130.834,
22,accepted,0.000,127.134,
1,accepted,1.500,133.814,
19,accepted,0.544,129.582,
14,accepted,4.549,127.602,
8,accepted,0.499,134.202,
24,accepted,1.001,128.693,
3,accepted,5.502,131.264,
26,accepted,0.000,129.371,
2,accepted,1.040,127.006,
15,accepted,0.000,125.839,
23,accepted,0.500,130.591,
12,accepted,1.119,135.347,
9,accepted,0.000,134.294,
18,accepted,2.500,129.505,
16,accepted,1.000,137.379,
29,accepted,0.607,129.524,
7,accepted,0.607,129.524,
4,accepted,0.000,136.026,
27,accepted,0.000,129.515,
30,accepted,0.999,130.015,
11,accepted,0.551,136.523,
21,accepted,0.551,138.023,
5,accepted,1.000,136.021,
13,accepted,2.090,128.873,
10,accepted,1.000,136.021,
17,accepted,2.090,136.198,
20,accepted,0.530,131.839,
6,accepted,2.001,132.914,
25,accepted,1.015,133.507,
0,accepted,0.000,128.148,
31,accepted,4.500,132.176,
28,accepted,0.500,128.984,
19,accepted,0.000,124.965,
14,accepted,0.999,123.468,
1,accepted,3.142,135.014,
22,accepted,1.642,135.014,
24,accepted,0.999,123.841,
8,accepted,0.000,128.851,
3,accepted,2.000,130.287,
26,accepted,2.500,128.745,
2,accepted,1.007,132.775,
15,accepted,3.500,128.122,
23,accepted,0.000,135.801,
9,accepted,0.999,135.814,
16,accepted,0.000,128.669,
18,accepted,0.999,129.995,
7,accepted,0.000,130.169,
12,accepted,0.674,141.327,
29,accepted,0.000,134.182,
27,accepted,0.000,129.987,
30,accepted,3.503,129.487,
4,accepted,4.000,133.986,
21,accepted,1.192,128.978,
10,accepted,1.000,129.486,
11,accepted,1.192,134.486,
5,accepted,0.000,131.986,
13,accepted,0.000,134.909,
20,accepted,0.500,129.961,
17,accepted,0.500,132.657,
6,accepted,1.508,141.209,
25,accepted,0.000,133.246,
28,accepted,1.499,129.129,
0,accepted,1.999,133.557,
31,accepted,1.000,135.055,
1,accepted,0.504,126.627,
19,accepted,0.000,130.136,
14,accepted,1.159,130.801,
22,accepted,3.661,132.267,
24,accepted,0.501,129.322,
2,accepted,2.499,123.290,
8,accepted,0.501,133.827,
3,accepted,3.004,136.825,
26,accepted,3.000,137.824,
15,accepted,1.001,126.933,
23,accepted,0.000,124.879,
7,accepted,0.504,121.229,
18,accepted,0.000,122.728,
9,accepted,0.499,132.904,
16,accepted,0.504,132.904,
29,accepted,0.499,127.391,
12,accepted,0.558,127.391,
27,accepted,3.001,131.895,
30,accepted,2.000,131.895,
10,accepted,0.499,125.392,
4,accepted,1.000,133.400,
11,accepted,2.001,132.897,
21,accepted,2.193,136.905,
5,accepted,0.688,134.441,
20,accepted,0.504,126.950,
13,accepted,0.688,132.023,
17,accepted,3.175,134.946,
6,accepted,0.000,133.593,
25,accepted,1.498,134.731,
0,accepted,2.474,133.733,
28,accepted,2.474,133.733,
19,accepted,0.000,127.722,
31,accepted,2.474,132.734,
14,accepted,1.499,131.528,
1,accepted,0.000,135.701,
22,accepted,1.000,131.106,
24,accepted,1.498,123.963,
8,accepted,0.000,136.169,
26,accepted,0.000,125.665,
3,accepted,0.000,129.164,
2,accepted,0.501,136.169,
23,accepted,0.505,135.773,
15,accepted,0.000,144.260,
7,accepted,0.503,131.265,
9,accepted,2.182,123.097,
18,accepted,0.499,136.277,
16,accepted,1.003,126.101,
12,accepted,1.003,129.818,
29,accepted,1.003,134.309,
30,accepted,0.000,129.826,
27,accepted,1.003,131.309,
10,accepted,0.000,129.822,
11,accepted,0.000,127.351,
4,accepted,0.000,135.854,
5,accepted,0.999,124.806,
21,accepted,2.500,134.398,
13,accepted,0.000,138.368,
20,accepted,0.498,142.881,
17,accepted,1.548,134.884,
6,accepted,0.504,122.923,
25,accepted,0.000,123.728,
19,accepted,0.498,126.724,
28,accepted,3.009,130.692,
0,accepted,1.510,130.692,
14,accepted,0.500,128.764,
1,accepted,0.000,131.274,
22,accepted,0.000,130.230,
31,accepted,0.000,139.253,
24,accepted,1.002,129.819,
26,accepted,0.000,122.118,
8,accepted,0.000,128.624,
3,accepted,0.000,128.624,
2,accepted,0.000,131.362,
15,accepted,1.501,131.855,
23,accepted,2.500,134.751,
7,accepted,2.500,136.212,
18,accepted,0.499,131.200,
16,accepted,1.499,131.200,
9,accepted,0.999,134.204,
12,accepted,0.000,130.632,
29,accepted,4.500,128.073,
27,accepted,1.000,128.548,
30,accepted,4.500,130.031,
10,accepted,0.499,132.047,
11,accepted,0.998,132.516,
4,accepted,0.501,132.486,
21,accepted,2.502,128.977,
5,accepted,2.000,134.525,
13,accepted,0.504,125.276,
20,accepted,0.000,125.508,
17,accepted,0.000,130.036,
6,accepted,1.001,132.581,
25,accepted,2.119,130.081,
19,accepted,0.503,130.572,
28,accepted,0.000,131.609,
0,accepted,0.504,135.630,
14,accepted,1.119,137.709,
1,accepted,0.504,136.686,
31,accepted,0.000,139.729,
24,accepted,2.150,137.220,
22,accepted,0.000,139.729,
8,accepted,1.000,129.231,
26,accepted,3.009,143.039,
3,accepted,1.039,136.532,
2,accepted,2.539,134.803,
15,accepted,0.644,140.680,
23,accepted,0.000,141.367,
16,accepted,2.499,140.909,
18,accepted,2.000,143.417,
27,accepted,2.500,139.869,
7,accepted,3.499,147.929,
9,accepted,2.499,147.929,
12,accepted,3.001,144.779,
30,accepted,0.000,144.112,
29,accepted,0.000,147.091,
4,accepted,2.080,131.625,
5,accepted,1.001,135.442,
10,accepted,2.696,144.453,
11,accepted,4.699,143.104,
21,accepted,2.080,142.343,
13,accepted,0.000,139.025,
20,accepted,1.004,138.292,
17,accepted,0.000,133.763,
6,accepted,0.000,144.216,
25,accepted,3.502,145.722,
28,accepted,1.003,140.315,
19,accepted,0.000,144.822,
0,accepted,2.007,139.815,
1,accepted,0.000,135.040,
14,accepted,1.999,136.526,
22,accepted,0.519,138.543,
24,accepted,2.007,139.671,
31,accepted,2.007,143.180,
8,accepted,0.000,134.124,
26,accepted,2.500,135.376,
2,accepted,0.648,137.311,
3,accepted,0.000,142.273,
15,accepted,0.504,131.511,
23,accepted,0.000,134.447,
18,accepted,1.500,130.936,
7,accepted,1.999,131.930,
16,accepted,1.999,141.927,
27,accepted,1.507,134.907,
30,accepted,0.000,135.930,
12,accepted,0.000,140.173,
29,accepted,1.525,135.930,
9,accepted,1.003,140.173,
4,accepted,2.527,136.988,
5,accepted,2.502,131.130,
10,accepted,0.000,134.129,
11,accepted,0.694,134.362,
21,accepted,0.694,131.615,
13,accepted,1.001,130.115,
17,accepted,0.000,127.245,
20,accepted,1.001,127.245,
6,accepted,0.685,131.701,
25,accepted,1.004,134.702,
28,accepted,0.605,123.098,
0,accepted,3.502,126.594,
1,accepted,1.000,126.253,
19,accepted,3.508,135.113,
14,accepted,0.500,127.762,
22,accepted,0.500,127.723,
24,accepted,2.500,128.095,
31,accepted,0.000,131.094,
8,accepted,0.000,133.022,
26,accepted,2.057,129.572,
2,accepted,0.501,128.061,
3,accepted,0.640,128.182,
18,accepted,0.000,127.421,
15,accepted,1.162,133.940,
23,accepted,2.500,127.421,
7,accepted,0.501,122.955,
29,accepted,0.000,127.727,
27,accepted,1.000,132.993,
16,accepted,3.038,132.993,
9,accepted,0.000,133.575,
12,accepted,1.231,134.740,
30,accepted,0.000,134.740,
5,accepted,2.232,136.183,
10,accepted,2.232,133.185,
21,accepted,0.000,128.798,
4,accepted,2.232,136.183,
13,accepted,0.000,134.299,
11,accepted,0.000,135.767,
17,accepted,0.500,134.626,
20,accepted,1.506,141.555,
6,accepted,0.000,122.008,
25,accepted,0.000,138.031,
28,accepted,3.498,139.535,
0,accepted,0.504,133.020,
14,accepted,0.500,134.592,
1,accepted,0.503,136.101,
22,accepted,2.002,128.084,
19,accepted,2.002,144.756,
24,accepted,0.000,139.923,
8,accepted,1.500,130.962,
31,accepted,1.500,142.920,
26,accepted,0.498,133.909,
3,accepted,0.498,136.407,
2,accepted,0.498,144.845,
23,accepted,0.535,137.834,
18,accepted,0.500,147.472,
15,accepted,0.500,150.670,
7,accepted,0.500,149.629,
29,accepted,0.504,145.466,
27,accepted,0.500,146.868,
12,accepted,2.501,145.969,
16,accepted,1.500,152.982,
9,accepted,0.499,149.966,
30,accepted,0.501,152.985,
21,accepted,1.500,152.996,
10,accepted,4.000,152.996,
4,accepted,4.000,152.996,
5,accepted,3.136,152.996,
11,accepted,1.500,149.525,
13,accepted,1.001,154.501,
17,accepted,6.001,153.033,
20,accepted,1.149,148.983,
6,accepted,0.000,143.593,
28,accepted,0.500,145.469,
25,accepted,4.645,149.970,
0,accepted,0.000,149.570,
14,accepted,1.612,142.990,
22,accepted,0.000,145.990,
1,accepted,0.499,148.913,
19,accepted,0.000,143.266,
8,accepted,0.000,137.435,
24,accepted,0.000,140.391,
31,accepted,0.501,138.587,
26,accepted,0.504,139.584,
3,accepted,0.501,136.589,
2,accepted,0.681,140.311,
23,accepted,0.500,141.340,
7,accepted,0.534,130.604,
18,accepted,2.501,133.802,
15,accepted,1.000,139.613,
29,accepted,2.000,132.175,
16,accepted,0.504,129.746,
27,accepted,0.000,137.439,
9,accepted,2.629,128.493,
30,accepted,1.000,132.252,
12,accepted,2.629,139.269,
5,accepted,1.043,129.710,
4,accepted,0.501,134.827,
21,accepted,3.000,137.644,
13,accepted,0.000,131.826,
10,accepted,1.499,138.832,
11,accepted,1.499,135.334,
17,accepted,0.000,133.326,
20,accepted,0.500,130.448,
6,accepted,2.692,136.002,
25,accepted,0.000,131.618,
28,accepted,0.000,131.618,
0,accepted,0.501,130.018,
22,accepted,1.504,132.023,
14,accepted,2.536,135.024,
1,accepted,0.000,129.601,
19,accepted,0.000,126.594,
8,accepted,0.499,130.788,
31,accepted,0.501,124.086,
24,accepted,0.000,133.780,
3,accepted,1.003,121.094,
26,accepted,3.002,135.607,
2,accepted,0.000,126.910,
23,accepted,0.000,132.690,
7,accepted,0.504,130.591,
18,accepted,0.500,132.600,
15,accepted,2.000,125.094,
16,accepted,1.501,121.594,
29,accepted,0.503,126.681,
9,accepted,1.500,134.618,
27,accepted,2.501,134.618,
30,accepted,0.000,128.181,
5,accepted,0.555,126.712,
12,accepted,0.500,133.218,
4,accepted,2.501,127.963,
21,accepted,0.000,129.349,
13,accepted,0.000,129.660,
17,accepted,0.000,132.170,
11,accepted,0.000,133.671,
20,accepted,0.000,132.170,
10,accepted,0.502,133.671,
6,accepted,0.000,133.529,
28,accepted,0.000,123.542,
0,accepted,0.499,130.914,
25,accepted,0.000,133.915,
8,accepted,0.500,127.417,
19,accepted,0.500,133.420,
1,accepted,0.000,133.420,
14,accepted,0.000,133.921,
22,accepted,0.499,133.921,
31,accepted,1.004,133.043,
3,accepted,0.501,130.534,
24,accepted,1.499,133.058,
26,accepted,0.503,121.531,
2,accepted,0.503,129.650,
7,accepted,0.502,127.823,
23,accepted,1.036,127.823,
29,accepted,1.000,129.313,
15,accepted,1.500,132.314,
16,accepted,1.500,129.313,
18,accepted,2.035,133.817,
5,accepted,0.500,127.198,
30,accepted,1.000,127.198,
21,accepted,0.633,118.160,
27,accepted,0.500,130.237,
9,accepted,3.505,130.237,
4,accepted,1.635,132.398,
17,accepted,0.000,122.686,
12,accepted,2.133,133.728,
13,accepted,0.626,135.210,
11,accepted,2.126,132.202,
20,accepted,2.126,132.202,
10,accepted,1.500,137.206,
6,accepted,1.001,141.724,
28,accepted,1.002,125.188,
25,accepted,0.501,120.438,
0,accepted,1.501,127.844,
1,accepted,1.005,118.331,
22,accepted,4.000,132.957,
31,accepted,0.000,126.331,
8,accepted,1.500,132.957,
19,accepted,1.000,133.960,
14,accepted,1.500,134.461,
3,accepted,0.000,128.327,
24,accepted,0.000,132.843,
26,accepted,0.501,132.343,
2,accepted,0.501,129.348,
7,accepted,2.009,127.937,
23,accepted,2.165,140.961,
29,accepted,1.500,132.957,
16,accepted,1.000,137.471,
15,accepted,2.000,137.471,
18,accepted,2.000,137.471,
27,accepted,0.000,126.549,
30,accepted,0.000,132.094,
5,accepted,2.119,132.094,
17,accepted,0.000,126.039,
21,accepted,0.503,136.075,
4,accepted,0.605,126.039,
9,accepted,0.000,136.075,
12,accepted,0.000,135.048,
13,accepted,0.999,127.542,
20,accepted,0.503,131.898,
11,accepted,0.503,139.058,
10,accepted,0.000,141.065,
6,accepted,0.000,131.039,
28,accepted,1.000,139.514,
0,accepted,0.503,132.020,
25,accepted,0.503,139.427,
22,accepted,0.500,126.906,
1,accepted,1.003,141.532,
19,accepted,1.373,136.918,
8,accepted,0.000,137.922,
31,accepted,1.373,140.422,
14,accepted,1.140,138.917,
3,accepted,0.500,138.070,
26,accepted,2.000,140.141,
24,accepted,0.500,140.141,
2,accepted,0.000,138.994,
7,accepted,0.000,137.710,
23,accepted,0.499,133.988,
16,accepted,0.000,129.475,
15,accepted,2.503,130.974,
29,accepted,0.000,135.488,
18,accepted,6.003,136.482,
27,accepted,3.504,133.884,
30,accepted,1.499,129.871,
5,accepted,0.528,134.379,
21,accepted,0.000,128.866,
12,accepted,3.998,119.857,
9,accepted,1.499,137.376,
13,accepted,1.003,127.360,
17,accepted,1.499,137.376,
4,accepted,1.000,141.393,
20,accepted,0.000,135.533,
11,accepted,0.000,128.373,
10,accepted,0.000,133.401,
6,accepted,0.661,137.383,
28,accepted,1.003,130.720,
0,accepted,0.637,126.877,
25,accepted,0.500,139.377,
1,accepted,0.000,130.864,
22,accepted,0.500,132.350,
14,accepted,0.000,125.323,
19,accepted,0.500,131.803,
31,accepted,1.002,136.263,
3,accepted,1.499,137.192,
8,accepted,1.999,142.870,
26,accepted,1.002,136.495,
24,accepted,1.002,136.495,
2,accepted,0.503,129.669,
7,accepted,0.000,126.468,
23,accepted,0.500,127.117,
29,accepted,1.504,141.419,
16,accepted,1.522,142.919,
18,accepted,2.505,135.911,
15,accepted,5.025,141.419,
21,accepted,0.000,129.398,
27,accepted,0.000,133.905,
5,accepted,0.693,129.398,
30,accepted,0.000,136.955,
9,accepted,4.006,123.936,
17,accepted,0.000,123.936,
12,accepted,2.507,132.447,
13,accepted,0.000,123.936,
4,accepted,1.189,131.212,
11,accepted,0.000,136.723,
20,accepted,5.038,136.723,
10,accepted,0.503,132.695,
6,accepted,1.504,129.141,
0,accepted,0.499,137.197,
28,accepted,0.000,140.390,
1,accepted,0.502,125.198,
22,accepted,0.000,124.712,
14,accepted,1.437,118.223,
25,accepted,0.000,128.200,
19,accepted,2.942,115.246,
31,accepted,2.007,109.290,
8,accepted,0.500,133.769,
3,accepted,0.000,138.169,
26,accepted,0.000,132.279,
24,accepted,0.498,132.279,
2,accepted,2.998,143.366,
7,accepted,1.005,127.255,
23,accepted,0.000,118.302,
29,accepted,0.549,132.547,
15,accepted,2.000,132.547,
5,accepted,2.000,135.548,
21,accepted,2.000,139.548,
27,accepted,3.508,141.557,
16,accepted,4.002,141.557,
17,accepted,1.502,138.507,
13,accepted,1.502,138.507,
30,accepted,2.000,138.507,
4,accepted,0.000,132.225,
18,accepted,3.506,146.566,
9,accepted,1.502,143.517,
12,accepted,1.502,145.017,
11,accepted,1.004,118.698,
20,accepted,1.004,118.698,
6,accepted,1.005,117.605,
10,accepted,2.548,135.215,
19,accepted,3.505,125.469,
22,accepted,2.005,132.923,
0,accepted,0.000,135.423,
31,accepted,0.000,131.477,
28,accepted,0.000,134.484,
25,accepted,0.000,135.481,
1,accepted,0.000,137.483,
14,accepted,0.500,139.284,
8,accepted,0.000,108.692,
24,accepted,1.001,130.060,
26,accepted,0.500,130.060,
3,accepted,3.501,137.695,
2,accepted,0.499,135.075,
7,accepted,1.505,134.571,
23,accepted,1.004,133.572,
29,accepted,0.500,108.526,
21,accepted,0.000,129.564,
15,accepted,2.521,136.564,
5,accepted,1.500,133.563,
16,accepted,0.000,130.054,
27,accepted,2.560,139.063,
17,accepted,5.060,139.063,
12,accepted,4.000,134.560,
18,accepted,1.500,136.059,
9,accepted,2.000,136.560,
4,accepted,1.500,136.560,
13,accepted,3.000,141.569,
20,accepted,1.203,135.060,
30,accepted,2.560,141.569,
10,accepted,0.000,110.533,
11,accepted,0.702,135.060,
6,accepted,0.000,125.189,
19,accepted,0.000,107.270,
22,accepted,0.500,129.895,
28,accepted,0.503,132.188,
0,accepted,2.008,138.377,
31,accepted,3.508,137.816,
1,accepted,1.999,139.344,
14,accepted,1.999,137.044,
8,accepted,4.501,137.044,
25,accepted,4.499,139.845,
24,accepted,0.000,113.802,
3,accepted,0.503,106.166,
26,accepted,1.569,118.301,
2,accepted,0.501,128.294,
29,accepted,3.001,128.264,
7,accepted,3.005,135.864,
23,accepted,1.501,137.864,
21,accepted,0.500,110.632,
5,accepted,0.000,111.132,
16,accepted,0.000,109.969,
15,accepted,1.003,115.136,
17,accepted,0.577,125.706,
27,accepted,0.000,132.733,
12,accepted,1.500,130.726,
4,accepted,0.499,132.728,
18,accepted,1.500,133.228,
11,accepted,1.500,134.915,
10,accepted,1.500,135.414,
6,accepted,1.500,136.414,
19,accepted,2.000,133.411,
30,accepted,2.501,139.568,
20,accepted,1.500,139.568,
13,accepted,2.501,139.568,
9,accepted,4.499,139.568,
22,accepted,0.000,106.987,
28,accepted,0.000,106.733,
0,accepted,1.005,124.090,
31,accepted,0.000,132.164,
14,accepted,0.501,131.836,
25,accepted,0.000,131.836,
8,accepted,0.000,131.836,
24,accepted,0.000,132.672,
26,accepted,4.001,128.173,
3,accepted,0.500,134.181,
1,accepted,0.501,135.681,
2,accepted,0.500,105.037,
29,accepted,1.000,133.698,
7,accepted,0.500,132.098,
23,accepted,0.500,137.103,
21,accepted,0.000,131.296,
16,accepted,1.598,132.961,
5,accepted,0.000,134.298,
15,accepted,1.000,130.293,
17,accepted,0.500,108.216,
27,accepted,0.500,105.696,
12,accepted,0.503,134.285,
18,accepted,2.190,133.283,
4,accepted,0.685,133.283,
20,accepted,0.500,133.060,
11,accepted,0.500,141.212,
30,accepted,2.344,136.559,
19,accepted,1.335,137.707,
13,accepted,0.000,136.559,
9,accepted,0.000,136.559,
6,accepted,0.835,139.713,
22,accepted,0.553,135.054,
10,accepted,1.335,140.713,
28,accepted,0.500,132.957,
0,accepted,0.000,109.971,
31,accepted,0.500,104.836,
8,accepted,1.499,131.266,
14,accepted,1.529,134.386,
26,accepted,2.501,135.544,
1,accepted,3.500,141.044,
2,accepted,1.000,138.042,
29,accepted,0.000,103.911,
3,accepted,2.501,141.044,
25,accepted,1.500,144.889,
24,accepted,1.500,143.053,
7,accepted,0.000,106.412,
21,accepted,1.110,129.376,
27,accepted,1.500,127.469,
5,accepted,1.000,135.983,
15,accepted,1.500,137.481,
16,accepted,1.502,137.481,
17,accepted,1.000,140.982,
12,accepted,0.000,107.887,
4,accepted,0.499,106.386,
23,accepted,1.502,144.484,
18,accepted,0.500,124.277,
20,accepted,0.000,135.731,
10,accepted,1.500,132.232,
22,accepted,1.500,135.228,
9,accepted,2.500,136.734,
30,accepted,2.061,136.734,
31,accepted,2.500,133.293,
0,accepted,1.500,136.233,
11,accepted,2.061,136.734,
28,accepted,2.000,136.233,
19,accepted,2.500,136.734,
6,accepted,1.500,136.734,
13,accepted,3.062,141.720,
8,accepted,1.124,110.164,
26,accepted,0.500,118.708,
14,accepted,2.099,121.701,
7,accepted,1.000,130.755,
3,accepted,2.500,134.255,
25,accepted,3.500,135.636,
29,accepted,2.000,136.136,
2,accepted,2.001,136.136,
1,accepted,1.501,136.136,
24,accepted,2.500,135.636,
21,accepted,1.009,110.293,
27,accepted,1.179,136.841,
5,accepted,0.000,138.342,
15,accepted,0.000,141.842,
23,accepted,0.499,138.341,
12,accepted,0.580,138.845,
16,accepted,0.000,142.346,
17,accepted,1.095,139.345,
4,accepted,0.580,145.591,
18,accepted,0.580,129.210,
20,accepted,0.505,111.139,
9,accepted,2.497,140.724,
22,accepted,2.004,142.229,
10,accepted,1.007,145.226,
19,accepted,0.500,144.227,
0,accepted,0.500,144.227,
13,accepted,0.000,146.259,
28,accepted,0.499,151.245,
8,accepted,0.903,143.244,
11,accepted,0.500,151.245,
30,accepted,0.000,151.245,
6,accepted,0.000,151.245,
31,accepted,0.499,151.245,
14,accepted,0.504,130.090,
26,accepted,2.001,130.090,
7,accepted,0.500,141.644,
24,accepted,4.002,142.764,
3,accepted,0.504,144.644,
1,accepted,4.002,149.763,
29,accepted,1.500,149.763,
21,accepted,0.498,142.137,
25,accepted,0.000,149.763,
2,accepted,2.500,149.763,
5,accepted,1.531,104.480,
27,accepted,0.499,109.988,
15,accepted,0.000,134.521,
23,accepted,0.000,137.520,
12,accepted,0.000,137.016,
16,accepted,2.000,142.523,
4,accepted,2.500,136.777,
22,accepted,1.169,103.158,
20,accepted,1.499,137.244,
18,accepted,1.502,137.244,
17,accepted,2.000,149.490,
10,accepted,1.000,136.178,
9,accepted,1.000,136.178,
0,accepted,2.000,135.314,
14,accepted,0.627,126.794,
19,accepted,2.001,135.314,
31,accepted,0.000,128.800,
6,accepted,0.499,139.321,
30,accepted,0.000,143.017,
7,accepted,2.000,108.407,
13,accepted,2.500,144.020,
28,accepted,0.000,144.020,
26,accepted,3.499,142.518,
8,accepted,0.627,144.020,
11,accepted,2.500,144.020,
24,accepted,2.001,135.982,
3,accepted,0.999,135.982,
1,accepted,1.526,128.983,
27,accepted,0.499,132.973,
5,accepted,0.499,132.973,
29,accepted,0.499,133.475,
2,accepted,0.499,133.475,
25,accepted,0.501,133.475,
21,accepted,0.526,133.475,
15,accepted,0.000,109.212,
23,accepted,0.551,109.075,
12,accepted,0.000,132.065,
17,accepted,0.000,126.331,
4,accepted,1.000,137.418,
16,accepted,0.000,142.928,
20,accepted,0.000,139.952,
22,accepted,2.500,141.453,
10,accepted,2.500,108.433,
9,accepted,3.006,108.433,
18,accepted,0.000,141.453,
14,accepted,3.006,118.811,
31,accepted,2.501,133.335,
19,accepted,1.000,133.839,
0,accepted,2.501,133.839,
7,accepted,0.507,125.705,
6,accepted,0.507,131.906,
13,accepted,0.698,132.726,
28,accepted,1.000,132.726,
30,accepted,0.698,133.729,
8,accepted,0.556,134.225,
11,accepted,0.556,135.726,
26,accepted,4.503,141.625,
3,accepted,0.000,111.049,
1,accepted,0.000,121.538,
24,accepted,0.000,132.675,
5,accepted,0.000,128.184,
25,accepted,5.616,135.380,
2,accepted,1.008,135.380,
21,accepted,2.118,142.244,
29,accepted,2.118,143.393,
27,accepted,1.613,143.393,
15,accepted,0.000,132.611,
23,accepted,0.000,135.960,
12,accepted,1.502,112.969,
17,accepted,0.504,129.194,
4,accepted,0.999,142.475,
16,accepted,1.500,137.965,
20,accepted,1.000,137.965,
14,accepted,1.001,123.447,
10,accepted,0.499,136.464,
22,accepted,0.000,136.464,
9,accepted,1.000,136.464,
18,accepted,0.000,136.464,
31,accepted,2.507,142.166,
19,accepted,2.507,147.174,
0,accepted,1.507,147.174,
13,accepted,1.004,132.564,
6,accepted,0.505,145.096,
7,accepted,1.004,146.598,
28,accepted,1.148,154.715,
8,accepted,2.499,153.215,
11,accepted,3.498,151.715,
3,accepted,1.003,145.815,
30,accepted,4.646,154.715,
26,accepted,2.001,145.815,
1,accepted,3.501,140.923,
24,accepted,1.001,129.785,
5,accepted,2.001,129.785,
25,accepted,4.505,150.752,
2,accepted,2.000,156.253,
21,accepted,0.500,150.888,
29,accepted,1.685,149.740,
15,accepted,6.686,162.744,
23,accepted,0.500,157.033,
27,accepted,1.685,163.740,
12,accepted,1.004,157.532,
17,accepted,0.499,134.068,
4,accepted,0.499,147.360,
20,accepted,0.499,148.363,
16,accepted,0.499,152.365,
10,accepted,2.223,160.260,
18,accepted,2.223,160.260,
9,accepted,2.223,160.260,
22,accepted,0.698,160.891,
14,accepted,1.526,160.891,
31,accepted,1.132,127.144,
19,accepted,0.000,125.677,
13,accepted,0.499,131.079,
0,accepted,0.000,131.079,
7,accepted,1.500,140.814,
6,accepted,1.000,140.814,
3,accepted,0.500,131.193,
11,accepted,0.500,136.705,
28,accepted,0.500,136.705,
1,accepted,1.001,131.108,
8,accepted,3.501,136.705,
26,accepted,0.499,143.631,
30,accepted,1.032,145.027,
2,accepted,0.500,113.959,
5,accepted,0.530,147.622,
24,accepted,1.032,147.622,
25,accepted,0.000,123.838,
21,accepted,0.503,116.838,
29,accepted,0.503,129.633,
15,accepted,0.000,133.170,
23,accepted,2.093,133.170,
17,accepted,2.038,133.170,
27,accepted,2.038,133.670,
12,accepted,3.093,134.627,
4,accepted,1.519,114.445,
20,accepted,1.011,127.950,
16,accepted,3.505,132.963,
10,accepted,1.004,126.069,
22,accepted,0.579,134.455,
9,accepted,0.683,135.087,
18,accepted,0.683,135.087,
31,accepted,0.499,136.455,
19,accepted,0.000,132.914,
14,accepted,0.000,136.455,
13,accepted,1.543,127.512,
0,accepted,1.004,140.058,
11,accepted,0.000,124.963,
6,accepted,0.500,135.991,
7,accepted,0.500,141.417,
3,accepted,0.500,135.901,
1,accepted,0.000,134.690,
8,accepted,0.000,134.690,
28,accepted,0.499,134.690,
26,accepted,0.499,127.764,
30,accepted,1.006,132.017,
24,accepted,1.006,127.388,
2,accepted,1.500,127.888,
5,accepted,1.000,134.399,
25,accepted,1.500,130.020,
21,accepted,1.000,131.521,
29,accepted,0.000,137.325,
15,accepted,1.002,127.913,
17,accepted,2.000,137.286,
27,accepted,0.499,137.286,
23,accepted,3.501,137.786,
12,accepted,1.501,135.829,
4,accepted,0.000,133.332,
20,accepted,2.006,118.824,
16,accepted,2.615,115.650,
10,accepted,0.500,125.829,
22,accepted,1.200,121.311,
18,accepted,0.562,126.249,
9,accepted,0.499,131.322,
14,accepted,0.000,134.184,
19,accepted,0.000,134.184,
13,accepted,0.499,134.184,
31,accepted,0.000,134.184,
0,accepted,2.079,131.300,
11,accepted,0.500,123.119,
1,accepted,0.000,126.464,
6,accepted,2.500,136.190,
7,accepted,1.500,130.764,
8,accepted,0.000,131.971,
3,accepted,0.615,136.271,
26,accepted,0.000,136.412,
28,accepted,2.004,136.412,
24,accepted,1.125,127.201,
30,accepted,0.504,130.764,
2,accepted,0.503,137.209,
25,accepted,2.002,139.201,
5,accepted,0.000,139.201,
21,accepted,3.126,137.700,
29,accepted,0.500,132.133,
15,accepted,0.570,138.490,
17,accepted,2.008,128.617,
23,accepted,0.000,134.581,
12,accepted,1.645,140.086,
27,accepted,1.645,140.086,
4,accepted,1.645,131.571,
20,accepted,1.499,136.076,
16,accepted,0.000,132.233,
10,accepted,0.000,125.941,
22,accepted,1.430,138.065,
18,accepted,0.000,146.170,
9,accepted,0.000,146.606,
14,accepted,0.000,141.744,
19,accepted,2.001,141.744,
13,accepted,1.000,146.252,
7,accepted,1.003,129.476,
31,accepted,0.000,156.711,
0,accepted,0.505,147.048,
11,accepted,0.505,142.547,
3,accepted,1.500,129.629,
6,accepted,0.499,146.666,
1,accepted,5.000,146.666,
26,accepted,1.004,142.225,
24,accepted,1.454,151.757,
8,accepted,1.004,156.198,
28,accepted,3.463,156.764,
30,accepted,2.933,156.764,
2,accepted,1.499,153.262,
25,accepted,0.500,153.387,
5,accepted,0.670,153.387,
21,accepted,0.000,154.886,
29,accepted,1.128,148.866,
15,accepted,1.508,153.074,
17,accepted,0.000,156.071,
23,accepted,0.000,151.615,
12,accepted,0.499,151.621,
4,accepted,1.499,156.129,
27,accepted,1.499,159.639,
20,accepted,0.500,157.144,
16,accepted,0.500,155.644,
10,accepted,0.000,150.757,
22,accepted,0.000,145.486,
18,accepted,0.999,149.973,
14,accepted,0.000,150.469,
13,accepted,1.003,147.461,
19,accepted,0.000,151.969,
9,accepted,0.000,151.969,
31,accepted,0.000,151.765,
7,accepted,0.504,151.765,
11,accepted,0.000,151.765,
3,accepted,0.504,146.105,
6,accepted,4.002,134.576,
0,accepted,0.000,151.765,
1,accepted,0.498,142.855,
26,accepted,0.000,137.347,
8,accepted,0.655,127.815,
28,accepted,0.501,122.807,
24,accepted,0.501,140.647,
30,accepted,0.000,138.324,
2,accepted,1.004,136.940,
25,accepted,0.504,128.311,
21,accepted,0.504,132.310,
29,accepted,0.503,136.832,
15,accepted,0.000,118.143,
5,accepted,2.004,145.344,
23,accepted,0.504,126.736,
17,accepted,1.001,132.250,
12,accepted,0.499,135.654,
20,accepted,1.594,131.099,
4,accepted,0.502,136.618,
27,accepted,0.502,133.107,
16,accepted,2.000,133.210,
10,accepted,0.578,135.736,
22,accepted,0.000,131.398,
14,accepted,1.501,119.363,
18,accepted,1.183,125.368,
19,accepted,0.499,126.380,
9,accepted,0.503,126.380,
13,accepted,0.000,132.795,
6,accepted,0.499,124.142,
3,accepted,0.499,129.658,
31,accepted,1.253,129.658,
11,accepted,0.499,129.658,
26,accepted,0.499,128.379,
0,accepted,3.752,136.658,
7,accepted,2.254,138.666,
1,accepted,0.000,133.386,
8,accepted,0.000,133.386,
24,accepted,0.501,121.554,
28,accepted,0.000,141.398,
30,accepted,5.004,136.400,
2,accepted,2.000,132.284,
25,accepted,0.000,136.284,
21,accepted,0.598,130.787,
29,accepted,0.501,132.236,
23,accepted,0.688,124.160,
15,accepted,1.499,137.258,
5,accepted,1.499,137.258,
17,accepted,1.003,124.665,
12,accepted,2.000,136.779,
4,accepted,2.594,131.308,
20,accepted,0.000,131.308,
16,accepted,0.499,134.084,
27,accepted,0.000,136.695,
10,accepted,4.002,135.489,
22,accepted,0.000,137.187,
14,accepted,1.000,125.686,
9,accepted,0.000,121.749,
19,accepted,0.500,129.260,
13,accepted,0.000,122.844,
18,accepted,0.500,137.777,
6,accepted,1.501,137.272,
3,accepted,0.499,131.756,
31,accepted,0.500,131.756,
11,accepted,0.000,135.757,
0,accepted,2.002,128.756,
26,accepted,0.501,133.207,
8,accepted,2.000,128.200,
7,accepted,0.000,131.200,
24,accepted,2.000,133.783,
1,accepted,0.500,136.199,
28,accepted,0.000,135.832,
30,accepted,0.000,125.313,
2,accepted,0.000,131.918,
21,accepted,1.000,129.357,
25,accepted,2.000,140.260,
23,accepted,0.000,124.938,
29,accepted,0.000,129.960,
5,accepted,0.577,129.441,
15,accepted,0.000,130.950,
17,accepted,1.509,135.454,
12,accepted,1.047,124.899,
16,accepted,0.534,126.367,
4,accepted,0.000,137.420,
27,accepted,3.001,139.043,
20,accepted,0.500,144.429,
10,accepted,0.500,138.137,
14,accepted,0.500,133.936,
22,accepted,1.500,140.442,
9,accepted,0.000,137.862,
19,accepted,0.000,130.352,
18,accepted,0.507,134.361,
13,accepted,1.133,137.875,
3,accepted,2.500,134.700,
31,accepted,0.686,139.847,
6,accepted,0.000,139.847,
11,accepted,2.000,137.351,
0,accepted,2.500,138.859,
26,accepted,0.000,135.913,
8,accepted,0.000,138.874,
7,accepted,0.500,138.874,
24,accepted,0.000,133.397,
1,accepted,0.000,138.482,
30,accepted,1.501,130.837,
28,accepted,0.500,137.805,
2,accepted,0.000,135.169,
21,accepted,1.025,140.100,
25,accepted,0.499,134.372,
23,accepted,2.026,137.752,
29,accepted,0.501,137.752,
5,accepted,2.010,135.717,
15,accepted,0.000,134.208,
17,accepted,0.500,129.822,
12,accepted,0.499,132.869,
16,accepted,0.499,126.014,
4,accepted,0.500,120.348,
27,accepted,0.000,125.238,
20,accepted,0.503,136.254,
10,accepted,0.504,133.228,
22,accepted,0.500,125.211,
19,accepted,0.000,127.720,
9,accepted,0.000,127.720,
14,accepted,0.603,136.226,
13,accepted,1.551,120.197,
18,accepted,0.802,129.224,
3,accepted,3.003,130.224,
31,accepted,0.555,129.856,
6,accepted,0.000,129.856,
11,accepted,0.000,133.911,
8,accepted,0.504,130.998,
26,accepted,0.621,133.960,
0,accepted,0.621,135.464,
7,accepted,3.004,135.923,
1,accepted,0.000,128.317,
24,accepted,2.005,134.819,
30,accepted,0.000,133.916,
28,accepted,0.000,128.804,
2,accepted,0.000,123.329,
21,accepted,3.001,125.121,
25,accepted,0.000,137.470,
29,accepted,3.000,136.905,
23,accepted,1.500,136.905,
15,accepted,0.500,137.439,
5,accepted,0.500,138.967,
17,accepted,0.500,142.838,
4,accepted,1.203,129.311,
12,accepted,1.504,129.311,
16,accepted,2.001,134.314,
27,accepted,3.537,125.850,
20,accepted,0.000,137.359,
10,accepted,0.000,137.359,
22,accepted,0.504,140.369,
19,accepted,0.000,135.861,
13,accepted,0.000,146.884,
14,accepted,0.000,146.884,
9,accepted,0.000,146.884,
18,accepted,0.595,141.370,
3,accepted,0.500,127.006,
6,accepted,0.503,124.738,
31,accepted,0.501,145.109,
11,accepted,1.499,140.719,
8,accepted,0.000,144.666,
26,accepted,0.000,146.166,
0,accepted,0.000,146.665,
7,accepted,0.000,143.720,
1,accepted,0.500,143.720,
24,accepted,1.999,149.250,
2,accepted,1.999,141.795,
30,accepted,0.000,150.674,
28,accepted,0.000,150.318,
21,accepted,0.000,142.156,
25,accepted,0.000,132.642,
29,accepted,1.005,144.190,
23,accepted,1.001,155.104,
15,accepted,0.000,152.102,
5,accepted,0.503,155.691,
17,accepted,0.503,147.191,
16,accepted,0.503,144.484,
12,accepted,0.501,155.491,
27,accepted,0.500,148.994,
4,accepted,0.501,157.432,
20,accepted,0.000,257.842,
10,accepted,0.999,269.363,
22,accepted,0.000,266.851,
19,accepted,0.500,272.863,
13,accepted,0.000,261.840,
14,accepted,1.000,261.840,
18,accepted,1.000,267.350,
9,accepted,1.000,267.350,
3,accepted,0.633,261.344,
6,accepted,2.500,258.834,
31,accepted,0.623,241.469,
11,accepted,3.509,257.313,
26,accepted,0.571,257.819,
8,accepted,3.509,259.319,
7,accepted,0.000,256.905,
1,accepted,0.000,258.411,
24,accepted,0.000,254.889,
0,accepted,0.000,262.399,
2,accepted,0.000,254.889,
28,accepted,0.938,249.867,
30,accepted,0.504,251.366,
29,accepted,0.000,233.325,
21,accepted,0.000,258.383,
25,accepted,2.000,250.873,
23,accepted,0.000,253.464,
15,accepted,0.000,253.464,
16,accepted,0.998,246.048,
5,accepted,0.000,251.345,
17,accepted,2.497,251.846,
27,accepted,1.003,243.102,
12,accepted,0.000,245.043,
20,accepted,1.193,119.742,
4,accepted,0.000,251.115,
10,accepted,2.501,125.253,
22,accepted,0.504,133.676,
18,accepted,0.500,126.770,
14,accepted,0.500,134.789,
9,accepted,0.622,129.279,
13,accepted,0.000,134.789,
19,accepted,0.500,134.789,
3,accepted,0.000,131.296,
11,accepted,0.000,116.345,
6,accepted,0.500,136.865,
31,accepted,0.500,136.361,
26,accepted,0.500,122.240,
7,accepted,0.500,134.397,
1,accepted,0.501,132.891,
2,accepted,0.501,133.474,
8,accepted,1.500,138.554,
30,accepted,4.000,131.473,
24,accepted,1.502,135.429,
0,accepted,1.502,135.429,
28,accepted,1.000,133.474,
21,accepted,2.508,128.457,
29,accepted,0.000,128.457,
25,accepted,1.508,134.964,
16,accepted,1.005,130.872,
23,accepted,0.000,133.871,
5,accepted,0.499,132.373,
15,accepted,1.005,135.371,
27,accepted,2.026,130.872,
17,accepted,0.000,133.871,
4,accepted,0.501,124.359,
12,accepted,3.024,135.372,
10,accepted,0.000,110.328,
20,accepted,0.500,131.725,
22,accepted,2.104,107.925,
19,accepted,2.000,237.451,
18,accepted,3.545,239.959,
26,accepted,0.600,219.471,
13,accepted,3.000,242.972,
31,accepted,1.734,231.377,
14,accepted,2.000,242.972,
9,accepted,3.545,242.972,
11,accepted,1.502,234.882,
3,accepted,1.001,239.951,
6,accepted,0.000,234.382,
1,accepted,0.000,206.251,
7,accepted,1.000,249.303,
2,accepted,0.500,248.242,
8,accepted,2.000,248.242,
30,accepted,2.000,248.746,
0,accepted,1.001,248.290,
24,accepted,0.501,250.466,
28,accepted,1.001,249.420,
21,accepted,1.000,251.420,
29,accepted,0.499,251.420,
16,accepted,0.500,216.453,
25,accepted,0.499,253.435,
23,accepted,1.000,223.976,
15,accepted,1.500,259.504,
17,accepted,0.000,257.505,
5,accepted,2.005,261.012,
27,accepted,0.000,259.013,
4,accepted,0.000,259.337,
22,accepted,1.500,246.819,
12,accepted,1.998,258.320,
10,accepted,0.998,261.511,
20,accepted,1.500,257.145,
13,accepted,1.000,149.858,
19,accepted,2.675,155.380,
26,accepted,4.000,150.857,
18,accepted,2.999,156.379,
3,accepted,1.000,150.355,
7,accepted,0.632,109.774,
31,accepted,0.000,156.332,
11,accepted,0.999,157.322,
6,accepted,1.999,157.322,
14,accepted,0.500,157.824,
1,accepted,0.999,157.322,
8,accepted,0.498,112.740,
9,accepted,0.999,157.824,
2,accepted,0.503,138.329,
0,accepted,0.500,143.475,
30,accepted,0.500,144.980,
24,accepted,0.500,142.804,
21,accepted,0.000,138.807,
29,accepted,0.000,139.307,
25,accepted,1.500,136.285,
28,accepted,0.000,151.306,
16,accepted,5.001,145.806,
15,accepted,0.550,101.256,
23,accepted,0.500,138.284,
17,accepted,1.001,134.838,
27,accepted,2.000,134.830,
4,accepted,2.000,138.475,
22,accepted,0.999,138.475,
5,accepted,2.000,146.544,
10,accepted,1.466,139.545,
20,accepted,1.466,141.351,
12,accepted,0.500,144.543,
13,accepted,1.002,128.359,
19,accepted,0.999,133.759,
11,accepted,0.501,127.729,
26,accepted,5.000,134.696,
31,accepted,0.499,132.258,
3,accepted,5.000,137.732,
18,accepted,2.001,137.732,
14,accepted,0.000,137.431,
8,accepted,0.501,137.931,
7,accepted,0.499,142.427,
9,accepted,0.501,137.931,
6,accepted,0.500,137.931,
2,accepted,0.000,112.342,
1,accepted,0.000,137.931,
0,accepted,0.000,105.192,
24,accepted,0.500,121.709,
30,accepted,0.500,131.727,
28,accepted,0.499,127.726,
29,accepted,0.499,134.225,
21,accepted,0.000,134.726,
23,accepted,0.000,131.231,
15,accepted,0.500,131.231,
25,accepted,0.000,137.732,
16,accepted,0.000,137.233,
17,accepted,2.642,103.656,
27,accepted,0.504,119.618,
22,accepted,0.689,130.765,
4,accepted,0.689,132.267,
5,accepted,0.000,129.521,
20,accepted,1.501,133.723,
10,accepted,2.000,137.031,
12,accepted,2.000,135.225,
13,accepted,0.000,108.178,
19,accepted,0.503,134.827,
18,accepted,2.499,131.359,
31,accepted,1.500,131.359,
11,accepted,4.000,134.396,
7,accepted,1.500,127.695,
26,accepted,3.499,142.898,
9,accepted,1.501,132.696,
3,accepted,3.000,139.861,
14,accepted,0.000,133.196,
1,accepted,0.500,132.696,
6,accepted,3.000,132.696,
24,accepted,0.999,119.135,
8,accepted,0.000,137.156,
2,accepted,0.500,137.156,
0,accepted,0.000,137.156,
29,accepted,1.000,105.676,
30,accepted,1.501,114.683,
21,accepted,0.000,135.686,
28,accepted,0.000,135.686,
25,accepted,2.000,130.852,
16,accepted,2.000,134.904,
15,accepted,2.499,139.406,
23,accepted,2.516,139.406,
27,accepted,0.000,120.945,
17,accepted,0.500,138.407,
22,accepted,0.498,104.328,
4,accepted,3.003,134.846,
5,accepted,0.499,134.001,
20,accepted,0.505,129.997,
12,accepted,0.558,136.225,
13,accepted,0.501,137.734,
10,accepted,0.501,137.734,
19,accepted,0.000,114.126,
18,accepted,1.056,135.654,
31,accepted,2.058,135.654,
11,accepted,2.058,137.174,
7,accepted,2.115,135.219,
9,accepted,1.501,131.741,
14,accepted,1.552,131.741,
6,accepted,0.000,131.741,
2,accepted,0.000,132.140,
24,accepted,0.500,132.140,
26,accepted,0.000,136.600,
1,accepted,0.500,136.600,
3,accepted,0.500,137.750,
30,accepted,0.000,129.225,
0,accepted,2.504,134.792,
29,accepted,1.573,134.732,
21,accepted,0.000,112.974,
8,accepted,0.569,144.543,
28,accepted,0.000,123.695,
25,accepted,0.506,134.541,
16,accepted,2.006,132.489,
15,accepted,0.505,135.989,
23,accepted,0.505,135.989,
27,accepted,2.500,135.981,
4,accepted,0.504,103.961,
17,accepted,0.000,135.981,
22,accepted,1.499,135.981,
5,accepted,0.000,133.587,
20,accepted,0.000,134.108,
12,accepted,3.653,131.897,
19,accepted,0.501,126.458,
13,accepted,0.501,134.899,
10,accepted,1.276,136.898,
18,accepted,1.521,123.069,
31,accepted,0.999,135.664,
7,accepted,2.000,132.598,
6,accepted,1.500,134.083,
30,accepted,0.500,128.546,
11,accepted,6.022,139.126,
3,accepted,1.500,130.048,
2,accepted,1.500,131.197,
1,accepted,0.000,131.197,
9,accepted,2.000,136.056,
24,accepted,0.500,131.197,
14,accepted,1.000,136.056,
26,accepted,0.500,133.092,
0,accepted,0.999,130.440,
29,accepted,0.500,133.580,
21,accepted,1.501,126.826,
28,accepted,0.501,116.105,
8,accepted,2.001,131.703,
25,accepted,0.000,133.613,
16,accepted,2.026,136.642,
23,accepted,1.511,133.141,
27,accepted,1.004,128.142,
15,accepted,2.026,134.640,
4,accepted,0.499,134.641,
22,accepted,3.212,134.641,
17,accepted,0.499,134.641,
5,accepted,1.038,107.871,
20,accepted,0.000,133.265,
12,accepted,0.000,134.253,
13,accepted,0.499,129.743,
10,accepted,0.000,132.653,
19,accepted,1.000,134.652,
31,accepted,0.603,102.413,
18,accepted,0.000,115.008,
6,accepted,0.504,123.521,
30,accepted,1.500,131.904,
7,accepted,1.504,136.885,
14,accepted,2.001,136.413,
21,accepted,1.001,128.381,
11,accepted,2.501,136.914,
2,accepted,2.000,136.914,
0,accepted,1.000,135.020,
29,accepted,1.000,130.381,
1,accepted,1.500,139.414,
9,accepted,1.501,139.414,
26,accepted,1.501,137.519,
24,accepted,1.500,139.414,
3,accepted,2.000,139.414,
28,accepted,1.001,131.881,
8,accepted,0.499,128.504,
25,accepted,1.678,100.354,
27,accepted,0.502,128.922,
16,accepted,0.502,132.433,
23,accepted,0.502,135.931,
22,accepted,1.005,129.932,
15,accepted,0.000,134.933,
5,accepted,1.599,125.924,
17,accepted,3.501,132.932,
4,accepted,0.000,132.932,
20,accepted,1.861,102.504,
13,accepted,3.498,135.576,
12,accepted,0.999,135.576,
19,accepted,1.500,133.667,
31,accepted,1.500,133.667,
6,accepted,1.002,110.052,
10,accepted,2.501,134.167,
18,accepted,1.500,134.167,
7,accepted,0.999,102.700,
30,accepted,1.510,124.833,
14,accepted,0.501,131.326,
2,accepted,0.501,132.326,
1,accepted,0.000,131.317,
9,accepted,1.001,131.317,
21,accepted,0.500,137.303,
28,accepted,0.500,133.804,
0,accepted,0.000,136.802,
29,accepted,0.000,136.802,
24,accepted,0.500,134.303,
11,accepted,1.001,136.802,
26,accepted,0.000,134.303,
8,accepted,0.498,132.303,
3,accepted,0.498,134.303,
25,accepted,4.000,137.459,
27,accepted,0.000,103.862,
16,accepted,0.501,103.357,
22,accepted,1.500,131.934,
4,accepted,0.499,135.941,
5,accepted,1.999,137.439,
20,accepted,0.000,132.942,
17,accepted,0.999,135.941,
23,accepted,1.999,139.442,
15,accepted,1.999,138.942,
13,accepted,0.000,130.070,
6,accepted,4.498,127.959,
10,accepted,2.502,129.567,
18,accepted,2.001,132.575,
7,accepted,2.001,129.570,
31,accepted,2.001,133.075,
12,accepted,2.502,136.076,
19,accepted,2.001,134.900,
2,accepted,0.000,96.759,
30,accepted,0.503,109.263,
14,accepted,0.498,98.260,
1,accepted,0.501,132.317,
24,accepted,1.002,130.884,
11,accepted,1.002,132.016,
29,accepted,1.002,132.016,
9,accepted,3.001,135.002,
0,accepted,1.002,132.016,
21,accepted,3.002,132.016,
28,accepted,0.500,132.016,
25,accepted,0.498,128.862,
3,accepted,0.000,137.405,
8,accepted,0.504,137.405,
16,accepted,1.434,129.244,
22,accepted,0.500,96.668,
26,accepted,0.000,143.758,
27,accepted,1.434,141.277,
4,accepted,1.000,132.239,
20,accepted,1.675,132.239,
17,accepted,1.000,135.367,
23,accepted,1.000,136.868,
15,accepted,0.500,136.868,
5,accepted,1.675,136.868,
13,accepted,1.004,104.668,
6,accepted,0.687,103.278,
10,accepted,0.501,133.889,
18,accepted,0.000,130.881,
14,accepted,3.576,130.563,
2,accepted,0.000,130.563,
19,accepted,0.000,130.563,
31,accepted,0.000,140.912,
30,accepted,3.080,140.232,
12,accepted,0.500,143.062,
7,accepted,0.500,148.569,
1,accepted,0.500,109.695,
24,accepted,0.499,108.142,
29,accepted,1.000,108.511,
11,accepted,1.501,135.086,
0,accepted,0.500,135.086,
9,accepted,1.001,135.086,
21,accepted,0.502,135.086,
28,accepted,0.999,135.656,
8,accepted,0.000,131.273,
16,accepted,0.501,140.958,
3,accepted,0.501,143.815,
22,accepted,0.498,143.815,
27,accepted,0.501,134.787,
25,accepted,1.499,147.202,
26,accepted,0.501,137.462,
13,accepted,0.504,122.975,
4,accepted,0.000,133.616,
17,accepted,0.000,130.488,
5,accepted,1.145,135.368,
20,accepted,1.145,141.118,
18,accepted,0.499,100.263,
15,accepted,1.145,136.990,
6,accepted,0.501,133.482,
23,accepted,0.505,139.490,
19,accepted,0.000,133.923,
2,accepted,0.571,133.923,
10,accepted,0.571,135.430,
14,accepted,0.504,135.421,
12,accepted,0.000,124.747,
1,accepted,0.000,119.241,
30,accepted,0.499,125.752,
31,accepted,0.000,127.398,
24,accepted,0.500,120.242,
7,accepted,0.000,126.243,
29,accepted,0.000,126.242,
9,accepted,1.500,99.667,
0,accepted,1.003,134.220,
26,accepted,0.501,122.112,
21,accepted,1.500,136.230,
22,accepted,1.001,122.112,
11,accepted,2.004,136.230,
28,accepted,3.000,135.659,
8,accepted,2.000,134.655,
25,accepted,0.000,124.512,
3,accepted,0.000,126.450,
27,accepted,0.000,126.450,
16,accepted,0.000,129.307,
13,accepted,1.002,95.574,
23,accepted,0.500,136.210,
10,accepted,1.000,103.543,
4,accepted,0.000,146.712,
17,accepted,0.501,146.712,
14,accepted,1.509,102.044,
18,accepted,1.663,139.211,
20,accepted,0.999,139.711,
6,accepted,0.501,138.210,
15,accepted,0.000,139.211,
5,accepted,2.499,140.833,
30,accepted,1.000,115.567,
2,accepted,2.005,134.628,
1,accepted,2.005,133.130,
19,accepted,2.005,134.628,
7,accepted,0.499,126.127,
0,accepted,1.508,101.112,
9,accepted,0.000,137.164,
29,accepted,0.600,137.164,
12,accepted,1.000,146.168,
31,accepted,0.499,146.166,
24,accepted,1.000,145.665,
26,accepted,0.000,133.902,
28,accepted,0.595,133.902,
21,accepted,0.000,134.401,
22,accepted,0.000,134.401,
27,accepted,0.000,131.565,
13,accepted,0.000,131.565,
16,accepted,0.501,131.565,
3,accepted,0.000,131.565,
11,accepted,0.501,137.902,
8,accepted,0.000,139.799,
25,accepted,0.501,144.984,
23,accepted,3.999,125.535,
2,accepted,0.000,98.949,
4,accepted,4.498,135.045,
30,accepted,2.499,123.579,
17,accepted,5.000,137.102,
20,accepted,2.998,136.601,
6,accepted,2.499,136.601,
15,accepted,0.999,136.601,
10,accepted,2.499,137.102,
18,accepted,1.000,138.122,
14,accepted,1.498,140.969,
5,accepted,2.499,140.468,
7,accepted,0.000,139.599,
1,accepted,0.000,144.607,
19,accepted,0.000,144.607,
9,accepted,0.499,134.541,
0,accepted,0.000,136.041,
31,accepted,0.500,139.040,
12,accepted,0.000,142.540,
24,accepted,2.001,147.549,
29,accepted,0.504,149.049,
26,accepted,0.499,115.749,
22,accepted,0.000,120.751,
21,accepted,1.501,145.306,
27,accepted,3.141,145.304,
3,accepted,2.000,145.304,
28,accepted,2.142,147.305,
11,accepted,2.000,144.306,
13,accepted,1.500,146.305,
31,unfinished,0.000,42.546,context deadline exceeded
26,unfinished,0.000,33.538,"Get ""http://127.0.0.1:18080/"": context deadline exceeded"
27,unfinished,0.000,1.981,"Get ""http://127.0.0.1:18080/"": context deadline exceeded"
0,unfinished,0.500,48.046,"Get ""http://127.0.0.1:18080/.within.website/x/cmd/anubis/api/pass-challenge?elapsedTime=0.500&id=01a0f011-a405-75fb-9872-0cf6f2008db4&nonce=43566&redir=%2F&response=000070d00613474fbad64766b08c68a811dd4607866d7ed44fb1f28e48741e82"": context deadline exceeded"
29,unfinished,0.000,33.538,"Get ""http://127.0.0.1:18080/"": context deadline exceeded"
20,unfinished,3.002,89.107,"Get ""http://127.0.0.1:18080/.within.website/x/cmd/anubis/api/pass-challenge?elapsedTime=3.002&id=01a0f011-a3ec-7573-8abc-43da656e36f2&nonce=81140&redir=%2F&response=00002c56763c6bd6a73f2133d3dd792725181aef7f76d9f920cf3be0ac1df5bc"": context deadline exceeded"
7,unfinished,0.500,56.029,"Get ""http://127.0.0.1:18080/.within.website/x/cmd/anubis/api/pass-challenge?elapsedTime=0.500&id=01a0f011-a3f2-725a-9e3f-3b4f00d86634&nonce=83199&redir=%2F&response=00002b30d238f4bfe61f0ebf46aff134c320cd4eaa55a14a7311cc48df37c3fe"": context deadline exceeded"
13,unfinished,0.000,1.485,"Get ""http://127.0.0.1:18080/"": context deadline exceeded"
10,unfinished,1.000,89.612,"Get ""http://127.0.0.1:18080/.within.website/x/cmd/anubis/api/pass-challenge?elapsedTime=1.000&id=01a0f011-a3ec-71cc-ac32-bf52f5ed44cb&nonce=8051&redir=%2F&response=000038b93cb0ee8101ce1508bcfee836e85a6dce4c9a0566abfd733ee9684c4e"": context deadline exceeded"
21,unfinished,0.000,3.986,"Get ""http://127.0.0.1:18080/"": context deadline exceeded"
2,unfinished,0.000,96.679,"Get ""http://127.0.0.1:18080/"": context deadline exceeded"
19,unfinished,1.000,51.021,"Get ""http://127.0.0.1:18080/.within.website/x/cmd/anubis/api/pass-challenge?elapsedTime=1.000&id=01a0f011-a3fe-7eea-81c8-5c11f36dcee9&nonce=58439&redir=%2F&response=0000d118841e00d8079e22fa25893ba469861541e615bf9631352d31770f43a3"": context deadline exceeded"
11,unfinished,0.000,1.485,"Get ""http://127.0.0.1:18080/"": context deadline exceeded"
8,unfinished,0.504,143.894,"Get ""http://127.0.0.1:18080/"": context deadline exceeded"
30,unfinished,2.077,89.612,"Get ""http://127.0.0.1:18080/.within.website/x/cmd/anubis/api/pass-challenge?elapsedTime=2.077&id=01a0f011-a3eb-776c-ba00-f41714e31af7&nonce=90968&redir=%2F&response=0000104dcc871852c2c9e3c6e162ebf79828a2481425731448686b076a050700"": context deadline exceeded"
22,unfinished,0.000,28.541,"Get ""http://127.0.0.1:18080/"": context deadline exceeded"
28,unfinished,0.000,2.486,"Get ""http://127.0.0.1:18080/"": context deadline exceeded"
17,unfinished,3.002,89.612,"Get ""http://127.0.0.1:18080/.within.website/x/cmd/anubis/api/pass-challenge?elapsedTime=3.002&id=01a0f011-a3ec-7500-b712-2772b15d2341&nonce=72244&redir=%2F&response=0000e7bdeba5a276b5cf4767d6e8a8c0401bcaedde4954aba10ff56869ec880c"": context deadline exceeded"
23,unfinished,0.504,101.178,"Get ""http://127.0.0.1:18080/"": context deadline exceeded"
25,unfinished,0.000,136.309,"Get ""http://127.0.0.1:18080/"": context deadline exceeded"
18,unfinished,1.000,88.090,"Get ""http://127.0.0.1:18080/.within.website/x/cmd/anubis/api/pass-challenge?elapsedTime=1.000&id=01a0f011-a3eb-7e3c-ad6e-167023516b40&nonce=64174&redir=%2F&response=0000ad774cdc5d5d0e530d4672176b9bf29f6765c4507b4da372acb9bfc7de87"": context deadline exceeded"
24,unfinished,0.000,34.541,"Get ""http://127.0.0.1:18080/"": context deadline exceeded"
6,unfinished,0.000,89.612,"Get ""http://127.0.0.1:18080/.within.website/x/cmd/anubis/api/pass-challenge?elapsedTime=0.000&id=01a0f011-a3eb-7bf1-8934-7ecb55fce2be&nonce=78485&redir=%2F&response=0000b9151b8b5f086e8a88de2d9915215682852936b9fee1c98b1733283235c8"": context deadline exceeded"
16,unfinished,1.500,147.790,"Get ""http://127.0.0.1:18080/"": context deadline exceeded"
14,unfinished,6.001,85.744,"Get ""http://127.0.0.1:18080/.within.website/x/cmd/anubis/api/pass-challenge?elapsedTime=6.001&id=01a0f011-a3ed-765f-a98d-af8d92a3f995&nonce=217876&redir=%2F&response=0000291678ec16e84003ecf2d11dff152bc25a495ebece39a6316d26a405f7ca"": context deadline exceeded"
12,unfinished,0.000,40.049,"Get ""http://127.0.0.1:18080/"": context deadline exceeded"
9,unfinished,0.500,48.046,"Get ""http://127.0.0.1:18080/.within.website/x/cmd/anubis/api/pass-challenge?elapsedTime=0.500&id=01a0f011-a402-7bb8-a8c0-b253ed52f8ed&nonce=10189&redir=%2F&response=00006e499c5b45d4b4aa033539c1cab5556cd29d9a4bdec2f28f5d330ca4d538"": context deadline exceeded"
1,unfinished,0.000,51.021,"Get ""http://127.0.0.1:18080/.within.website/x/cmd/anubis/api/pass-challenge?elapsedTime=0.000&id=01a0f011-a3f9-78a3-b4ee-293bdc5026e9&nonce=5435&redir=%2F&response=0000668e72fa8e1625e40966471ecf987c9493538556823693b66a6daf3fff07"": context deadline exceeded"
5,unfinished,4.501,85.744,"Get ""http://127.0.0.1:18080/.within.website/x/cmd/anubis/api/pass-challenge?elapsedTime=4.501&id=01a0f011-a3ed-725b-a873-e7f6985d482f&nonce=172908&redir=%2F&response=00009de4e6f5f4525235520acfeb08da3e2b7515ed4a28387c56a5c69cc3a145"": context deadline exceeded"
4,unfinished,2.575,91.668,"Get ""http://127.0.0.1:18080/.within.website/x/cmd/anubis/api/pass-challenge?elapsedTime=2.575&id=01a0f011-a3eb-76b5-8fea-d963a287bab7&nonce=141836&redir=%2F&response=00009426cec6821d19d5c0b6031616f7a176281b7e5b8f3797b5905cd8fa2a9e"": context deadline exceeded"
15,unfinished,2.501,89.612,"Get ""http://127.0.0.1:18080/.within.website/x/cmd/anubis/api/pass-challenge?elapsedTime=2.501&id=01a0f011-a3ec-7264-b52a-dbca0f446b41&nonce=38653&redir=%2F&response=0000819c38c0f3d4cc63424d62698006aee7dcb88a4d71a10b45bb54ca376073"": context deadline exceeded"
3,unfinished,0.000,2.987,"Get ""http://127.0.0.1:18080/"": context deadline exceeded"
