nginx-1  | /docker-entrypoint.sh: /docker-entrypoint.d/ is not empty, will attempt to perform configuration
nginx-1  | /docker-entrypoint.sh: Looking for shell scripts in /docker-entrypoint.d/
nginx-1  | /docker-entrypoint.sh: Launching /docker-entrypoint.d/10-listen-on-ipv6-by-default.sh
nginx-1  | 10-listen-on-ipv6-by-default.sh: info: Getting the checksum of /etc/nginx/conf.d/default.conf
nginx-1  | 10-listen-on-ipv6-by-default.sh: info: Enabled listen on IPv6 in /etc/nginx/conf.d/default.conf
nginx-1  | /docker-entrypoint.sh: Sourcing /docker-entrypoint.d/15-local-resolvers.envsh
nginx-1  | /docker-entrypoint.sh: Launching /docker-entrypoint.d/20-envsubst-on-templates.sh
nginx-1  | /docker-entrypoint.sh: Launching /docker-entrypoint.d/30-tune-worker-processes.sh
nginx-1  | /docker-entrypoint.sh: Configuration complete; ready for start up
nginx-1  | 2026-09-30T02:59:14+00:00 GET / 200 0.011 0.011
nginx-1  | 2026-09-30T02:59:14+00:00 GET /.within.website/x/cmd/anubis/api/pass-challenge 302 0.001 0.001
nginx-1  | 2026-09-30T02:59:14+00:00 GET / 200 0.002 0.002
nginx-1  | 2026-09-30T02:59:14+00:00 GET /.within.website/x/cmd/anubis/api/pass-challenge 500 0.000 0.001
nginx-1  | 2026-09-30T02:59:14+00:00 GET / 200 0.001 0.001
nginx-1  | 2026-09-30T02:59:14+00:00 GET /.within.website/x/cmd/anubis/api/pass-challenge 403 0.001 0.001
nginx-1  | 2026-09-30T02:59:15+00:00 GET / 200 0.002 0.001
nginx-1  | 2026-09-30T02:59:15+00:00 GET / 200 0.002 0.001
nginx-1  | 2026-09-30T02:59:15+00:00 GET / 200 0.001 0.002
nginx-1  | 2026-09-30T02:59:15+00:00 GET / 200 0.001 0.002
nginx-1  | 2026-09-30T02:59:15+00:00 GET / 200 0.003 0.003
nginx-1  | 2026-09-30T02:59:15+00:00 GET / 200 0.003 0.003
nginx-1  | 2026-09-30T02:59:15+00:00 GET / 200 0.002 0.002
nginx-1  | 2026-09-30T02:59:15+00:00 GET / 200 0.004 0.003
nginx-1  | 2026-09-30T02:59:15+00:00 GET / 200 0.003 0.003
nginx-1  | 2026-09-30T02:59:15+00:00 GET / 200 0.004 0.004
nginx-1  | 2026-09-30T02:59:15+00:00 GET / 200 0.003 0.003
nginx-1  | 2026-09-30T02:59:15+00:00 GET / 200 0.004 0.004
nginx-1  | 2026-09-30T02:59:15+00:00 GET / 200 0.005 0.004
nginx-1  | 2026-09-30T02:59:15+00:00 GET / 200 0.004 0.005
nginx-1  | 2026-09-30T02:59:15+00:00 GET / 200 0.003 0.004
nginx-1  | 2026-09-30T02:59:15+00:00 GET / 200 0.004 0.003
nginx-1  | 2026-09-30T02:59:15+00:00 GET / 200 0.004 0.003
nginx-1  | 2026-09-30T02:59:15+00:00 GET / 200 0.004 0.005
nginx-1  | 2026-09-30T02:59:15+00:00 GET / 200 0.004 0.004
nginx-1  | 2026-09-30T02:59:15+00:00 GET / 200 0.005 0.005
nginx-1  | 2026-09-30T02:59:15+00:00 GET / 200 0.005 0.004
nginx-1  | 2026-09-30T02:59:15+00:00 GET / 200 0.005 0.005
nginx-1  | 2026-09-30T02:59:15+00:00 GET / 200 0.005 0.004
nginx-1  | 2026-09-30T02:59:15+00:00 GET / 200 0.005 0.005
nginx-1  | 2026-09-30T02:59:15+00:00 GET / 200 0.005 0.006
nginx-1  | 2026-09-30T02:59:15+00:00 GET / 200 0.006 0.005
nginx-1  | 2026-09-30T02:59:15+00:00 GET / 200 0.006 0.005
nginx-1  | 2026-09-30T02:59:15+00:00 GET / 200 0.006 0.005
nginx-1  | 2026-09-30T02:59:15+00:00 GET / 200 0.006 0.005
nginx-1  | 2026-09-30T02:59:15+00:00 GET / 200 0.006 0.005
nginx-1  | 2026-09-30T02:59:15+00:00 GET / 200 0.006 0.006
nginx-1  | 2026-09-30T02:59:15+00:00 GET / 200 0.006 0.006
nginx-1  | 2026-09-30T02:59:17+00:00 GET /.within.website/x/cmd/anubis/api/pass-challenge 302 0.000 0.001
nginx-1  | 2026-09-30T02:59:17+00:00 GET / 200 0.001 0.001
nginx-1  | 2026-09-30T02:59:17+00:00 GET / 200 0.001 0.000
nginx-1  | 2026-09-30T02:59:18+00:00 GET /.within.website/x/cmd/anubis/api/pass-challenge 302 0.001 0.001
nginx-1  | 2026-09-30T02:59:18+00:00 GET / 200 0.001 0.001
nginx-1  | 2026-09-30T02:59:18+00:00 GET / 200 0.000 0.000
nginx-1  | 2026-09-30T02:59:22+00:00 GET /.within.website/x/cmd/anubis/api/pass-challenge 302 0.000 0.001
nginx-1  | 2026-09-30T02:59:22+00:00 GET / 200 0.001 0.001
nginx-1  | 2026-09-30T02:59:22+00:00 GET / 200 0.001 0.001
nginx-1  | 2026-09-30T02:59:23+00:00 GET /.within.website/x/cmd/anubis/api/pass-challenge 302 0.001 0.000
nginx-1  | 2026-09-30T02:59:23+00:00 GET / 200 0.001 0.001
nginx-1  | 2026-09-30T02:59:23+00:00 GET / 200 0.001 0.001
nginx-1  | 2026-09-30T02:59:28+00:00 GET /.within.website/x/cmd/anubis/api/pass-challenge 302 0.001 0.001
nginx-1  | 2026-09-30T02:59:28+00:00 GET / 200 0.001 0.001
nginx-1  | 2026-09-30T02:59:28+00:00 GET / 200 0.001 0.000
nginx-1  | 2026-09-30T02:59:30+00:00 GET /.within.website/x/cmd/anubis/api/pass-challenge 302 0.001 0.001
nginx-1  | 2026-09-30T02:59:30+00:00 GET / 200 0.001 0.001
nginx-1  | 2026-09-30T02:59:30+00:00 GET / 200 0.001 0.001
nginx-1  | 2026-09-30T02:59:31+00:00 GET /.within.website/x/cmd/anubis/api/pass-challenge 302 0.001 0.000
nginx-1  | 2026-09-30T02:59:31+00:00 GET / 200 0.001 0.001
nginx-1  | 2026-09-30T02:59:31+00:00 GET / 200 0.000 0.001
nginx-1  | 2026-09-30T02:59:31+00:00 GET /.within.website/x/cmd/anubis/api/pass-challenge 302 0.000 0.000
nginx-1  | 2026-09-30T02:59:31+00:00 GET / 200 0.001 0.001
nginx-1  | 2026-09-30T02:59:31+00:00 GET / 200 0.001 0.000
nginx-1  | 2026-09-30T02:59:34+00:00 GET /.within.website/x/cmd/anubis/api/pass-challenge 302 0.000 0.001
nginx-1  | 2026-09-30T02:59:34+00:00 GET / 200 0.000 0.001
nginx-1  | 2026-09-30T02:59:34+00:00 GET / 200 0.001 0.001
nginx-1  | 2026-09-30T02:59:34+00:00 GET /.within.website/x/cmd/anubis/api/pass-challenge 302 0.001 0.000
nginx-1  | 2026-09-30T02:59:34+00:00 GET / 200 0.001 0.001
nginx-1  | 2026-09-30T02:59:34+00:00 GET / 200 0.000 0.001
nginx-1  | 2026-09-30T02:59:34+00:00 GET /.within.website/x/cmd/anubis/api/pass-challenge 302 0.000 0.001
nginx-1  | 2026-09-30T02:59:34+00:00 GET / 200 0.001 0.000
nginx-1  | 2026-09-30T02:59:34+00:00 GET / 200 0.001 0.001
nginx-1  | 2026-09-30T02:59:37+00:00 GET /.within.website/x/cmd/anubis/api/pass-challenge 302 0.000 0.001
nginx-1  | 2026-09-30T02:59:37+00:00 GET / 200 0.000 0.001
nginx-1  | 2026-09-30T02:59:37+00:00 GET / 200 0.001 0.000
nginx-1  | 2026-09-30T02:59:38+00:00 GET /.within.website/x/cmd/anubis/api/pass-challenge 302 0.001 0.001
nginx-1  | 2026-09-30T02:59:38+00:00 GET / 200 0.000 0.001
nginx-1  | 2026-09-30T02:59:38+00:00 GET / 200 0.001 0.001
nginx-1  | 2026-09-30T02:59:38+00:00 GET /.within.website/x/cmd/anubis/api/pass-challenge 302 0.001 0.001
nginx-1  | 2026-09-30T02:59:38+00:00 GET / 200 0.000 0.001
nginx-1  | 2026-09-30T02:59:38+00:00 GET / 200 0.001 0.000
nginx-1  | 2026-09-30T02:59:44+00:00 GET /.within.website/x/cmd/anubis/api/pass-challenge 302 0.000 0.001
nginx-1  | 2026-09-30T02:59:44+00:00 GET / 200 0.001 0.000
nginx-1  | 2026-09-30T02:59:44+00:00 GET / 200 0.000 0.001
nginx-1  | 2026-09-30T02:59:45+00:00 GET /.within.website/x/cmd/anubis/api/pass-challenge 302 0.000 0.001
nginx-1  | 2026-09-30T02:59:45+00:00 GET / 200 0.001 0.000
nginx-1  | 2026-09-30T02:59:45+00:00 GET / 200 0.001 0.001
nginx-1  | 2026-09-30T02:59:52+00:00 GET /.within.website/x/cmd/anubis/api/pass-challenge 302 0.000 0.001
nginx-1  | 2026-09-30T02:59:52+00:00 GET / 200 0.000 0.000
nginx-1  | 2026-09-30T02:59:52+00:00 GET / 200 0.001 0.001
nginx-1  | 2026-09-30T02:59:53+00:00 GET /.within.website/x/cmd/anubis/api/pass-challenge 302 0.001 0.000
nginx-1  | 2026-09-30T02:59:53+00:00 GET / 200 0.001 0.001
nginx-1  | 2026-09-30T02:59:53+00:00 GET / 200 0.001 0.001
nginx-1  | 2026-09-30T02:59:54+00:00 GET /.within.website/x/cmd/anubis/api/pass-challenge 302 0.001 0.001
nginx-1  | 2026-09-30T02:59:54+00:00 GET / 200 0.001 0.001
nginx-1  | 2026-09-30T02:59:54+00:00 GET / 200 0.001 0.000
nginx-1  | 2026-09-30T02:59:55+00:00 GET /.within.website/x/cmd/anubis/api/pass-challenge 302 0.001 0.000
nginx-1  | 2026-09-30T02:59:55+00:00 GET / 200 0.001 0.000
nginx-1  | 2026-09-30T02:59:55+00:00 GET / 200 0.000 0.001
nginx-1  | 2026-09-30T02:59:56+00:00 GET /.within.website/x/cmd/anubis/api/pass-challenge 302 0.001 0.000
nginx-1  | 2026-09-30T02:59:56+00:00 GET / 200 0.000 0.001
nginx-1  | 2026-09-30T02:59:56+00:00 GET / 200 0.001 0.000
nginx-1  | 2026-09-30T02:59:56+00:00 GET /.within.website/x/cmd/anubis/api/pass-challenge 302 0.000 0.000
nginx-1  | 2026-09-30T02:59:57+00:00 GET / 200 0.001 0.000
nginx-1  | 2026-09-30T02:59:57+00:00 GET / 200 0.000 0.000
nginx-1  | 2026-09-30T02:59:57+00:00 GET /.within.website/x/cmd/anubis/api/pass-challenge 302 0.000 0.001
nginx-1  | 2026-09-30T02:59:57+00:00 GET / 200 0.000 0.000
nginx-1  | 2026-09-30T02:59:57+00:00 GET / 200 0.001 0.001
nginx-1  | 2026-09-30T02:59:59+00:00 GET /.within.website/x/cmd/anubis/api/pass-challenge 302 0.000 0.000
nginx-1  | 2026-09-30T02:59:59+00:00 GET / 200 0.001 0.000
nginx-1  | 2026-09-30T02:59:59+00:00 GET / 200 0.001 0.001
nginx-1  | 2026-09-30T03:00:01+00:00 GET /.within.website/x/cmd/anubis/api/pass-challenge 302 0.000 0.001
nginx-1  | 2026-09-30T03:00:01+00:00 GET / 200 0.001 0.000
nginx-1  | 2026-09-30T03:00:01+00:00 GET / 200 0.001 0.001
nginx-1  | 2026-09-30T03:00:02+00:00 GET /.within.website/x/cmd/anubis/api/pass-challenge 302 0.001 0.000
nginx-1  | 2026-09-30T03:00:02+00:00 GET / 200 0.000 0.001
nginx-1  | 2026-09-30T03:00:02+00:00 GET / 200 0.001 0.000
nginx-1  | 2026-09-30T03:00:04+00:00 GET /.within.website/x/cmd/anubis/api/pass-challenge 302 0.000 0.001
nginx-1  | 2026-09-30T03:00:04+00:00 GET / 200 0.000 0.000
nginx-1  | 2026-09-30T03:00:04+00:00 GET / 200 0.001 0.001
nginx-1  | 2026-09-30T03:00:07+00:00 GET /.within.website/x/cmd/anubis/api/pass-challenge 302 0.000 0.001
nginx-1  | 2026-09-30T03:00:07+00:00 GET / 200 0.001 0.000
nginx-1  | 2026-09-30T03:00:07+00:00 GET / 200 0.000 0.001
nginx-1  | 2026-09-30T03:00:08+00:00 GET /.within.website/x/cmd/anubis/api/pass-challenge 302 0.000 0.001
nginx-1  | 2026-09-30T03:00:08+00:00 GET / 200 0.001 0.001
nginx-1  | 2026-09-30T03:00:08+00:00 GET / 200 0.000 0.001
nginx-1  | 2026-09-30T03:00:10+00:00 GET /.within.website/x/cmd/anubis/api/pass-challenge 302 0.000 0.000
nginx-1  | 2026-09-30T03:00:10+00:00 GET / 200 0.001 0.000
nginx-1  | 2026-09-30T03:00:10+00:00 GET / 200 0.001 0.001
nginx-1  | 2026-09-30T03:00:11+00:00 GET /.within.website/x/cmd/anubis/api/pass-challenge 302 0.001 0.000
nginx-1  | 2026-09-30T03:00:11+00:00 GET / 200 0.001 0.000
nginx-1  | 2026-09-30T03:00:11+00:00 GET / 200 0.000 0.000
nginx-1  | 2026-09-30T03:00:12+00:00 GET /.within.website/x/cmd/anubis/api/pass-challenge 302 0.000 0.000
nginx-1  | 2026-09-30T03:00:12+00:00 GET / 200 0.001 0.000
nginx-1  | 2026-09-30T03:00:12+00:00 GET / 200 0.000 0.001
nginx-1  | 2026-09-30T03:00:12+00:00 GET /.within.website/x/cmd/anubis/api/pass-challenge 302 0.000 0.001
nginx-1  | 2026-09-30T03:00:12+00:00 GET / 200 0.000 0.001
nginx-1  | 2026-09-30T03:00:12+00:00 GET / 200 0.001 0.001
nginx-1  | 2026-09-30T03:00:14+00:00 GET /.within.website/x/cmd/anubis/api/pass-challenge 302 0.000 0.001
nginx-1  | 2026-09-30T03:00:14+00:00 GET / 200 0.000 0.001
nginx-1  | 2026-09-30T03:00:14+00:00 GET / 200 0.001 0.000
nginx-1  | 2026-09-30T03:00:17+00:00 GET /.within.website/x/cmd/anubis/api/pass-challenge 302 0.001 0.001
nginx-1  | 2026-09-30T03:00:17+00:00 GET / 200 0.000 0.001
nginx-1  | 2026-09-30T03:00:17+00:00 GET / 200 0.001 0.001
nginx-1  | 2026-09-30T03:00:22+00:00 GET /.within.website/x/cmd/anubis/api/pass-challenge 302 0.000 0.000
nginx-1  | 2026-09-30T03:00:22+00:00 GET / 200 0.001 0.000
nginx-1  | 2026-09-30T03:00:22+00:00 GET / 200 0.001 0.001
nginx-1  | 2026-09-30T03:00:23+00:00 GET /.within.website/x/cmd/anubis/api/pass-challenge 302 0.000 0.001
nginx-1  | 2026-09-30T03:00:23+00:00 GET / 200 0.000 0.000
nginx-1  | 2026-09-30T03:00:23+00:00 GET / 200 0.001 0.001
nginx-1  | 2026-09-30T03:00:28+00:00 GET /.within.website/x/cmd/anubis/api/pass-challenge 302 0.000 0.001
nginx-1  | 2026-09-30T03:00:28+00:00 GET / 200 0.001 0.000
nginx-1  | 2026-09-30T03:00:28+00:00 GET / 200 0.001 0.001
nginx-1  | 2026-09-30T03:00:34+00:00 GET /.within.website/x/cmd/anubis/api/pass-challenge 302 0.000 0.001
nginx-1  | 2026-09-30T03:00:34+00:00 GET / 200 0.000 0.000
nginx-1  | 2026-09-30T03:00:34+00:00 GET / 200 0.000 0.001
nginx-1  | 2026-09-30T03:00:46+00:00 GET /.within.website/x/cmd/anubis/api/pass-challenge 302 0.001 0.000
nginx-1  | 2026-09-30T03:00:46+00:00 GET / 200 0.001 0.001
nginx-1  | 2026-09-30T03:00:46+00:00 GET / 200 0.000 0.000
nginx-1  | 2026-09-30T03:00:47+00:00 GET /.within.website/x/cmd/anubis/api/pass-challenge 302 0.001 0.001
nginx-1  | 2026-09-30T03:00:47+00:00 GET / 200 0.000 0.001
nginx-1  | 2026-09-30T03:00:47+00:00 GET / 200 0.001 0.000
nginx-1  | 2026-09-30T03:00:47+00:00 GET /.within.website/x/cmd/anubis/api/pass-challenge 302 0.000 0.000
nginx-1  | 2026-09-30T03:00:47+00:00 GET / 200 0.001 0.000
nginx-1  | 2026-09-30T03:00:47+00:00 GET / 200 0.001 0.001
nginx-1  | 2026-09-30T03:00:50+00:00 GET /.within.website/x/cmd/anubis/api/pass-challenge 302 0.001 0.000
nginx-1  | 2026-09-30T03:00:50+00:00 GET / 200 0.001 0.000
nginx-1  | 2026-09-30T03:00:50+00:00 GET / 200 0.000 0.001
nginx-1  | 2026-09-30T03:00:50+00:00 GET /.within.website/x/cmd/anubis/api/pass-challenge 302 0.001 0.001
nginx-1  | 2026-09-30T03:00:50+00:00 GET / 200 0.000 0.001
nginx-1  | 2026-09-30T03:00:50+00:00 GET / 200 0.000 0.001
nginx-1  | 2026-09-30T03:00:50+00:00 GET /.within.website/x/cmd/anubis/api/pass-challenge 302 0.001 0.001
nginx-1  | 2026-09-30T03:00:50+00:00 GET / 200 0.000 0.000
nginx-1  | 2026-09-30T03:00:50+00:00 GET / 200 0.000 0.000
nginx-1  | 2026-09-30T03:00:56+00:00 GET /.within.website/x/cmd/anubis/api/pass-challenge 302 0.000 0.001
nginx-1  | 2026-09-30T03:00:56+00:00 GET / 200 0.001 0.000
nginx-1  | 2026-09-30T03:00:56+00:00 GET / 200 0.000 0.000
nginx-1  | 2026-09-30T03:00:56+00:00 GET /.within.website/x/cmd/anubis/api/pass-challenge 302 0.001 0.000
nginx-1  | 2026-09-30T03:00:56+00:00 GET / 200 0.000 0.001
nginx-1  | 2026-09-30T03:00:56+00:00 GET / 200 0.001 0.000
nginx-1  | 2026-09-30T03:00:58+00:00 GET /.within.website/x/cmd/anubis/api/pass-challenge 302 0.001 0.001
nginx-1  | 2026-09-30T03:00:58+00:00 GET / 200 0.001 0.001
nginx-1  | 2026-09-30T03:00:58+00:00 GET / 200 0.001 0.000
nginx-1  | 2026-09-30T03:00:59+00:00 GET /.within.website/x/cmd/anubis/api/pass-challenge 302 0.000 0.000
nginx-1  | 2026-09-30T03:00:59+00:00 GET / 200 0.001 0.001
nginx-1  | 2026-09-30T03:00:59+00:00 GET / 200 0.001 0.000
nginx-1  | 2026-09-30T03:01:00+00:00 GET /.within.website/x/cmd/anubis/api/pass-challenge 302 0.001 0.000
nginx-1  | 2026-09-30T03:01:00+00:00 GET / 200 0.000 0.001
nginx-1  | 2026-09-30T03:01:00+00:00 GET / 200 0.001 0.001
nginx-1  | 2026-09-30T03:01:01+00:00 GET /.within.website/x/cmd/anubis/api/pass-challenge 302 0.001 0.000
nginx-1  | 2026-09-30T03:01:01+00:00 GET / 200 0.001 0.001
nginx-1  | 2026-09-30T03:01:01+00:00 GET / 200 0.001 0.001
nginx-1  | 2026-09-30T03:01:02+00:00 GET /.within.website/x/cmd/anubis/api/pass-challenge 302 0.001 0.000
nginx-1  | 2026-09-30T03:01:02+00:00 GET / 200 0.000 0.001
nginx-1  | 2026-09-30T03:01:02+00:00 GET / 200 0.001 0.001
nginx-1  | 2026-09-30T03:01:04+00:00 GET /.within.website/x/cmd/anubis/api/pass-challenge 302 0.001 0.001
nginx-1  | 2026-09-30T03:01:04+00:00 GET / 200 0.000 0.001
nginx-1  | 2026-09-30T03:01:04+00:00 GET / 200 0.001 0.001
nginx-1  | 2026-09-30T03:01:04+00:00 GET /.within.website/x/cmd/anubis/api/pass-challenge 302 0.001 0.000
nginx-1  | 2026-09-30T03:01:04+00:00 GET / 200 0.001 0.000
nginx-1  | 2026-09-30T03:01:04+00:00 GET / 200 0.000 0.001
nginx-1  | 2026-09-30T03:01:05+00:00 GET /.within.website/x/cmd/anubis/api/pass-challenge 302 0.001 0.000
nginx-1  | 2026-09-30T03:01:05+00:00 GET / 200 0.000 0.001
nginx-1  | 2026-09-30T03:01:05+00:00 GET / 200 0.001 0.000
nginx-1  | 2026-09-30T03:01:06+00:00 GET /.within.website/x/cmd/anubis/api/pass-challenge 302 0.001 0.001
nginx-1  | 2026-09-30T03:01:06+00:00 GET / 200 0.000 0.000
nginx-1  | 2026-09-30T03:01:06+00:00 GET / 200 0.001 0.001
nginx-1  | 2026-09-30T03:01:10+00:00 GET /.within.website/x/cmd/anubis/api/pass-challenge 302 0.001 0.000
nginx-1  | 2026-09-30T03:01:10+00:00 GET / 200 0.001 0.001
nginx-1  | 2026-09-30T03:01:10+00:00 GET / 200 0.001 0.000
nginx-1  | 2026-09-30T03:01:16+00:00 GET /.within.website/x/cmd/anubis/api/pass-challenge 302 0.000 0.001
nginx-1  | 2026-09-30T03:01:16+00:00 GET / 200 0.001 0.000
nginx-1  | 2026-09-30T03:01:16+00:00 GET / 200 0.000 0.001
nginx-1  | 2026-09-30T03:01:16+00:00 GET /.within.website/x/cmd/anubis/api/pass-challenge 302 0.001 0.000
nginx-1  | 2026-09-30T03:01:16+00:00 GET / 200 0.001 0.001
nginx-1  | 2026-09-30T03:01:16+00:00 GET / 200 0.000 0.000
nginx-1  | 2026-09-30T03:01:17+00:00 GET /.within.website/x/cmd/anubis/api/pass-challenge 302 0.001 0.000
nginx-1  | 2026-09-30T03:01:17+00:00 GET / 200 0.001 0.000
nginx-1  | 2026-09-30T03:01:17+00:00 GET / 200 0.000 0.001
nginx-1  | 2026-09-30T03:01:18+00:00 GET /.within.website/x/cmd/anubis/api/pass-challenge 302 0.001 0.000
nginx-1  | 2026-09-30T03:01:18+00:00 GET / 200 0.000 0.001
nginx-1  | 2026-09-30T03:01:18+00:00 GET / 200 0.001 0.001
nginx-1  | 2026-09-30T03:01:19+00:00 GET /.within.website/x/cmd/anubis/api/pass-challenge 302 0.000 0.001
nginx-1  | 2026-09-30T03:01:19+00:00 GET / 200 0.001 0.000
nginx-1  | 2026-09-30T03:01:19+00:00 GET / 200 0.000 0.000
nginx-1  | 2026-09-30T03:01:21+00:00 GET /.within.website/x/cmd/anubis/api/pass-challenge 302 0.001 0.000
nginx-1  | 2026-09-30T03:01:21+00:00 GET / 200 0.001 0.001
nginx-1  | 2026-09-30T03:01:21+00:00 GET / 200 0.001 0.000
nginx-1  | 2026-09-30T03:01:24+00:00 GET /.within.website/x/cmd/anubis/api/pass-challenge 302 0.000 0.000
nginx-1  | 2026-09-30T03:01:24+00:00 GET / 200 0.001 0.001
nginx-1  | 2026-09-30T03:01:24+00:00 GET / 200 0.000 0.000
nginx-1  | 2026-09-30T03:01:28+00:00 GET /.within.website/x/cmd/anubis/api/pass-challenge 302 0.001 0.001
nginx-1  | 2026-09-30T03:01:28+00:00 GET / 200 0.001 0.001
nginx-1  | 2026-09-30T03:01:28+00:00 GET / 200 0.000 0.001
nginx-1  | 2026-09-30T03:01:29+00:00 GET /.within.website/x/cmd/anubis/api/pass-challenge 302 0.000 0.001
nginx-1  | 2026-09-30T03:01:29+00:00 GET / 200 0.001 0.000
nginx-1  | 2026-09-30T03:01:29+00:00 GET / 200 0.000 0.001
nginx-1  | 2026-09-30T03:01:29+00:00 GET /.within.website/x/cmd/anubis/api/pass-challenge 302 0.001 0.001
nginx-1  | 2026-09-30T03:01:29+00:00 GET / 200 0.000 0.000
nginx-1  | 2026-09-30T03:01:29+00:00 GET / 200 0.000 0.000
nginx-1  | 2026-09-30T03:01:29+00:00 GET /.within.website/x/cmd/anubis/api/pass-challenge 302 0.001 0.000
nginx-1  | 2026-09-30T03:01:29+00:00 GET / 200 0.001 0.000
nginx-1  | 2026-09-30T03:01:29+00:00 GET / 200 0.000 0.001
nginx-1  | 2026-09-30T03:01:30+00:00 GET /.within.website/x/cmd/anubis/api/pass-challenge 302 0.001 0.000
nginx-1  | 2026-09-30T03:01:30+00:00 GET / 200 0.001 0.000
nginx-1  | 2026-09-30T03:01:30+00:00 GET / 200 0.000 0.001
nginx-1  | 2026-09-30T03:01:31+00:00 GET /.within.website/x/cmd/anubis/api/pass-challenge 302 0.001 0.000
nginx-1  | 2026-09-30T03:01:31+00:00 GET / 200 0.001 0.001
nginx-1  | 2026-09-30T03:01:31+00:00 GET / 200 0.000 0.001
nginx-1  | 2026-09-30T03:01:32+00:00 GET /.within.website/x/cmd/anubis/api/pass-challenge 302 0.000 0.000
nginx-1  | 2026-09-30T03:01:32+00:00 GET / 200 0.001 0.000
nginx-1  | 2026-09-30T03:01:32+00:00 GET / 200 0.001 0.001
nginx-1  | 2026-09-30T03:01:32+00:00 GET /.within.website/x/cmd/anubis/api/pass-challenge 302 0.000 0.000
nginx-1  | 2026-09-30T03:01:32+00:00 GET / 200 0.001 0.001
nginx-1  | 2026-09-30T03:01:32+00:00 GET / 200 0.001 0.000
nginx-1  | 2026-09-30T03:01:33+00:00 GET /.within.website/x/cmd/anubis/api/pass-challenge 302 0.001 0.001
nginx-1  | 2026-09-30T03:01:33+00:00 GET / 200 0.000 0.001
nginx-1  | 2026-09-30T03:01:33+00:00 GET / 200 0.001 0.001
nginx-1  | 2026-09-30T03:01:36+00:00 GET /.within.website/x/cmd/anubis/api/pass-challenge 302 0.000 0.001
nginx-1  | 2026-09-30T03:01:36+00:00 GET / 200 0.000 0.001
nginx-1  | 2026-09-30T03:01:36+00:00 GET / 200 0.001 0.001
nginx-1  | 2026-09-30T03:01:36+00:00 GET /.within.website/x/cmd/anubis/api/pass-challenge 302 0.001 0.000
nginx-1  | 2026-09-30T03:01:36+00:00 GET / 200 0.000 0.001
nginx-1  | 2026-09-30T03:01:36+00:00 GET / 200 0.001 0.001
nginx-1  | 2026-09-30T03:01:38+00:00 GET /.within.website/x/cmd/anubis/api/pass-challenge 302 0.001 0.001
nginx-1  | 2026-09-30T03:01:38+00:00 GET / 200 0.000 0.001
nginx-1  | 2026-09-30T03:01:38+00:00 GET / 200 0.001 0.001
nginx-1  | 2026-09-30T03:01:38+00:00 GET /.within.website/x/cmd/anubis/api/pass-challenge 302 0.001 0.000
nginx-1  | 2026-09-30T03:01:38+00:00 GET / 200 0.001 0.001
nginx-1  | 2026-09-30T03:01:38+00:00 GET / 200 0.000 0.000
nginx-1  | 2026-09-30T03:01:52+00:00 GET /.within.website/x/cmd/anubis/api/pass-challenge 302 0.000 0.000
nginx-1  | 2026-09-30T03:01:52+00:00 GET / 200 0.001 0.000
nginx-1  | 2026-09-30T03:01:52+00:00 GET / 200 0.001 0.001
nginx-1  | 2026-09-30T03:01:54+00:00 GET /.within.website/x/cmd/anubis/api/pass-challenge 302 0.000 0.001
nginx-1  | 2026-09-30T03:01:54+00:00 GET / 200 0.000 0.000
nginx-1  | 2026-09-30T03:01:54+00:00 GET / 200 0.001 0.001
nginx-1  | 2026-09-30T03:01:54+00:00 GET /.within.website/x/cmd/anubis/api/pass-challenge 302 0.001 0.000
nginx-1  | 2026-09-30T03:01:54+00:00 GET / 200 0.001 0.000
nginx-1  | 2026-09-30T03:01:54+00:00 GET / 200 0.000 0.001
nginx-1  | 2026-09-30T03:01:55+00:00 GET /.within.website/x/cmd/anubis/api/pass-challenge 302 0.000 0.001
nginx-1  | 2026-09-30T03:01:55+00:00 GET / 200 0.000 0.001
nginx-1  | 2026-09-30T03:01:55+00:00 GET / 200 0.001 0.001
nginx-1  | 2026-09-30T03:01:57+00:00 GET /.within.website/x/cmd/anubis/api/pass-challenge 302 0.001 0.001
nginx-1  | 2026-09-30T03:01:57+00:00 GET / 200 0.000 0.000
nginx-1  | 2026-09-30T03:01:57+00:00 GET / 200 0.001 0.001
nginx-1  | 2026-09-30T03:02:05+00:00 GET /.within.website/x/cmd/anubis/api/pass-challenge 302 0.001 0.001
nginx-1  | 2026-09-30T03:02:05+00:00 GET / 200 0.001 0.001
nginx-1  | 2026-09-30T03:02:05+00:00 GET / 200 0.001 0.000
nginx-1  | 2026-09-30T03:02:11+00:00 GET /.within.website/x/cmd/anubis/api/pass-challenge 302 0.001 0.001
nginx-1  | 2026-09-30T03:02:11+00:00 GET / 200 0.000 0.000
nginx-1  | 2026-09-30T03:02:11+00:00 GET / 200 0.001 0.001
nginx-1  | 2026-09-30T03:02:15+00:00 GET /.within.website/x/cmd/anubis/api/pass-challenge 302 0.001 0.001
nginx-1  | 2026-09-30T03:02:15+00:00 GET / 200 0.001 0.001
nginx-1  | 2026-09-30T03:02:15+00:00 GET / 200 0.001 0.000
nginx-1  | 2026-09-30T03:02:15+00:00 GET /.within.website/x/cmd/anubis/api/pass-challenge 302 0.000 0.000
nginx-1  | 2026-09-30T03:02:15+00:00 GET / 200 0.000 0.001
nginx-1  | 2026-09-30T03:02:15+00:00 GET / 200 0.001 0.001
nginx-1  | 2026-09-30T03:02:22+00:00 GET /.within.website/x/cmd/anubis/api/pass-challenge 302 0.001 0.000
nginx-1  | 2026-09-30T03:02:22+00:00 GET / 200 0.001 0.001
nginx-1  | 2026-09-30T03:02:22+00:00 GET / 200 0.001 0.000
nginx-1  | 2026-09-30T03:02:22+00:00 GET /.within.website/x/cmd/anubis/api/pass-challenge 302 0.001 0.000
nginx-1  | 2026-09-30T03:02:22+00:00 GET / 200 0.001 0.000
nginx-1  | 2026-09-30T03:02:22+00:00 GET / 200 0.000 0.001
nginx-1  | 2026-09-30T03:02:23+00:00 GET /.within.website/x/cmd/anubis/api/pass-challenge 302 0.000 0.001
nginx-1  | 2026-09-30T03:02:23+00:00 GET / 200 0.001 0.000
nginx-1  | 2026-09-30T03:02:23+00:00 GET / 200 0.001 0.001
nginx-1  | 2026-09-30T03:02:24+00:00 GET /.within.website/x/cmd/anubis/api/pass-challenge 302 0.001 0.000
nginx-1  | 2026-09-30T03:02:24+00:00 GET / 200 0.000 0.001
nginx-1  | 2026-09-30T03:02:24+00:00 GET / 200 0.001 0.001
nginx-1  | 2026-09-30T03:02:26+00:00 GET /.within.website/x/cmd/anubis/api/pass-challenge 302 0.001 0.000
nginx-1  | 2026-09-30T03:02:26+00:00 GET / 200 0.001 0.000
nginx-1  | 2026-09-30T03:02:26+00:00 GET / 200 0.001 0.001
nginx-1  | 2026-09-30T03:02:27+00:00 GET /.within.website/x/cmd/anubis/api/pass-challenge 302 0.000 0.001
nginx-1  | 2026-09-30T03:02:27+00:00 GET / 200 0.001 0.000
nginx-1  | 2026-09-30T03:02:27+00:00 GET / 200 0.000 0.001
nginx-1  | 2026-09-30T03:02:28+00:00 GET /.within.website/x/cmd/anubis/api/pass-challenge 302 0.001 0.001
nginx-1  | 2026-09-30T03:02:28+00:00 GET / 200 0.000 0.001
nginx-1  | 2026-09-30T03:02:28+00:00 GET / 200 0.001 0.000
nginx-1  | 2026-09-30T03:02:32+00:00 GET /.within.website/x/cmd/anubis/api/pass-challenge 302 0.000 0.000
nginx-1  | 2026-09-30T03:02:32+00:00 GET / 200 0.001 0.000
nginx-1  | 2026-09-30T03:02:32+00:00 GET / 200 0.000 0.001
nginx-1  | 2026-09-30T03:02:35+00:00 GET /.within.website/x/cmd/anubis/api/pass-challenge 302 0.000 0.001
nginx-1  | 2026-09-30T03:02:35+00:00 GET / 200 0.000 0.000
nginx-1  | 2026-09-30T03:02:35+00:00 GET / 200 0.000 0.001
nginx-1  | 2026-09-30T03:02:36+00:00 GET /.within.website/x/cmd/anubis/api/pass-challenge 302 0.001 0.001
nginx-1  | 2026-09-30T03:02:36+00:00 GET / 200 0.001 0.001
nginx-1  | 2026-09-30T03:02:36+00:00 GET / 200 0.001 0.000
nginx-1  | 2026-09-30T03:02:38+00:00 GET /.within.website/x/cmd/anubis/api/pass-challenge 302 0.001 0.001
nginx-1  | 2026-09-30T03:02:38+00:00 GET / 200 0.000 0.000
nginx-1  | 2026-09-30T03:02:38+00:00 GET / 200 0.000 0.001
nginx-1  | 2026-09-30T03:02:48+00:00 GET /.within.website/x/cmd/anubis/api/pass-challenge 302 0.000 0.000
nginx-1  | 2026-09-30T03:02:48+00:00 GET / 200 0.001 0.000
nginx-1  | 2026-09-30T03:02:48+00:00 GET / 200 0.001 0.001
nginx-1  | 2026-09-30T03:02:48+00:00 GET /.within.website/x/cmd/anubis/api/pass-challenge 302 0.000 0.001
nginx-1  | 2026-09-30T03:02:48+00:00 GET / 200 0.001 0.000
nginx-1  | 2026-09-30T03:02:48+00:00 GET / 200 0.001 0.000
nginx-1  | 2026-09-30T03:02:49+00:00 GET /.within.website/x/cmd/anubis/api/pass-challenge 302 0.001 0.001
nginx-1  | 2026-09-30T03:02:49+00:00 GET / 200 0.000 0.000
nginx-1  | 2026-09-30T03:02:49+00:00 GET / 200 0.001 0.001
nginx-1  | 2026-09-30T03:02:50+00:00 GET /.within.website/x/cmd/anubis/api/pass-challenge 302 0.001 0.001
nginx-1  | 2026-09-30T03:02:50+00:00 GET / 200 0.000 0.001
nginx-1  | 2026-09-30T03:02:50+00:00 GET / 200 0.001 0.001
nginx-1  | 2026-09-30T03:02:52+00:00 GET /.within.website/x/cmd/anubis/api/pass-challenge 302 0.000 0.001
nginx-1  | 2026-09-30T03:02:52+00:00 GET / 200 0.000 0.000
nginx-1  | 2026-09-30T03:02:52+00:00 GET / 200 0.001 0.001
nginx-1  | 2026-09-30T03:02:55+00:00 GET /.within.website/x/cmd/anubis/api/pass-challenge 302 0.001 0.001
nginx-1  | 2026-09-30T03:02:55+00:00 GET / 200 0.000 0.001
nginx-1  | 2026-09-30T03:02:55+00:00 GET / 200 0.001 0.001
nginx-1  | 2026-09-30T03:02:57+00:00 GET /.within.website/x/cmd/anubis/api/pass-challenge 302 0.001 0.000
nginx-1  | 2026-09-30T03:02:57+00:00 GET / 200 0.001 0.000
nginx-1  | 2026-09-30T03:02:57+00:00 GET / 200 0.001 0.000
nginx-1  | 2026-09-30T03:02:58+00:00 GET /.within.website/x/cmd/anubis/api/pass-challenge 302 0.001 0.001
nginx-1  | 2026-09-30T03:02:58+00:00 GET / 200 0.001 0.000
nginx-1  | 2026-09-30T03:02:58+00:00 GET / 200 0.001 0.001
nginx-1  | 2026-09-30T03:02:59+00:00 GET /.within.website/x/cmd/anubis/api/pass-challenge 302 0.000 0.001
nginx-1  | 2026-09-30T03:02:59+00:00 GET / 200 0.000 0.001
nginx-1  | 2026-09-30T03:02:59+00:00 GET / 200 0.000 0.001
nginx-1  | 2026-09-30T03:03:02+00:00 GET /.within.website/x/cmd/anubis/api/pass-challenge 302 0.001 0.000
nginx-1  | 2026-09-30T03:03:02+00:00 GET / 200 0.001 0.001
nginx-1  | 2026-09-30T03:03:02+00:00 GET / 200 0.001 0.000
nginx-1  | 2026-09-30T03:03:04+00:00 GET /.within.website/x/cmd/anubis/api/pass-challenge 302 0.001 0.000
nginx-1  | 2026-09-30T03:03:04+00:00 GET / 200 0.001 0.001
nginx-1  | 2026-09-30T03:03:04+00:00 GET / 200 0.001 0.000
nginx-1  | 2026-09-30T03:03:07+00:00 GET /.within.website/x/cmd/anubis/api/pass-challenge 302 0.001 0.000
nginx-1  | 2026-09-30T03:03:07+00:00 GET / 200 0.001 0.001
nginx-1  | 2026-09-30T03:03:07+00:00 GET / 200 0.000 0.001
nginx-1  | 2026-09-30T03:03:10+00:00 GET /.within.website/x/cmd/anubis/api/pass-challenge 302 0.001 0.000
nginx-1  | 2026-09-30T03:03:10+00:00 GET / 200 0.001 0.001
nginx-1  | 2026-09-30T03:03:10+00:00 GET / 200 0.001 0.000
nginx-1  | 2026-09-30T03:03:11+00:00 GET /.within.website/x/cmd/anubis/api/pass-challenge 302 0.000 0.001
nginx-1  | 2026-09-30T03:03:11+00:00 GET / 200 0.001 0.000
nginx-1  | 2026-09-30T03:03:11+00:00 GET / 200 0.000 0.001
nginx-1  | 2026-09-30T03:03:11+00:00 GET /.within.website/x/cmd/anubis/api/pass-challenge 302 0.000 0.001
nginx-1  | 2026-09-30T03:03:11+00:00 GET / 200 0.001 0.000
nginx-1  | 2026-09-30T03:03:11+00:00 GET / 200 0.000 0.001
nginx-1  | 2026-09-30T03:03:16+00:00 GET /.within.website/x/cmd/anubis/api/pass-challenge 302 0.001 0.000
nginx-1  | 2026-09-30T03:03:16+00:00 GET / 200 0.001 0.001
nginx-1  | 2026-09-30T03:03:16+00:00 GET / 200 0.001 0.000
nginx-1  | 2026-09-30T03:03:17+00:00 GET /.within.website/x/cmd/anubis/api/pass-challenge 302 0.001 0.001
nginx-1  | 2026-09-30T03:03:17+00:00 GET / 200 0.000 0.001
nginx-1  | 2026-09-30T03:03:17+00:00 GET / 200 0.001 0.000
nginx-1  | 2026-09-30T03:03:20+00:00 GET /.within.website/x/cmd/anubis/api/pass-challenge 302 0.000 0.000
nginx-1  | 2026-09-30T03:03:20+00:00 GET / 200 0.001 0.001
nginx-1  | 2026-09-30T03:03:20+00:00 GET / 200 0.000 0.001
nginx-1  | 2026-09-30T03:03:22+00:00 GET /.within.website/x/cmd/anubis/api/pass-challenge 302 0.001 0.001
nginx-1  | 2026-09-30T03:03:22+00:00 GET / 200 0.001 0.001
nginx-1  | 2026-09-30T03:03:22+00:00 GET / 200 0.000 0.001
nginx-1  | 2026-09-30T03:03:23+00:00 GET /.within.website/x/cmd/anubis/api/pass-challenge 302 0.001 0.001
nginx-1  | 2026-09-30T03:03:23+00:00 GET / 200 0.000 0.001
nginx-1  | 2026-09-30T03:03:23+00:00 GET / 200 0.001 0.001
nginx-1  | 2026-09-30T03:03:24+00:00 GET /.within.website/x/cmd/anubis/api/pass-challenge 302 0.001 0.000
nginx-1  | 2026-09-30T03:03:24+00:00 GET / 200 0.001 0.000
nginx-1  | 2026-09-30T03:03:24+00:00 GET / 200 0.000 0.000
nginx-1  | 2026-09-30T03:03:27+00:00 GET /.within.website/x/cmd/anubis/api/pass-challenge 302 0.001 0.000
nginx-1  | 2026-09-30T03:03:27+00:00 GET / 200 0.001 0.001
nginx-1  | 2026-09-30T03:03:27+00:00 GET / 200 0.000 0.001
nginx-1  | 2026-09-30T03:03:27+00:00 GET /.within.website/x/cmd/anubis/api/pass-challenge 302 0.001 0.000
nginx-1  | 2026-09-30T03:03:27+00:00 GET / 200 0.001 0.001
nginx-1  | 2026-09-30T03:03:27+00:00 GET / 200 0.000 0.001
nginx-1  | 2026-09-30T03:03:28+00:00 GET /.within.website/x/cmd/anubis/api/pass-challenge 302 0.001 0.001
nginx-1  | 2026-09-30T03:03:28+00:00 GET / 200 0.001 0.001
nginx-1  | 2026-09-30T03:03:28+00:00 GET / 200 0.001 0.000
nginx-1  | 2026-09-30T03:03:30+00:00 GET /.within.website/x/cmd/anubis/api/pass-challenge 302 0.001 0.000
nginx-1  | 2026-09-30T03:03:30+00:00 GET / 200 0.000 0.001
nginx-1  | 2026-09-30T03:03:30+00:00 GET / 200 0.001 0.000
nginx-1  | 2026-09-30T03:03:33+00:00 GET /.within.website/x/cmd/anubis/api/pass-challenge 302 0.001 0.001
nginx-1  | 2026-09-30T03:03:33+00:00 GET / 200 0.000 0.000
nginx-1  | 2026-09-30T03:03:33+00:00 GET / 200 0.000 0.001
nginx-1  | 2026-09-30T03:03:35+00:00 GET /.within.website/x/cmd/anubis/api/pass-challenge 302 0.000 0.001
nginx-1  | 2026-09-30T03:03:35+00:00 GET / 200 0.001 0.000
nginx-1  | 2026-09-30T03:03:35+00:00 GET / 200 0.000 0.001
nginx-1  | 2026-09-30T03:03:42+00:00 GET /.within.website/x/cmd/anubis/api/pass-challenge 302 0.001 0.001
nginx-1  | 2026-09-30T03:03:42+00:00 GET / 200 0.000 0.000
nginx-1  | 2026-09-30T03:03:42+00:00 GET / 200 0.001 0.001
nginx-1  | 2026-09-30T03:03:45+00:00 GET /.within.website/x/cmd/anubis/api/pass-challenge 302 0.001 0.001
nginx-1  | 2026-09-30T03:03:45+00:00 GET / 200 0.001 0.001
nginx-1  | 2026-09-30T03:03:45+00:00 GET / 200 0.000 0.000
nginx-1  | 2026-09-30T03:03:52+00:00 GET /.within.website/x/cmd/anubis/api/pass-challenge 302 0.000 0.001
nginx-1  | 2026-09-30T03:03:52+00:00 GET / 200 0.001 0.000
nginx-1  | 2026-09-30T03:03:52+00:00 GET / 200 0.000 0.001
nginx-1  | 2026-09-30T03:03:57+00:00 GET /.within.website/x/cmd/anubis/api/pass-challenge 302 0.000 0.001
nginx-1  | 2026-09-30T03:03:57+00:00 GET / 200 0.000 0.000
nginx-1  | 2026-09-30T03:03:57+00:00 GET / 200 0.000 0.001
nginx-1  | 2026-09-30T03:03:57+00:00 GET /.within.website/x/cmd/anubis/api/pass-challenge 302 0.001 0.001
nginx-1  | 2026-09-30T03:03:57+00:00 GET / 200 0.001 0.001
nginx-1  | 2026-09-30T03:03:57+00:00 GET / 200 0.000 0.000
nginx-1  | 2026-09-30T03:03:57+00:00 GET /.within.website/x/cmd/anubis/api/pass-challenge 302 0.000 0.000
nginx-1  | 2026-09-30T03:03:57+00:00 GET / 200 0.001 0.001
nginx-1  | 2026-09-30T03:03:57+00:00 GET / 200 0.001 0.000
nginx-1  | 2026-09-30T03:03:58+00:00 GET /.within.website/x/cmd/anubis/api/pass-challenge 302 0.001 0.001
nginx-1  | 2026-09-30T03:03:58+00:00 GET / 200 0.000 0.001
nginx-1  | 2026-09-30T03:03:58+00:00 GET / 200 0.001 0.001
nginx-1  | 2026-09-30T03:04:02+00:00 GET /.within.website/x/cmd/anubis/api/pass-challenge 302 0.000 0.001
nginx-1  | 2026-09-30T03:04:02+00:00 GET / 200 0.001 0.000
nginx-1  | 2026-09-30T03:04:02+00:00 GET / 200 0.001 0.001
nginx-1  | 2026-09-30T03:04:02+00:00 GET /.within.website/x/cmd/anubis/api/pass-challenge 302 0.000 0.001
nginx-1  | 2026-09-30T03:04:02+00:00 GET / 200 0.001 0.000
nginx-1  | 2026-09-30T03:04:02+00:00 GET / 200 0.001 0.001
nginx-1  | 2026-09-30T03:04:07+00:00 GET /.within.website/x/cmd/anubis/api/pass-challenge 302 0.001 0.000
nginx-1  | 2026-09-30T03:04:07+00:00 GET / 200 0.000 0.001
nginx-1  | 2026-09-30T03:04:07+00:00 GET / 200 0.001 0.000
nginx-1  | 2026-09-30T03:04:08+00:00 GET /.within.website/x/cmd/anubis/api/pass-challenge 302 0.001 0.000
nginx-1  | 2026-09-30T03:04:08+00:00 GET / 200 0.001 0.000
nginx-1  | 2026-09-30T03:04:08+00:00 GET / 200 0.000 0.001
nginx-1  | 2026-09-30T03:04:09+00:00 GET /.within.website/x/cmd/anubis/api/pass-challenge 302 0.001 0.000
nginx-1  | 2026-09-30T03:04:09+00:00 GET / 200 0.000 0.001
nginx-1  | 2026-09-30T03:04:09+00:00 GET / 200 0.001 0.000
nginx-1  | 2026-09-30T03:04:11+00:00 GET /.within.website/x/cmd/anubis/api/pass-challenge 302 0.000 0.000
nginx-1  | 2026-09-30T03:04:11+00:00 GET / 200 0.001 0.001
nginx-1  | 2026-09-30T03:04:11+00:00 GET / 200 0.001 0.000
nginx-1  | 2026-09-30T03:04:12+00:00 GET /.within.website/x/cmd/anubis/api/pass-challenge 302 0.001 0.000
nginx-1  | 2026-09-30T03:04:12+00:00 GET / 200 0.001 0.001
nginx-1  | 2026-09-30T03:04:12+00:00 GET / 200 0.000 0.001
nginx-1  | 2026-09-30T03:04:12+00:00 GET /.within.website/x/cmd/anubis/api/pass-challenge 302 0.001 0.001
nginx-1  | 2026-09-30T03:04:12+00:00 GET / 200 0.000 0.000
nginx-1  | 2026-09-30T03:04:12+00:00 GET / 200 0.001 0.001
nginx-1  | 2026-09-30T03:04:13+00:00 GET /.within.website/x/cmd/anubis/api/pass-challenge 302 0.000 0.000
nginx-1  | 2026-09-30T03:04:13+00:00 GET / 200 0.001 0.001
nginx-1    | 2026-09-30T03:04:13+00:00 GET / 200 0.001 0.000
nginx-1    | 2026-09-30T03:04:14+00:00 GET /.within.website/x/cmd/anubis/api/pass-challenge 302 0.001 0.001
nginx-1    | 2026-09-30T03:04:14+00:00 GET / 200 0.001 0.000
nginx-1    | 2026-09-30T03:04:14+00:00 GET / 200 0.000 0.001
nginx-1    | 2026-09-30T03:04:15+00:00 GET /.within.website/x/cmd/anubis/api/pass-challenge 302 0.000 0.001
nginx-1    | 2026-09-30T03:04:15+00:00 GET / 200 0.001 0.000
nginx-1    | 2026-09-30T03:04:15+00:00 GET / 200 0.001 0.000
backend-1  | /docker-entrypoint.sh: /docker-entrypoint.d/ is not empty, will attempt to perform configuration
backend-1  | /docker-entrypoint.sh: Looking for shell scripts in /docker-entrypoint.d/
backend-1  | /docker-entrypoint.sh: Launching /docker-entrypoint.d/10-listen-on-ipv6-by-default.sh
backend-1  | 10-listen-on-ipv6-by-default.sh: info: Getting the checksum of /etc/nginx/conf.d/default.conf
backend-1  | 10-listen-on-ipv6-by-default.sh: info: Enabled listen on IPv6 in /etc/nginx/conf.d/default.conf
backend-1  | /docker-entrypoint.sh: Sourcing /docker-entrypoint.d/15-local-resolvers.envsh
backend-1  | /docker-entrypoint.sh: Launching /docker-entrypoint.d/20-envsubst-on-templates.sh
nginx-1    | 2026-09-30T03:04:15+00:00 GET /.within.website/x/cmd/anubis/api/pass-challenge 302 0.001 0.000
nginx-1    | 2026-09-30T03:04:15+00:00 GET / 200 0.000 0.000
nginx-1    | 2026-09-30T03:04:15+00:00 GET / 200 0.000 0.001
nginx-1    | 2026-09-30T03:04:16+00:00 GET /.within.website/x/cmd/anubis/api/pass-challenge 302 0.001 0.000
nginx-1    | 2026-09-30T03:04:16+00:00 GET / 200 0.001 0.000
nginx-1    | 2026-09-30T03:04:16+00:00 GET / 200 0.001 0.001
nginx-1    | 2026-09-30T03:04:17+00:00 GET /.within.website/x/cmd/anubis/api/pass-challenge 302 0.001 0.000
nginx-1    | 2026-09-30T03:04:17+00:00 GET / 200 0.000 0.001
anubis-1   | {"time":"2026-09-30T02:59:11.213292261Z","level":"INFO","source":{"function":"main.run","file":"github.com/TecharoHQ/anubis/cmd/anubis/main.go","line":269},"msg":"starting up Anubis"}
anubis-1   | {"time":"2026-09-30T02:59:11.213395986Z","level":"INFO","source":{"function":"main.run","file":"github.com/TecharoHQ/anubis/cmd/anubis/main.go","line":303},"msg":"loading policy file","fname":"/config/policy.yaml"}
anubis-1   | {"time":"2026-09-30T02:59:11.221236425Z","level":"WARN","source":{"function":"main.run","file":"github.com/TecharoHQ/anubis/cmd/anubis/main.go","line":398},"msg":"generating random key, Anubis will have strange behavior when multiple instances are behind the same load balancer target, for more information: see https://anubis.techaro.lol/docs/admin/installation#key-generation"}
anubis-1   | {"time":"2026-09-30T02:59:11.221323289Z","level":"INFO","source":{"function":"main.run","file":"github.com/TecharoHQ/anubis/cmd/anubis/main.go","line":476},"msg":"listening","url":"http://localhost:8080","difficulty":4,"serveRobotsTXT":false,"target":"unix:///run/bench/backend.sock","version":"v1.27.0","use-remote-address":false,"debug-benchmark-js":false,"og-passthrough":false,"og-expiry-time":86400000000000,"base-prefix":"","cookie-expiration-time":604800000000000,"rule-error-ids":{},"public-url":""}
anubis-1   | {"time":"2026-09-30T02:59:14.672810893Z","level":"INFO","source":{"function":"github.com/TecharoHQ/anubis/lib.(*Server).issueChallenge","file":"github.com/TecharoHQ/anubis/lib/anubis.go","line":191},"msg":"new challenge issued","subsystem":"anubis","host":"127.0.0.1:18080","method":"GET","path":"/","user_agent":"Mozilla/5.0 Anubis4090LocalBenchmark/1.0","accept_language":"","priority":"","x-forwarded-for":"","x-real-ip":"192.168.160.1","challenge":"01a0f040-8270-7b8b-9ea9-4a70c8422186","weight":0}
anubis-1   | {"time":"2026-09-30T02:59:14.993621333Z","level":"ERROR","source":{"function":"github.com/TecharoHQ/anubis/lib.(*Server).PassChallenge","file":"github.com/TecharoHQ/anubis/lib/anubis.go","line":568},"msg":"double spend prevented","subsystem":"anubis","host":"127.0.0.1:18080","method":"GET","path":"/.within.website/x/cmd/anubis/api/pass-challenge","user_agent":"Mozilla/5.0 Anubis4090LocalBenchmark/1.0","accept_language":"","priority":"","x-forwarded-for":"","x-real-ip":"192.168.160.1","check_result":{"name":"bot/benchmark-all-clients","rule":"CHALLENGE","weight":0},"reason":"double_spend"}
anubis-1   | {"time":"2026-09-30T02:59:14.995003004Z","level":"INFO","source":{"function":"github.com/TecharoHQ/anubis/lib.(*Server).issueChallenge","file":"github.com/TecharoHQ/anubis/lib/anubis.go","line":191},"msg":"new challenge issued","subsystem":"anubis","host":"127.0.0.1:18080","method":"GET","path":"/","user_agent":"Mozilla/5.0 Anubis4090LocalBenchmark/1.0","accept_language":"","priority":"","x-forwarded-for":"","x-real-ip":"192.168.160.1","challenge":"01a0f040-83b2-7efe-8477-be361fba7b28","weight":0}
anubis-1   | {"time":"2026-09-30T02:59:14.997308805Z","level":"ERROR","source":{"function":"github.com/TecharoHQ/anubis/lib.(*Server).PassChallenge","file":"github.com/TecharoHQ/anubis/lib/anubis.go","line":601},"msg":"challenge failed","subsystem":"anubis","host":"127.0.0.1:18080","method":"GET","path":"/.within.website/x/cmd/anubis/api/pass-challenge","user_agent":"Mozilla/5.0 Anubis4090LocalBenchmark/1.0","accept_language":"","priority":"","x-forwarded-for":"","x-real-ip":"192.168.160.1","check_result":{"name":"bot/benchmark-all-clients","rule":"CHALLENGE","weight":0},"challenge":"01a0f040-83b2-7efe-8477-be361fba7b28","err":"challenge: error when processing challenge: validate: challenge: user failed challenge: wanted response bb991983758f63d1099aee33a7372516d403c31b74c212754134619417eeee27 but got 0000000000000000000000000000000000000000000000000000000000000000"}
anubis-1   | {"time":"2026-09-30T02:59:15.645149625Z","level":"INFO","source":{"function":"github.com/TecharoHQ/anubis/lib.(*Server).issueChallenge","file":"github.com/TecharoHQ/anubis/lib/anubis.go","line":191},"msg":"new challenge issued","subsystem":"anubis","host":"127.0.0.1:18080","method":"GET","path":"/","user_agent":"Mozilla/5.0 Anubis4090LocalBenchmark/1.0","accept_language":"","priority":"","x-forwarded-for":"","x-real-ip":"192.168.160.1","challenge":"01a0f040-863d-71bc-bff1-369aaed31555","weight":0}
anubis-1   | {"time":"2026-09-30T02:59:15.645872606Z","level":"INFO","source":{"function":"github.com/TecharoHQ/anubis/lib.(*Server).issueChallenge","file":"github.com/TecharoHQ/anubis/lib/anubis.go","line":191},"msg":"new challenge issued","subsystem":"anubis","host":"127.0.0.1:18080","method":"GET","path":"/","user_agent":"Mozilla/5.0 Anubis4090LocalBenchmark/1.0","accept_language":"","priority":"","x-forwarded-for":"","x-real-ip":"192.168.160.1","challenge":"01a0f040-863d-7d19-bf9d-248a54dcb9c2","weight":0}
backend-1  | /docker-entrypoint.sh: Launching /docker-entrypoint.d/30-tune-worker-processes.sh
backend-1  | /docker-entrypoint.sh: Configuration complete; ready for start up
nginx-1    | 2026-09-30T03:04:17+00:00 GET / 200 0.001 0.001
nginx-1    | 2026-09-30T03:04:19+00:00 GET /.within.website/x/cmd/anubis/api/pass-challenge 302 0.001 0.001
nginx-1    | 2026-09-30T03:04:19+00:00 GET / 200 0.000 0.000
nginx-1    | 2026-09-30T03:04:19+00:00 GET / 200 0.001 0.001
nginx-1    | 2026-09-30T03:04:20+00:00 GET /.within.website/x/cmd/anubis/api/pass-challenge 302 0.000 0.001
nginx-1    | 2026-09-30T03:04:20+00:00 GET / 200 0.000 0.000
nginx-1    | 2026-09-30T03:04:20+00:00 GET / 200 0.000 0.000
nginx-1    | 2026-09-30T03:04:28+00:00 GET /.within.website/x/cmd/anubis/api/pass-challenge 302 0.001 0.000
nginx-1    | 2026-09-30T03:04:28+00:00 GET / 200 0.000 0.000
nginx-1    | 2026-09-30T03:04:28+00:00 GET / 200 0.000 0.001
nginx-1    | 2026-09-30T03:04:31+00:00 GET /.within.website/x/cmd/anubis/api/pass-challenge 302 0.000 0.001
anubis-1   | {"time":"2026-09-30T02:59:15.646444923Z","level":"INFO","source":{"function":"github.com/TecharoHQ/anubis/lib.(*Server).issueChallenge","file":"github.com/TecharoHQ/anubis/lib/anubis.go","line":191},"msg":"new challenge issued","subsystem":"anubis","host":"127.0.0.1:18080","method":"GET","path":"/","user_agent":"Mozilla/5.0 Anubis4090LocalBenchmark/1.0","accept_language":"","priority":"","x-forwarded-for":"","x-real-ip":"192.168.160.1","challenge":"01a0f040-863e-7692-8896-073138502049","weight":0}
anubis-1   | {"time":"2026-09-30T02:59:15.646504686Z","level":"INFO","source":{"function":"github.com/TecharoHQ/anubis/lib.(*Server).issueChallenge","file":"github.com/TecharoHQ/anubis/lib/anubis.go","line":191},"msg":"new challenge issued","subsystem":"anubis","host":"127.0.0.1:18080","method":"GET","path":"/","user_agent":"Mozilla/5.0 Anubis4090LocalBenchmark/1.0","accept_language":"","priority":"","x-forwarded-for":"","x-real-ip":"192.168.160.1","challenge":"01a0f040-863e-7787-a56b-056933f1385e","weight":0}
anubis-1   | {"time":"2026-09-30T02:59:15.647134722Z","level":"INFO","source":{"function":"github.com/TecharoHQ/anubis/lib.(*Server).issueChallenge","file":"github.com/TecharoHQ/anubis/lib/anubis.go","line":191},"msg":"new challenge issued","subsystem":"anubis","host":"127.0.0.1:18080","method":"GET","path":"/","user_agent":"Mozilla/5.0 Anubis4090LocalBenchmark/1.0","accept_language":"","priority":"","x-forwarded-for":"","x-real-ip":"192.168.160.1","challenge":"01a0f040-863f-71e3-be50-9e448c1c2dde","weight":0}
anubis-1   | {"time":"2026-09-30T02:59:15.647338585Z","level":"INFO","source":{"function":"github.com/TecharoHQ/anubis/lib.(*Server).issueChallenge","file":"github.com/TecharoHQ/anubis/lib/anubis.go","line":191},"msg":"new challenge issued","subsystem":"anubis","host":"127.0.0.1:18080","method":"GET","path":"/","user_agent":"Mozilla/5.0 Anubis4090LocalBenchmark/1.0","accept_language":"","priority":"","x-forwarded-for":"","x-real-ip":"192.168.160.1","challenge":"01a0f040-863f-7501-bf33-cf964b211063","weight":0}
anubis-1   | {"time":"2026-09-30T02:59:15.647963241Z","level":"INFO","source":{"function":"github.com/TecharoHQ/anubis/lib.(*Server).issueChallenge","file":"github.com/TecharoHQ/anubis/lib/anubis.go","line":191},"msg":"new challenge issued","subsystem":"anubis","host":"127.0.0.1:18080","method":"GET","path":"/","user_agent":"Mozilla/5.0 Anubis4090LocalBenchmark/1.0","accept_language":"","priority":"","x-forwarded-for":"","x-real-ip":"192.168.160.1","challenge":"01a0f040-863f-7e7f-9ec6-48da317d50fd","weight":0}
anubis-1   | {"time":"2026-09-30T02:59:15.648058942Z","level":"INFO","source":{"function":"github.com/TecharoHQ/anubis/lib.(*Server).issueChallenge","file":"github.com/TecharoHQ/anubis/lib/anubis.go","line":191},"msg":"new challenge issued","subsystem":"anubis","host":"127.0.0.1:18080","method":"GET","path":"/","user_agent":"Mozilla/5.0 Anubis4090LocalBenchmark/1.0","accept_language":"","priority":"","x-forwarded-for":"","x-real-ip":"192.168.160.1","challenge":"01a0f040-8640-70ac-98bf-af9d93035115","weight":0}
anubis-1   | {"time":"2026-09-30T02:59:15.648225004Z","level":"INFO","source":{"function":"github.com/TecharoHQ/anubis/lib.(*Server).issueChallenge","file":"github.com/TecharoHQ/anubis/lib/anubis.go","line":191},"msg":"new challenge issued","subsystem":"anubis","host":"127.0.0.1:18080","method":"GET","path":"/","user_agent":"Mozilla/5.0 Anubis4090LocalBenchmark/1.0","accept_language":"","priority":"","x-forwarded-for":"","x-real-ip":"192.168.160.1","challenge":"01a0f040-863f-7e85-90a3-abd84704fce3","weight":0}
nginx-1    | 2026-09-30T03:04:31+00:00 GET / 200 0.000 0.001
nginx-1    | 2026-09-30T03:04:31+00:00 GET / 200 0.001 0.000
nginx-1    | 2026-09-30T03:04:34+00:00 GET /.within.website/x/cmd/anubis/api/pass-challenge 302 0.000 0.001
nginx-1    | 2026-09-30T03:04:34+00:00 GET / 200 0.000 0.001
nginx-1    | 2026-09-30T03:04:34+00:00 GET / 200 0.001 0.001
nginx-1    | 2026-09-30T03:04:34+00:00 GET /.within.website/x/cmd/anubis/api/pass-challenge 302 0.001 0.000
nginx-1    | 2026-09-30T03:04:34+00:00 GET / 200 0.000 0.001
nginx-1    | 2026-09-30T03:04:34+00:00 GET / 200 0.001 0.000
nginx-1    | 2026-09-30T03:04:34+00:00 GET /.within.website/x/cmd/anubis/api/pass-challenge 302 0.000 0.001
nginx-1    | 2026-09-30T03:04:34+00:00 GET / 200 0.000 0.001
nginx-1    | 2026-09-30T03:04:34+00:00 GET / 200 0.001 0.000
nginx-1    | 2026-09-30T03:04:36+00:00 GET /.within.website/x/cmd/anubis/api/pass-challenge 302 0.000 0.001
nginx-1    | 2026-09-30T03:04:36+00:00 GET / 200 0.000 0.000
nginx-1    | 2026-09-30T03:04:36+00:00 GET / 200 0.000 0.000
nginx-1    | 2026-09-30T03:04:39+00:00 GET /.within.website/x/cmd/anubis/api/pass-challenge 302 0.000 0.000
nginx-1    | 2026-09-30T03:04:39+00:00 GET / 200 0.001 0.001
anubis-1   | {"time":"2026-09-30T02:59:15.648391528Z","level":"INFO","source":{"function":"github.com/TecharoHQ/anubis/lib.(*Server).issueChallenge","file":"github.com/TecharoHQ/anubis/lib/anubis.go","line":191},"msg":"new challenge issued","subsystem":"anubis","host":"127.0.0.1:18080","method":"GET","path":"/","user_agent":"Mozilla/5.0 Anubis4090LocalBenchmark/1.0","accept_language":"","priority":"","x-forwarded-for":"","x-real-ip":"192.168.160.1","challenge":"01a0f040-8640-75d3-abf3-afff849114a9","weight":0}
anubis-1   | {"time":"2026-09-30T02:59:15.648814834Z","level":"INFO","source":{"function":"github.com/TecharoHQ/anubis/lib.(*Server).issueChallenge","file":"github.com/TecharoHQ/anubis/lib/anubis.go","line":191},"msg":"new challenge issued","subsystem":"anubis","host":"127.0.0.1:18080","method":"GET","path":"/","user_agent":"Mozilla/5.0 Anubis4090LocalBenchmark/1.0","accept_language":"","priority":"","x-forwarded-for":"","x-real-ip":"192.168.160.1","challenge":"01a0f040-8640-7c48-b354-264b7f49b71c","weight":0}
anubis-1   | {"time":"2026-09-30T02:59:15.649114208Z","level":"INFO","source":{"function":"github.com/TecharoHQ/anubis/lib.(*Server).issueChallenge","file":"github.com/TecharoHQ/anubis/lib/anubis.go","line":191},"msg":"new challenge issued","subsystem":"anubis","host":"127.0.0.1:18080","method":"GET","path":"/","user_agent":"Mozilla/5.0 Anubis4090LocalBenchmark/1.0","accept_language":"","priority":"","x-forwarded-for":"","x-real-ip":"192.168.160.1","challenge":"01a0f040-8641-718c-879c-afddb30a453b","weight":0}
anubis-1   | {"time":"2026-09-30T02:59:15.649142762Z","level":"INFO","source":{"function":"github.com/TecharoHQ/anubis/lib.(*Server).issueChallenge","file":"github.com/TecharoHQ/anubis/lib/anubis.go","line":191},"msg":"new challenge issued","subsystem":"anubis","host":"127.0.0.1:18080","method":"GET","path":"/","user_agent":"Mozilla/5.0 Anubis4090LocalBenchmark/1.0","accept_language":"","priority":"","x-forwarded-for":"","x-real-ip":"192.168.160.1","challenge":"01a0f040-8641-71fc-a04c-f17541507545","weight":0}
anubis-1   | {"time":"2026-09-30T02:59:15.649445962Z","level":"INFO","source":{"function":"github.com/TecharoHQ/anubis/lib.(*Server).issueChallenge","file":"github.com/TecharoHQ/anubis/lib/anubis.go","line":191},"msg":"new challenge issued","subsystem":"anubis","host":"127.0.0.1:18080","method":"GET","path":"/","user_agent":"Mozilla/5.0 Anubis4090LocalBenchmark/1.0","accept_language":"","priority":"","x-forwarded-for":"","x-real-ip":"192.168.160.1","challenge":"01a0f040-8641-7692-a096-cfe36aeae901","weight":0}
anubis-1   | {"time":"2026-09-30T02:59:15.649664534Z","level":"INFO","source":{"function":"github.com/TecharoHQ/anubis/lib.(*Server).issueChallenge","file":"github.com/TecharoHQ/anubis/lib/anubis.go","line":191},"msg":"new challenge issued","subsystem":"anubis","host":"127.0.0.1:18080","method":"GET","path":"/","user_agent":"Mozilla/5.0 Anubis4090LocalBenchmark/1.0","accept_language":"","priority":"","x-forwarded-for":"","x-real-ip":"192.168.160.1","challenge":"01a0f040-8641-7a02-bc2e-6a7025836da6","weight":0}
anubis-1   | {"time":"2026-09-30T02:59:15.649824926Z","level":"INFO","source":{"function":"github.com/TecharoHQ/anubis/lib.(*Server).issueChallenge","file":"github.com/TecharoHQ/anubis/lib/anubis.go","line":191},"msg":"new challenge issued","subsystem":"anubis","host":"127.0.0.1:18080","method":"GET","path":"/","user_agent":"Mozilla/5.0 Anubis4090LocalBenchmark/1.0","accept_language":"","priority":"","x-forwarded-for":"","x-real-ip":"192.168.160.1","challenge":"01a0f040-8641-7c71-8a81-6876353cd2e3","weight":0}
anubis-1   | {"time":"2026-09-30T02:59:15.649987853Z","level":"INFO","source":{"function":"github.com/TecharoHQ/anubis/lib.(*Server).issueChallenge","file":"github.com/TecharoHQ/anubis/lib/anubis.go","line":191},"msg":"new challenge issued","subsystem":"anubis","host":"127.0.0.1:18080","method":"GET","path":"/","user_agent":"Mozilla/5.0 Anubis4090LocalBenchmark/1.0","accept_language":"","priority":"","x-forwarded-for":"","x-real-ip":"192.168.160.1","challenge":"01a0f040-8641-7ee1-9d41-343cf39a4214","weight":0}
anubis-1   | {"time":"2026-09-30T02:59:15.650269353Z","level":"INFO","source":{"function":"github.com/TecharoHQ/anubis/lib.(*Server).issueChallenge","file":"github.com/TecharoHQ/anubis/lib/anubis.go","line":191},"msg":"new challenge issued","subsystem":"anubis","host":"127.0.0.1:18080","method":"GET","path":"/","user_agent":"Mozilla/5.0 Anubis4090LocalBenchmark/1.0","accept_language":"","priority":"","x-forwarded-for":"","x-real-ip":"192.168.160.1","challenge":"01a0f040-8642-73f7-a772-719f6df16b5d","weight":0}
anubis-1   | {"time":"2026-09-30T02:59:15.65037432Z","level":"INFO","source":{"function":"github.com/TecharoHQ/anubis/lib.(*Server).issueChallenge","file":"github.com/TecharoHQ/anubis/lib/anubis.go","line":191},"msg":"new challenge issued","subsystem":"anubis","host":"127.0.0.1:18080","method":"GET","path":"/","user_agent":"Mozilla/5.0 Anubis4090LocalBenchmark/1.0","accept_language":"","priority":"","x-forwarded-for":"","x-real-ip":"192.168.160.1","challenge":"01a0f040-8642-758c-9bc1-ae5e6fd4679e","weight":0}
anubis-1   | {"time":"2026-09-30T02:59:15.650681529Z","level":"INFO","source":{"function":"github.com/TecharoHQ/anubis/lib.(*Server).issueChallenge","file":"github.com/TecharoHQ/anubis/lib/anubis.go","line":191},"msg":"new challenge issued","subsystem":"anubis","host":"127.0.0.1:18080","method":"GET","path":"/","user_agent":"Mozilla/5.0 Anubis4090LocalBenchmark/1.0","accept_language":"","priority":"","x-forwarded-for":"","x-real-ip":"192.168.160.1","challenge":"01a0f040-8642-7a3e-bc37-00d3cdc998ec","weight":0}
anubis-1   | {"time":"2026-09-30T02:59:15.650938733Z","level":"INFO","source":{"function":"github.com/TecharoHQ/anubis/lib.(*Server).issueChallenge","file":"github.com/TecharoHQ/anubis/lib/anubis.go","line":191},"msg":"new challenge issued","subsystem":"anubis","host":"127.0.0.1:18080","method":"GET","path":"/","user_agent":"Mozilla/5.0 Anubis4090LocalBenchmark/1.0","accept_language":"","priority":"","x-forwarded-for":"","x-real-ip":"192.168.160.1","challenge":"01a0f040-8642-7e2f-a051-d0fec0a0b621","weight":0}
anubis-1   | {"time":"2026-09-30T02:59:15.651072314Z","level":"INFO","source":{"function":"github.com/TecharoHQ/anubis/lib.(*Server).issueChallenge","file":"github.com/TecharoHQ/anubis/lib/anubis.go","line":191},"msg":"new challenge issued","subsystem":"anubis","host":"127.0.0.1:18080","method":"GET","path":"/","user_agent":"Mozilla/5.0 Anubis4090LocalBenchmark/1.0","accept_language":"","priority":"","x-forwarded-for":"","x-real-ip":"192.168.160.1","challenge":"01a0f040-8643-70ef-b5be-71408e4e5360","weight":0}
anubis-1   | {"time":"2026-09-30T02:59:15.651230161Z","level":"INFO","source":{"function":"github.com/TecharoHQ/anubis/lib.(*Server).issueChallenge","file":"github.com/TecharoHQ/anubis/lib/anubis.go","line":191},"msg":"new challenge issued","subsystem":"anubis","host":"127.0.0.1:18080","method":"GET","path":"/","user_agent":"Mozilla/5.0 Anubis4090LocalBenchmark/1.0","accept_language":"","priority":"","x-forwarded-for":"","x-real-ip":"192.168.160.1","challenge":"01a0f040-8643-7362-8930-640810c00250","weight":0}
anubis-1   | {"time":"2026-09-30T02:59:15.651392497Z","level":"INFO","source":{"function":"github.com/TecharoHQ/anubis/lib.(*Server).issueChallenge","file":"github.com/TecharoHQ/anubis/lib/anubis.go","line":191},"msg":"new challenge issued","subsystem":"anubis","host":"127.0.0.1:18080","method":"GET","path":"/","user_agent":"Mozilla/5.0 Anubis4090LocalBenchmark/1.0","accept_language":"","priority":"","x-forwarded-for":"","x-real-ip":"192.168.160.1","challenge":"01a0f040-8643-75db-baf1-ec86ceed4c00","weight":0}
anubis-1   | {"time":"2026-09-30T02:59:15.65150056Z","level":"INFO","source":{"function":"github.com/TecharoHQ/anubis/lib.(*Server).issueChallenge","file":"github.com/TecharoHQ/anubis/lib/anubis.go","line":191},"msg":"new challenge issued","subsystem":"anubis","host":"127.0.0.1:18080","method":"GET","path":"/","user_agent":"Mozilla/5.0 Anubis4090LocalBenchmark/1.0","accept_language":"","priority":"","x-forwarded-for":"","x-real-ip":"192.168.160.1","challenge":"01a0f040-8643-7780-a64d-0493afee2c20","weight":0}
anubis-1   | {"time":"2026-09-30T02:59:15.65178735Z","level":"INFO","source":{"function":"github.com/TecharoHQ/anubis/lib.(*Server).issueChallenge","file":"github.com/TecharoHQ/anubis/lib/anubis.go","line":191},"msg":"new challenge issued","subsystem":"anubis","host":"127.0.0.1:18080","method":"GET","path":"/","user_agent":"Mozilla/5.0 Anubis4090LocalBenchmark/1.0","accept_language":"","priority":"","x-forwarded-for":"","x-real-ip":"192.168.160.1","challenge":"01a0f040-8643-7bdc-94d5-4640b0cc482b","weight":0}
anubis-1   | {"time":"2026-09-30T02:59:15.651952231Z","level":"INFO","source":{"function":"github.com/TecharoHQ/anubis/lib.(*Server).issueChallenge","file":"github.com/TecharoHQ/anubis/lib/anubis.go","line":191},"msg":"new challenge issued","subsystem":"anubis","host":"127.0.0.1:18080","method":"GET","path":"/","user_agent":"Mozilla/5.0 Anubis4090LocalBenchmark/1.0","accept_language":"","priority":"","x-forwarded-for":"","x-real-ip":"192.168.160.1","challenge":"01a0f040-8643-7e56-879a-c9913d4c40ea","weight":0}
anubis-1   | {"time":"2026-09-30T02:59:15.652067558Z","level":"INFO","source":{"function":"github.com/TecharoHQ/anubis/lib.(*Server).issueChallenge","file":"github.com/TecharoHQ/anubis/lib/anubis.go","line":191},"msg":"new challenge issued","subsystem":"anubis","host":"127.0.0.1:18080","method":"GET","path":"/","user_agent":"Mozilla/5.0 Anubis4090LocalBenchmark/1.0","accept_language":"","priority":"","x-forwarded-for":"","x-real-ip":"192.168.160.1","challenge":"01a0f040-8644-70e2-bff0-32646359b31d","weight":0}
anubis-1   | {"time":"2026-09-30T02:59:15.652261743Z","level":"INFO","source":{"function":"github.com/TecharoHQ/anubis/lib.(*Server).issueChallenge","file":"github.com/TecharoHQ/anubis/lib/anubis.go","line":191},"msg":"new challenge issued","subsystem":"anubis","host":"127.0.0.1:18080","method":"GET","path":"/","user_agent":"Mozilla/5.0 Anubis4090LocalBenchmark/1.0","accept_language":"","priority":"","x-forwarded-for":"","x-real-ip":"192.168.160.1","challenge":"01a0f040-8644-73de-affc-8da40f1abd73","weight":0}
anubis-1   | {"time":"2026-09-30T02:59:15.652341473Z","level":"INFO","source":{"function":"github.com/TecharoHQ/anubis/lib.(*Server).issueChallenge","file":"github.com/TecharoHQ/anubis/lib/anubis.go","line":191},"msg":"new challenge issued","subsystem":"anubis","host":"127.0.0.1:18080","method":"GET","path":"/","user_agent":"Mozilla/5.0 Anubis4090LocalBenchmark/1.0","accept_language":"","priority":"","x-forwarded-for":"","x-real-ip":"192.168.160.1","challenge":"01a0f040-8644-7515-af7c-9f6d0c1a685b","weight":0}
anubis-1   | {"time":"2026-09-30T02:59:15.652580303Z","level":"INFO","source":{"function":"github.com/TecharoHQ/anubis/lib.(*Server).issueChallenge","file":"github.com/TecharoHQ/anubis/lib/anubis.go","line":191},"msg":"new challenge issued","subsystem":"anubis","host":"127.0.0.1:18080","method":"GET","path":"/","user_agent":"Mozilla/5.0 Anubis4090LocalBenchmark/1.0","accept_language":"","priority":"","x-forwarded-for":"","x-real-ip":"192.168.160.1","challenge":"01a0f040-8644-78b8-a6b7-283a07a59b31","weight":0}
anubis-1   | {"time":"2026-09-30T02:59:15.652623314Z","level":"INFO","source":{"function":"github.com/TecharoHQ/anubis/lib.(*Server).issueChallenge","file":"github.com/TecharoHQ/anubis/lib/anubis.go","line":191},"msg":"new challenge issued","subsystem":"anubis","host":"127.0.0.1:18080","method":"GET","path":"/","user_agent":"Mozilla/5.0 Anubis4090LocalBenchmark/1.0","accept_language":"","priority":"","x-forwarded-for":"","x-real-ip":"192.168.160.1","challenge":"01a0f040-8644-7963-8fa0-8d0bc339d591","weight":0}
anubis-1   | {"time":"2026-09-30T02:59:17.817937967Z","level":"INFO","source":{"function":"github.com/TecharoHQ/anubis/lib.(*Server).issueChallenge","file":"github.com/TecharoHQ/anubis/lib/anubis.go","line":191},"msg":"new challenge issued","subsystem":"anubis","host":"127.0.0.1:18080","method":"GET","path":"/","user_agent":"Mozilla/5.0 Anubis4090LocalBenchmark/1.0","accept_language":"","priority":"","x-forwarded-for":"","x-real-ip":"192.168.160.1","challenge":"01a0f040-8eb9-7e14-8597-6b27b4e34d6b","weight":0}
anubis-1   | {"time":"2026-09-30T02:59:18.143195239Z","level":"INFO","source":{"function":"github.com/TecharoHQ/anubis/lib.(*Server).issueChallenge","file":"github.com/TecharoHQ/anubis/lib/anubis.go","line":191},"msg":"new challenge issued","subsystem":"anubis","host":"127.0.0.1:18080","method":"GET","path":"/","user_agent":"Mozilla/5.0 Anubis4090LocalBenchmark/1.0","accept_language":"","priority":"","x-forwarded-for":"","x-real-ip":"192.168.160.1","challenge":"01a0f040-8fff-72a6-9eaf-799fea1b20b0","weight":0}
anubis-1   | {"time":"2026-09-30T02:59:22.992204833Z","level":"INFO","source":{"function":"github.com/TecharoHQ/anubis/lib.(*Server).issueChallenge","file":"github.com/TecharoHQ/anubis/lib/anubis.go","line":191},"msg":"new challenge issued","subsystem":"anubis","host":"127.0.0.1:18080","method":"GET","path":"/","user_agent":"Mozilla/5.0 Anubis4090LocalBenchmark/1.0","accept_language":"","priority":"","x-forwarded-for":"","x-real-ip":"192.168.160.1","challenge":"01a0f040-a2f0-72b6-9bf4-aa8afe88fa6e","weight":0}
anubis-1   | {"time":"2026-09-30T02:59:23.238497758Z","level":"INFO","source":{"function":"github.com/TecharoHQ/anubis/lib.(*Server).issueChallenge","file":"github.com/TecharoHQ/anubis/lib/anubis.go","line":191},"msg":"new challenge issued","subsystem":"anubis","host":"127.0.0.1:18080","method":"GET","path":"/","user_agent":"Mozilla/5.0 Anubis4090LocalBenchmark/1.0","accept_language":"","priority":"","x-forwarded-for":"","x-real-ip":"192.168.160.1","challenge":"01a0f040-a3e6-771c-bb8a-d060b74f8e25","weight":0}
anubis-1   | {"time":"2026-09-30T02:59:28.063976235Z","level":"INFO","source":{"function":"github.com/TecharoHQ/anubis/lib.(*Server).issueChallenge","file":"github.com/TecharoHQ/anubis/lib/anubis.go","line":191},"msg":"new challenge issued","subsystem":"anubis","host":"127.0.0.1:18080","method":"GET","path":"/","user_agent":"Mozilla/5.0 Anubis4090LocalBenchmark/1.0","accept_language":"","priority":"","x-forwarded-for":"","x-real-ip":"192.168.160.1","challenge":"01a0f040-b6bf-7ea5-bd08-a72f2801beb3","weight":0}
anubis-1   | {"time":"2026-09-30T02:59:30.275235738Z","level":"INFO","source":{"function":"github.com/TecharoHQ/anubis/lib.(*Server).issueChallenge","file":"github.com/TecharoHQ/anubis/lib/anubis.go","line":191},"msg":"new challenge issued","subsystem":"anubis","host":"127.0.0.1:18080","method":"GET","path":"/","user_agent":"Mozilla/5.0 Anubis4090LocalBenchmark/1.0","accept_language":"","priority":"","x-forwarded-for":"","x-real-ip":"192.168.160.1","challenge":"01a0f040-bf63-72f7-8176-a9b02f779350","weight":0}
anubis-1   | {"time":"2026-09-30T02:59:31.047370666Z","level":"INFO","source":{"function":"github.com/TecharoHQ/anubis/lib.(*Server).issueChallenge","file":"github.com/TecharoHQ/anubis/lib/anubis.go","line":191},"msg":"new challenge issued","subsystem":"anubis","host":"127.0.0.1:18080","method":"GET","path":"/","user_agent":"Mozilla/5.0 Anubis4090LocalBenchmark/1.0","accept_language":"","priority":"","x-forwarded-for":"","x-real-ip":"192.168.160.1","challenge":"01a0f040-c267-7524-bb5a-76d6a7b464d4","weight":0}
anubis-1   | {"time":"2026-09-30T02:59:31.053110961Z","level":"INFO","source":{"function":"github.com/TecharoHQ/anubis/lib.(*Server).issueChallenge","file":"github.com/TecharoHQ/anubis/lib/anubis.go","line":191},"msg":"new challenge issued","subsystem":"anubis","host":"127.0.0.1:18080","method":"GET","path":"/","user_agent":"Mozilla/5.0 Anubis4090LocalBenchmark/1.0","accept_language":"","priority":"","x-forwarded-for":"","x-real-ip":"192.168.160.1","challenge":"01a0f040-c26d-7144-8f36-7e960006c017","weight":0}
anubis-1   | {"time":"2026-09-30T02:59:34.136869543Z","level":"INFO","source":{"function":"github.com/TecharoHQ/anubis/lib.(*Server).issueChallenge","file":"github.com/TecharoHQ/anubis/lib/anubis.go","line":191},"msg":"new challenge issued","subsystem":"anubis","host":"127.0.0.1:18080","method":"GET","path":"/","user_agent":"Mozilla/5.0 Anubis4090LocalBenchmark/1.0","accept_language":"","priority":"","x-forwarded-for":"","x-real-ip":"192.168.160.1","challenge":"01a0f040-ce78-7ce5-8fef-6465b0131fd1","weight":0}
nginx-1    | 2026-09-30T03:04:39+00:00 GET / 200 0.000 0.001
nginx-1    | 2026-09-30T03:04:44+00:00 GET /.within.website/x/cmd/anubis/api/pass-challenge 302 0.001 0.001
nginx-1    | 2026-09-30T03:04:44+00:00 GET / 200 0.000 0.001
nginx-1    | 2026-09-30T03:04:44+00:00 GET / 200 0.000 0.001
nginx-1    | 2026-09-30T03:04:45+00:00 GET /.within.website/x/cmd/anubis/api/pass-challenge 302 0.000 0.001
nginx-1    | 2026-09-30T03:04:45+00:00 GET / 200 0.000 0.000
nginx-1    | 2026-09-30T03:04:45+00:00 GET / 200 0.000 0.000
nginx-1    | 2026-09-30T03:04:46+00:00 GET /.within.website/x/cmd/anubis/api/pass-challenge 302 0.001 0.001
nginx-1    | 2026-09-30T03:04:46+00:00 GET / 200 0.000 0.001
nginx-1    | 2026-09-30T03:04:46+00:00 GET / 200 0.001 0.001
nginx-1    | 2026-09-30T03:04:47+00:00 GET /.within.website/x/cmd/anubis/api/pass-challenge 302 0.001 0.001
nginx-1    | 2026-09-30T03:04:47+00:00 GET / 200 0.000 0.001
nginx-1    | 2026-09-30T03:04:47+00:00 GET / 200 0.001 0.001
nginx-1    | 2026-09-30T03:04:49+00:00 GET /.within.website/x/cmd/anubis/api/pass-challenge 302 0.001 0.000
nginx-1    | 2026-09-30T03:04:49+00:00 GET / 200 0.001 0.000
nginx-1    | 2026-09-30T03:04:49+00:00 GET / 200 0.000 0.001
nginx-1    | 2026-09-30T03:04:49+00:00 GET /.within.website/x/cmd/anubis/api/pass-challenge 302 0.000 0.000
nginx-1    | 2026-09-30T03:04:49+00:00 GET / 200 0.001 0.001
nginx-1    | 2026-09-30T03:04:49+00:00 GET / 200 0.001 0.000
nginx-1    | 2026-09-30T03:04:50+00:00 GET /.within.website/x/cmd/anubis/api/pass-challenge 302 0.001 0.000
nginx-1    | 2026-09-30T03:04:50+00:00 GET / 200 0.001 0.000
nginx-1    | 2026-09-30T03:04:50+00:00 GET / 200 0.001 0.001
nginx-1    | 2026-09-30T03:04:51+00:00 GET /.within.website/x/cmd/anubis/api/pass-challenge 302 0.001 0.000
nginx-1    | 2026-09-30T03:04:51+00:00 GET / 200 0.001 0.000
nginx-1    | 2026-09-30T03:04:51+00:00 GET / 200 0.001 0.001
nginx-1    | 2026-09-30T03:04:51+00:00 GET /.within.website/x/cmd/anubis/api/pass-challenge 302 0.001 0.000
nginx-1    | 2026-09-30T03:04:51+00:00 GET / 200 0.000 0.000
nginx-1    | 2026-09-30T03:04:51+00:00 GET / 200 0.001 0.001
nginx-1    | 2026-09-30T03:04:58+00:00 GET /.within.website/x/cmd/anubis/api/pass-challenge 302 0.001 0.000
nginx-1    | 2026-09-30T03:04:58+00:00 GET / 200 0.001 0.001
nginx-1    | 2026-09-30T03:04:58+00:00 GET / 200 0.000 0.000
nginx-1    | 2026-09-30T03:04:59+00:00 GET /.within.website/x/cmd/anubis/api/pass-challenge 302 0.000 0.001
nginx-1    | 2026-09-30T03:04:59+00:00 GET / 200 0.000 0.001
nginx-1    | 2026-09-30T03:04:59+00:00 GET / 200 0.001 0.001
nginx-1    | 2026-09-30T03:05:00+00:00 GET /.within.website/x/cmd/anubis/api/pass-challenge 302 0.000 0.001
nginx-1    | 2026-09-30T03:05:00+00:00 GET / 200 0.001 0.000
nginx-1    | 2026-09-30T03:05:00+00:00 GET / 200 0.000 0.001
nginx-1    | 2026-09-30T03:05:05+00:00 GET /.within.website/x/cmd/anubis/api/pass-challenge 302 0.001 0.000
nginx-1    | 2026-09-30T03:05:05+00:00 GET / 200 0.000 0.001
nginx-1    | 2026-09-30T03:05:05+00:00 GET / 200 0.001 0.001
nginx-1    | 2026-09-30T03:05:06+00:00 GET /.within.website/x/cmd/anubis/api/pass-challenge 302 0.000 0.001
nginx-1    | 2026-09-30T03:05:06+00:00 GET / 200 0.001 0.000
nginx-1    | 2026-09-30T03:05:06+00:00 GET / 200 0.001 0.001
nginx-1    | 2026-09-30T03:05:06+00:00 GET /.within.website/x/cmd/anubis/api/pass-challenge 302 0.000 0.001
nginx-1    | 2026-09-30T03:05:06+00:00 GET / 200 0.000 0.000
nginx-1    | 2026-09-30T03:05:06+00:00 GET / 200 0.001 0.000
nginx-1    | 2026-09-30T03:05:09+00:00 GET /.within.website/x/cmd/anubis/api/pass-challenge 302 0.001 0.001
nginx-1    | 2026-09-30T03:05:09+00:00 GET / 200 0.000 0.001
nginx-1    | 2026-09-30T03:05:09+00:00 GET / 200 0.001 0.001
nginx-1    | 2026-09-30T03:05:10+00:00 GET /.within.website/x/cmd/anubis/api/pass-challenge 302 0.001 0.001
nginx-1    | 2026-09-30T03:05:10+00:00 GET / 200 0.000 0.001
nginx-1    | 2026-09-30T03:05:10+00:00 GET / 200 0.001 0.001
nginx-1    | 2026-09-30T03:05:14+00:00 GET /.within.website/x/cmd/anubis/api/pass-challenge 302 0.001 0.001
nginx-1    | 2026-09-30T03:05:14+00:00 GET / 200 0.000 0.000
nginx-1    | 2026-09-30T03:05:14+00:00 GET / 200 0.001 0.001
nginx-1    | 2026-09-30T03:05:16+00:00 GET /.within.website/x/cmd/anubis/api/pass-challenge 302 0.001 0.001
nginx-1    | 2026-09-30T03:05:16+00:00 GET / 200 0.000 0.001
nginx-1    | 2026-09-30T03:05:16+00:00 GET / 200 0.001 0.001
nginx-1    | 2026-09-30T03:05:22+00:00 GET /.within.website/x/cmd/anubis/api/pass-challenge 302 0.000 0.000
nginx-1    | 2026-09-30T03:05:22+00:00 GET / 200 0.000 0.001
nginx-1    | 2026-09-30T03:05:22+00:00 GET / 200 0.001 0.000
nginx-1    | 2026-09-30T03:05:23+00:00 GET /.within.website/x/cmd/anubis/api/pass-challenge 302 0.001 0.000
nginx-1    | 2026-09-30T03:05:23+00:00 GET / 200 0.001 0.001
nginx-1    | 2026-09-30T03:05:23+00:00 GET / 200 0.000 0.000
nginx-1    | 2026-09-30T03:05:24+00:00 GET /.within.website/x/cmd/anubis/api/pass-challenge 302 0.001 0.001
nginx-1    | 2026-09-30T03:05:24+00:00 GET / 200 0.000 0.000
nginx-1    | 2026-09-30T03:05:24+00:00 GET / 200 0.001 0.001
nginx-1    | 2026-09-30T03:05:28+00:00 GET /.within.website/x/cmd/anubis/api/pass-challenge 302 0.000 0.001
nginx-1    | 2026-09-30T03:05:28+00:00 GET / 200 0.000 0.000
nginx-1    | 2026-09-30T03:05:28+00:00 GET / 200 0.000 0.000
nginx-1    | 2026-09-30T03:05:31+00:00 GET /.within.website/x/cmd/anubis/api/pass-challenge 302 0.001 0.001
nginx-1    | 2026-09-30T03:05:31+00:00 GET / 200 0.000 0.000
nginx-1    | 2026-09-30T03:05:31+00:00 GET / 200 0.001 0.001
nginx-1    | 2026-09-30T03:05:32+00:00 GET /.within.website/x/cmd/anubis/api/pass-challenge 302 0.001 0.001
nginx-1    | 2026-09-30T03:05:32+00:00 GET / 200 0.000 0.001
nginx-1    | 2026-09-30T03:05:32+00:00 GET / 200 0.001 0.000
nginx-1    | 2026-09-30T03:05:35+00:00 GET /.within.website/x/cmd/anubis/api/pass-challenge 302 0.000 0.000
nginx-1    | 2026-09-30T03:05:35+00:00 GET / 200 0.001 0.001
nginx-1    | 2026-09-30T03:05:35+00:00 GET / 200 0.000 0.001
nginx-1    | 2026-09-30T03:05:38+00:00 GET /.within.website/x/cmd/anubis/api/pass-challenge 302 0.001 0.001
nginx-1    | 2026-09-30T03:05:38+00:00 GET / 200 0.001 0.001
nginx-1    | 2026-09-30T03:05:38+00:00 GET / 200 0.000 0.000
nginx-1    | 2026-09-30T03:05:41+00:00 GET /.within.website/x/cmd/anubis/api/pass-challenge 302 0.000 0.001
nginx-1    | 2026-09-30T03:05:41+00:00 GET / 200 0.000 0.000
nginx-1    | 2026-09-30T03:05:41+00:00 GET / 200 0.000 0.001
nginx-1    | 2026-09-30T03:05:44+00:00 GET /.within.website/x/cmd/anubis/api/pass-challenge 302 0.001 0.001
nginx-1    | 2026-09-30T03:05:44+00:00 GET / 200 0.000 0.000
nginx-1    | 2026-09-30T03:05:44+00:00 GET / 200 0.001 0.001
nginx-1    | 2026-09-30T03:05:48+00:00 GET /.within.website/x/cmd/anubis/api/pass-challenge 302 0.001 0.000
nginx-1    | 2026-09-30T03:05:48+00:00 GET / 200 0.001 0.001
nginx-1    | 2026-09-30T03:05:48+00:00 GET / 200 0.000 0.001
nginx-1    | 2026-09-30T03:05:51+00:00 GET /.within.website/x/cmd/anubis/api/pass-challenge 302 0.001 0.001
nginx-1    | 2026-09-30T03:05:51+00:00 GET / 200 0.000 0.001
nginx-1    | 2026-09-30T03:05:51+00:00 GET / 200 0.001 0.000
nginx-1    | 2026-09-30T03:05:53+00:00 GET /.within.website/x/cmd/anubis/api/pass-challenge 302 0.001 0.001
nginx-1    | 2026-09-30T03:05:53+00:00 GET / 200 0.000 0.001
nginx-1    | 2026-09-30T03:05:53+00:00 GET / 200 0.001 0.000
nginx-1    | 2026-09-30T03:05:54+00:00 GET /.within.website/x/cmd/anubis/api/pass-challenge 302 0.000 0.001
nginx-1    | 2026-09-30T03:05:54+00:00 GET / 200 0.001 0.000
nginx-1    | 2026-09-30T03:05:54+00:00 GET / 200 0.000 0.001
nginx-1    | 2026-09-30T03:05:54+00:00 GET /.within.website/x/cmd/anubis/api/pass-challenge 302 0.001 0.001
nginx-1    | 2026-09-30T03:05:54+00:00 GET / 200 0.001 0.001
nginx-1    | 2026-09-30T03:05:54+00:00 GET / 200 0.001 0.001
nginx-1    | 2026-09-30T03:05:55+00:00 GET /.within.website/x/cmd/anubis/api/pass-challenge 302 0.001 0.001
nginx-1    | 2026-09-30T03:05:55+00:00 GET / 200 0.000 0.000
nginx-1    | 2026-09-30T03:05:55+00:00 GET / 200 0.001 0.001
nginx-1    | 2026-09-30T03:05:57+00:00 GET /.within.website/x/cmd/anubis/api/pass-challenge 302 0.001 0.001
nginx-1    | 2026-09-30T03:05:57+00:00 GET / 200 0.000 0.001
nginx-1    | 2026-09-30T03:05:57+00:00 GET / 200 0.001 0.001
nginx-1    | 2026-09-30T03:06:02+00:00 GET /.within.website/x/cmd/anubis/api/pass-challenge 302 0.001 0.000
nginx-1    | 2026-09-30T03:06:02+00:00 GET / 200 0.001 0.000
nginx-1    | 2026-09-30T03:06:02+00:00 GET / 200 0.000 0.001
nginx-1    | 2026-09-30T03:06:02+00:00 GET /.within.website/x/cmd/anubis/api/pass-challenge 302 0.001 0.000
nginx-1    | 2026-09-30T03:06:02+00:00 GET / 200 0.000 0.001
anubis-1   | {"time":"2026-09-30T02:59:34.443243848Z","level":"INFO","source":{"function":"github.com/TecharoHQ/anubis/lib.(*Server).issueChallenge","file":"github.com/TecharoHQ/anubis/lib/anubis.go","line":191},"msg":"new challenge issued","subsystem":"anubis","host":"127.0.0.1:18080","method":"GET","path":"/","user_agent":"Mozilla/5.0 Anubis4090LocalBenchmark/1.0","accept_language":"","priority":"","x-forwarded-for":"","x-real-ip":"192.168.160.1","challenge":"01a0f040-cfab-7357-b136-dbad7ae1ef78","weight":0}
anubis-1   | {"time":"2026-09-30T02:59:34.996681518Z","level":"INFO","source":{"function":"github.com/TecharoHQ/anubis/lib.(*Server).issueChallenge","file":"github.com/TecharoHQ/anubis/lib/anubis.go","line":191},"msg":"new challenge issued","subsystem":"anubis","host":"127.0.0.1:18080","method":"GET","path":"/","user_agent":"Mozilla/5.0 Anubis4090LocalBenchmark/1.0","accept_language":"","priority":"","x-forwarded-for":"","x-real-ip":"192.168.160.1","challenge":"01a0f040-d1d4-7a24-92f3-4f781c4b0441","weight":0}
anubis-1   | {"time":"2026-09-30T02:59:37.720031648Z","level":"INFO","source":{"function":"github.com/TecharoHQ/anubis/lib.(*Server).issueChallenge","file":"github.com/TecharoHQ/anubis/lib/anubis.go","line":191},"msg":"new challenge issued","subsystem":"anubis","host":"127.0.0.1:18080","method":"GET","path":"/","user_agent":"Mozilla/5.0 Anubis4090LocalBenchmark/1.0","accept_language":"","priority":"","x-forwarded-for":"","x-real-ip":"192.168.160.1","challenge":"01a0f040-dc78-7015-b799-0872f2ebf344","weight":0}
anubis-1   | {"time":"2026-09-30T02:59:38.227850473Z","level":"INFO","source":{"function":"github.com/TecharoHQ/anubis/lib.(*Server).issueChallenge","file":"github.com/TecharoHQ/anubis/lib/anubis.go","line":191},"msg":"new challenge issued","subsystem":"anubis","host":"127.0.0.1:18080","method":"GET","path":"/","user_agent":"Mozilla/5.0 Anubis4090LocalBenchmark/1.0","accept_language":"","priority":"","x-forwarded-for":"","x-real-ip":"192.168.160.1","challenge":"01a0f040-de73-7c95-9bc6-7c5e28128c25","weight":0}
anubis-1   | {"time":"2026-09-30T02:59:38.425907025Z","level":"INFO","source":{"function":"github.com/TecharoHQ/anubis/lib.(*Server).issueChallenge","file":"github.com/TecharoHQ/anubis/lib/anubis.go","line":191},"msg":"new challenge issued","subsystem":"anubis","host":"127.0.0.1:18080","method":"GET","path":"/","user_agent":"Mozilla/5.0 Anubis4090LocalBenchmark/1.0","accept_language":"","priority":"","x-forwarded-for":"","x-real-ip":"192.168.160.1","challenge":"01a0f040-df39-7d98-bad0-b9515e47f5dd","weight":0}
anubis-1   | {"time":"2026-09-30T02:59:44.360641625Z","level":"INFO","source":{"function":"github.com/TecharoHQ/anubis/lib.(*Server).issueChallenge","file":"github.com/TecharoHQ/anubis/lib/anubis.go","line":191},"msg":"new challenge issued","subsystem":"anubis","host":"127.0.0.1:18080","method":"GET","path":"/","user_agent":"Mozilla/5.0 Anubis4090LocalBenchmark/1.0","accept_language":"","priority":"","x-forwarded-for":"","x-real-ip":"192.168.160.1","challenge":"01a0f040-f668-7990-95d1-408e9910adeb","weight":0}
anubis-1   | {"time":"2026-09-30T02:59:45.068753563Z","level":"INFO","source":{"function":"github.com/TecharoHQ/anubis/lib.(*Server).issueChallenge","file":"github.com/TecharoHQ/anubis/lib/anubis.go","line":191},"msg":"new challenge issued","subsystem":"anubis","host":"127.0.0.1:18080","method":"GET","path":"/","user_agent":"Mozilla/5.0 Anubis4090LocalBenchmark/1.0","accept_language":"","priority":"","x-forwarded-for":"","x-real-ip":"192.168.160.1","challenge":"01a0f040-f92c-7b42-9291-a3122e369857","weight":0}
anubis-1   | {"time":"2026-09-30T02:59:52.633753231Z","level":"INFO","source":{"function":"github.com/TecharoHQ/anubis/lib.(*Server).issueChallenge","file":"github.com/TecharoHQ/anubis/lib/anubis.go","line":191},"msg":"new challenge issued","subsystem":"anubis","host":"127.0.0.1:18080","method":"GET","path":"/","user_agent":"Mozilla/5.0 Anubis4090LocalBenchmark/1.0","accept_language":"","priority":"","x-forwarded-for":"","x-real-ip":"192.168.160.1","challenge":"01a0f041-16b9-7b03-b720-4edf8bc77683","weight":0}
anubis-1   | {"time":"2026-09-30T02:59:53.604493003Z","level":"INFO","source":{"function":"github.com/TecharoHQ/anubis/lib.(*Server).issueChallenge","file":"github.com/TecharoHQ/anubis/lib/anubis.go","line":191},"msg":"new challenge issued","subsystem":"anubis","host":"127.0.0.1:18080","method":"GET","path":"/","user_agent":"Mozilla/5.0 Anubis4090LocalBenchmark/1.0","accept_language":"","priority":"","x-forwarded-for":"","x-real-ip":"192.168.160.1","challenge":"01a0f041-1a84-76ec-888e-be1b3b9fa44d","weight":0}
anubis-1   | {"time":"2026-09-30T02:59:54.029094806Z","level":"INFO","source":{"function":"github.com/TecharoHQ/anubis/lib.(*Server).issueChallenge","file":"github.com/TecharoHQ/anubis/lib/anubis.go","line":191},"msg":"new challenge issued","subsystem":"anubis","host":"127.0.0.1:18080","method":"GET","path":"/","user_agent":"Mozilla/5.0 Anubis4090LocalBenchmark/1.0","accept_language":"","priority":"","x-forwarded-for":"","x-real-ip":"192.168.160.1","challenge":"01a0f041-1c2d-7109-9250-d26a81d61510","weight":0}
anubis-1   | {"time":"2026-09-30T02:59:55.561365814Z","level":"INFO","source":{"function":"github.com/TecharoHQ/anubis/lib.(*Server).issueChallenge","file":"github.com/TecharoHQ/anubis/lib/anubis.go","line":191},"msg":"new challenge issued","subsystem":"anubis","host":"127.0.0.1:18080","method":"GET","path":"/","user_agent":"Mozilla/5.0 Anubis4090LocalBenchmark/1.0","accept_language":"","priority":"","x-forwarded-for":"","x-real-ip":"192.168.160.1","challenge":"01a0f041-2229-7529-bcb7-de2272d1d55a","weight":0}
anubis-1   | {"time":"2026-09-30T02:59:56.951040963Z","level":"INFO","source":{"function":"github.com/TecharoHQ/anubis/lib.(*Server).issueChallenge","file":"github.com/TecharoHQ/anubis/lib/anubis.go","line":191},"msg":"new challenge issued","subsystem":"anubis","host":"127.0.0.1:18080","method":"GET","path":"/","user_agent":"Mozilla/5.0 Anubis4090LocalBenchmark/1.0","accept_language":"","priority":"","x-forwarded-for":"","x-real-ip":"192.168.160.1","challenge":"01a0f041-2797-7035-80b2-62db621d5734","weight":0}
anubis-1   | {"time":"2026-09-30T02:59:57.002282032Z","level":"INFO","source":{"function":"github.com/TecharoHQ/anubis/lib.(*Server).issueChallenge","file":"github.com/TecharoHQ/anubis/lib/anubis.go","line":191},"msg":"new challenge issued","subsystem":"anubis","host":"127.0.0.1:18080","method":"GET","path":"/","user_agent":"Mozilla/5.0 Anubis4090LocalBenchmark/1.0","accept_language":"","priority":"","x-forwarded-for":"","x-real-ip":"192.168.160.1","challenge":"01a0f041-27ca-7409-aa64-51040c7f374c","weight":0}
anubis-1   | {"time":"2026-09-30T02:59:57.069811413Z","level":"INFO","source":{"function":"github.com/TecharoHQ/anubis/lib.(*Server).issueChallenge","file":"github.com/TecharoHQ/anubis/lib/anubis.go","line":191},"msg":"new challenge issued","subsystem":"anubis","host":"127.0.0.1:18080","method":"GET","path":"/","user_agent":"Mozilla/5.0 Anubis4090LocalBenchmark/1.0","accept_language":"","priority":"","x-forwarded-for":"","x-real-ip":"192.168.160.1","challenge":"01a0f041-280d-7b97-a4b4-58b56c7b94bd","weight":0}
nginx-1    | 2026-09-30T03:06:02+00:00 GET / 200 0.001 0.000
nginx-1    | 2026-09-30T03:06:02+00:00 GET /.within.website/x/cmd/anubis/api/pass-challenge 302 0.000 0.000
nginx-1    | 2026-09-30T03:06:02+00:00 GET / 200 0.001 0.001
nginx-1    | 2026-09-30T03:06:02+00:00 GET / 200 0.000 0.001
nginx-1    | 2026-09-30T03:06:03+00:00 GET /.within.website/x/cmd/anubis/api/pass-challenge 302 0.001 0.000
nginx-1    | 2026-09-30T03:06:03+00:00 GET / 200 0.001 0.001
nginx-1    | 2026-09-30T03:06:03+00:00 GET / 200 0.000 0.001
nginx-1    | 2026-09-30T03:06:04+00:00 GET /.within.website/x/cmd/anubis/api/pass-challenge 302 0.001 0.001
nginx-1    | 2026-09-30T03:06:04+00:00 GET / 200 0.000 0.001
nginx-1    | 2026-09-30T03:06:04+00:00 GET / 200 0.001 0.001
nginx-1    | 2026-09-30T03:06:05+00:00 GET /.within.website/x/cmd/anubis/api/pass-challenge 302 0.000 0.001
nginx-1    | 2026-09-30T03:06:05+00:00 GET / 200 0.001 0.000
nginx-1    | 2026-09-30T03:06:05+00:00 GET / 200 0.001 0.001
nginx-1    | 2026-09-30T03:06:08+00:00 GET /.within.website/x/cmd/anubis/api/pass-challenge 302 0.001 0.001
nginx-1    | 2026-09-30T03:06:08+00:00 GET / 200 0.000 0.001
nginx-1    | 2026-09-30T03:06:08+00:00 GET / 200 0.001 0.000
nginx-1    | 2026-09-30T03:06:09+00:00 GET /.within.website/x/cmd/anubis/api/pass-challenge 302 0.001 0.000
nginx-1    | 2026-09-30T03:06:09+00:00 GET / 200 0.001 0.001
nginx-1    | 2026-09-30T03:06:09+00:00 GET / 200 0.000 0.000
nginx-1    | 2026-09-30T03:06:11+00:00 GET /.within.website/x/cmd/anubis/api/pass-challenge 302 0.001 0.000
nginx-1    | 2026-09-30T03:06:11+00:00 GET / 200 0.000 0.001
nginx-1    | 2026-09-30T03:06:11+00:00 GET / 200 0.001 0.001
nginx-1    | 2026-09-30T03:06:11+00:00 GET /.within.website/x/cmd/anubis/api/pass-challenge 302 0.001 0.000
nginx-1    | 2026-09-30T03:06:11+00:00 GET / 200 0.001 0.000
nginx-1    | 2026-09-30T03:06:11+00:00 GET / 200 0.001 0.001
nginx-1    | 2026-09-30T03:06:12+00:00 GET /.within.website/x/cmd/anubis/api/pass-challenge 302 0.001 0.001
nginx-1    | 2026-09-30T03:06:12+00:00 GET / 200 0.000 0.001
nginx-1    | 2026-09-30T03:06:12+00:00 GET / 200 0.000 0.001
nginx-1    | 2026-09-30T03:06:13+00:00 GET /.within.website/x/cmd/anubis/api/pass-challenge 302 0.000 0.001
nginx-1    | 2026-09-30T03:06:13+00:00 GET / 200 0.001 0.001
nginx-1    | 2026-09-30T03:06:13+00:00 GET / 200 0.001 0.000
nginx-1    | 2026-09-30T03:06:16+00:00 GET /.within.website/x/cmd/anubis/api/pass-challenge 302 0.001 0.001
nginx-1    | 2026-09-30T03:06:16+00:00 GET / 200 0.000 0.001
anubis-1   | {"time":"2026-09-30T02:59:59.785507514Z","level":"INFO","source":{"function":"github.com/TecharoHQ/anubis/lib.(*Server).issueChallenge","file":"github.com/TecharoHQ/anubis/lib/anubis.go","line":191},"msg":"new challenge issued","subsystem":"anubis","host":"127.0.0.1:18080","method":"GET","path":"/","user_agent":"Mozilla/5.0 Anubis4090LocalBenchmark/1.0","accept_language":"","priority":"","x-forwarded-for":"","x-real-ip":"192.168.160.1","challenge":"01a0f041-32a9-7769-a3d3-d9a9b048611a","weight":0}
nginx-1    | 2026-09-30T03:06:16+00:00 GET / 200 0.001 0.000
nginx-1    | 2026-09-30T03:06:17+00:00 GET /.within.website/x/cmd/anubis/api/pass-challenge 302 0.000 0.001
nginx-1    | 2026-09-30T03:06:17+00:00 GET / 200 0.001 0.000
nginx-1    | 2026-09-30T03:06:17+00:00 GET / 200 0.000 0.001
nginx-1    | 2026-09-30T03:06:17+00:00 GET /.within.website/x/cmd/anubis/api/pass-challenge 302 0.001 0.000
nginx-1    | 2026-09-30T03:06:17+00:00 GET / 200 0.001 0.001
nginx-1    | 2026-09-30T03:06:17+00:00 GET / 200 0.000 0.000
nginx-1    | 2026-09-30T03:06:18+00:00 GET /.within.website/x/cmd/anubis/api/pass-challenge 302 0.000 0.001
nginx-1    | 2026-09-30T03:06:18+00:00 GET / 200 0.001 0.000
nginx-1    | 2026-09-30T03:06:18+00:00 GET / 200 0.001 0.001
nginx-1    | 2026-09-30T03:06:18+00:00 GET /.within.website/x/cmd/anubis/api/pass-challenge 302 0.000 0.001
nginx-1    | 2026-09-30T03:06:18+00:00 GET / 200 0.001 0.001
nginx-1    | 2026-09-30T03:06:18+00:00 GET / 200 0.001 0.001
anubis-1   | {"time":"2026-09-30T03:00:01.104480228Z","level":"INFO","source":{"function":"github.com/TecharoHQ/anubis/lib.(*Server).issueChallenge","file":"github.com/TecharoHQ/anubis/lib/anubis.go","line":191},"msg":"new challenge issued","subsystem":"anubis","host":"127.0.0.1:18080","method":"GET","path":"/","user_agent":"Mozilla/5.0 Anubis4090LocalBenchmark/1.0","accept_language":"","priority":"","x-forwarded-for":"","x-real-ip":"192.168.160.1","challenge":"01a0f041-37d0-771e-9fcf-fcd438943e7d","weight":0}
anubis-1   | {"time":"2026-09-30T03:00:02.531801073Z","level":"INFO","source":{"function":"github.com/TecharoHQ/anubis/lib.(*Server).issueChallenge","file":"github.com/TecharoHQ/anubis/lib/anubis.go","line":191},"msg":"new challenge issued","subsystem":"anubis","host":"127.0.0.1:18080","method":"GET","path":"/","user_agent":"Mozilla/5.0 Anubis4090LocalBenchmark/1.0","accept_language":"","priority":"","x-forwarded-for":"","x-real-ip":"192.168.160.1","challenge":"01a0f041-3d63-7c08-b4aa-c216b9b7aa5a","weight":0}
anubis-1   | {"time":"2026-09-30T03:00:04.050650095Z","level":"INFO","source":{"function":"github.com/TecharoHQ/anubis/lib.(*Server).issueChallenge","file":"github.com/TecharoHQ/anubis/lib/anubis.go","line":191},"msg":"new challenge issued","subsystem":"anubis","host":"127.0.0.1:18080","method":"GET","path":"/","user_agent":"Mozilla/5.0 Anubis4090LocalBenchmark/1.0","accept_language":"","priority":"","x-forwarded-for":"","x-real-ip":"192.168.160.1","challenge":"01a0f041-4352-79a1-abf9-53c3c1069980","weight":0}
anubis-1   | {"time":"2026-09-30T03:00:07.494400354Z","level":"INFO","source":{"function":"github.com/TecharoHQ/anubis/lib.(*Server).issueChallenge","file":"github.com/TecharoHQ/anubis/lib/anubis.go","line":191},"msg":"new challenge issued","subsystem":"anubis","host":"127.0.0.1:18080","method":"GET","path":"/","user_agent":"Mozilla/5.0 Anubis4090LocalBenchmark/1.0","accept_language":"","priority":"","x-forwarded-for":"","x-real-ip":"192.168.160.1","challenge":"01a0f041-50c6-75e3-b11c-99969b96e5c9","weight":0}
anubis-1   | {"time":"2026-09-30T03:00:08.483320059Z","level":"INFO","source":{"function":"github.com/TecharoHQ/anubis/lib.(*Server).issueChallenge","file":"github.com/TecharoHQ/anubis/lib/anubis.go","line":191},"msg":"new challenge issued","subsystem":"anubis","host":"127.0.0.1:18080","method":"GET","path":"/","user_agent":"Mozilla/5.0 Anubis4090LocalBenchmark/1.0","accept_language":"","priority":"","x-forwarded-for":"","x-real-ip":"192.168.160.1","challenge":"01a0f041-54a3-747d-85be-54532f374805","weight":0}
anubis-1   | {"time":"2026-09-30T03:00:10.720666328Z","level":"INFO","source":{"function":"github.com/TecharoHQ/anubis/lib.(*Server).issueChallenge","file":"github.com/TecharoHQ/anubis/lib/anubis.go","line":191},"msg":"new challenge issued","subsystem":"anubis","host":"127.0.0.1:18080","method":"GET","path":"/","user_agent":"Mozilla/5.0 Anubis4090LocalBenchmark/1.0","accept_language":"","priority":"","x-forwarded-for":"","x-real-ip":"192.168.160.1","challenge":"01a0f041-5d60-79c3-89ea-5fc76f100eb1","weight":0}
anubis-1   | {"time":"2026-09-30T03:00:11.874376043Z","level":"INFO","source":{"function":"github.com/TecharoHQ/anubis/lib.(*Server).issueChallenge","file":"github.com/TecharoHQ/anubis/lib/anubis.go","line":191},"msg":"new challenge issued","subsystem":"anubis","host":"127.0.0.1:18080","method":"GET","path":"/","user_agent":"Mozilla/5.0 Anubis4090LocalBenchmark/1.0","accept_language":"","priority":"","x-forwarded-for":"","x-real-ip":"192.168.160.1","challenge":"01a0f041-61e2-7580-a701-3938c88681e2","weight":0}
anubis-1   | {"time":"2026-09-30T03:00:12.428207305Z","level":"INFO","source":{"function":"github.com/TecharoHQ/anubis/lib.(*Server).issueChallenge","file":"github.com/TecharoHQ/anubis/lib/anubis.go","line":191},"msg":"new challenge issued","subsystem":"anubis","host":"127.0.0.1:18080","method":"GET","path":"/","user_agent":"Mozilla/5.0 Anubis4090LocalBenchmark/1.0","accept_language":"","priority":"","x-forwarded-for":"","x-real-ip":"192.168.160.1","challenge":"01a0f041-640c-72c8-8c89-dd7597dbf8fd","weight":0}
anubis-1   | {"time":"2026-09-30T03:00:12.451890647Z","level":"INFO","source":{"function":"github.com/TecharoHQ/anubis/lib.(*Server).issueChallenge","file":"github.com/TecharoHQ/anubis/lib/anubis.go","line":191},"msg":"new challenge issued","subsystem":"anubis","host":"127.0.0.1:18080","method":"GET","path":"/","user_agent":"Mozilla/5.0 Anubis4090LocalBenchmark/1.0","accept_language":"","priority":"","x-forwarded-for":"","x-real-ip":"192.168.160.1","challenge":"01a0f041-6423-7d3b-999d-2278f339cbea","weight":0}
anubis-1   | {"time":"2026-09-30T03:00:14.33595997Z","level":"INFO","source":{"function":"github.com/TecharoHQ/anubis/lib.(*Server).issueChallenge","file":"github.com/TecharoHQ/anubis/lib/anubis.go","line":191},"msg":"new challenge issued","subsystem":"anubis","host":"127.0.0.1:18080","method":"GET","path":"/","user_agent":"Mozilla/5.0 Anubis4090LocalBenchmark/1.0","accept_language":"","priority":"","x-forwarded-for":"","x-real-ip":"192.168.160.1","challenge":"01a0f041-6b7f-7e60-91c3-e5261382c894","weight":0}
anubis-1   | {"time":"2026-09-30T03:00:17.700854486Z","level":"INFO","source":{"function":"github.com/TecharoHQ/anubis/lib.(*Server).issueChallenge","file":"github.com/TecharoHQ/anubis/lib/anubis.go","line":191},"msg":"new challenge issued","subsystem":"anubis","host":"127.0.0.1:18080","method":"GET","path":"/","user_agent":"Mozilla/5.0 Anubis4090LocalBenchmark/1.0","accept_language":"","priority":"","x-forwarded-for":"","x-real-ip":"192.168.160.1","challenge":"01a0f041-78a4-7ca2-b695-0a413b80a415","weight":0}
anubis-1   | {"time":"2026-09-30T03:00:22.72283496Z","level":"INFO","source":{"function":"github.com/TecharoHQ/anubis/lib.(*Server).issueChallenge","file":"github.com/TecharoHQ/anubis/lib/anubis.go","line":191},"msg":"new challenge issued","subsystem":"anubis","host":"127.0.0.1:18080","method":"GET","path":"/","user_agent":"Mozilla/5.0 Anubis4090LocalBenchmark/1.0","accept_language":"","priority":"","x-forwarded-for":"","x-real-ip":"192.168.160.1","challenge":"01a0f041-8c42-7c72-9978-4097a0acb3f0","weight":0}
anubis-1   | {"time":"2026-09-30T03:00:23.043697438Z","level":"INFO","source":{"function":"github.com/TecharoHQ/anubis/lib.(*Server).issueChallenge","file":"github.com/TecharoHQ/anubis/lib/anubis.go","line":191},"msg":"new challenge issued","subsystem":"anubis","host":"127.0.0.1:18080","method":"GET","path":"/","user_agent":"Mozilla/5.0 Anubis4090LocalBenchmark/1.0","accept_language":"","priority":"","x-forwarded-for":"","x-real-ip":"192.168.160.1","challenge":"01a0f041-8d83-7a39-88bd-2c71403c7f5b","weight":0}
anubis-1   | {"time":"2026-09-30T03:00:28.985685503Z","level":"INFO","source":{"function":"github.com/TecharoHQ/anubis/lib.(*Server).issueChallenge","file":"github.com/TecharoHQ/anubis/lib/anubis.go","line":191},"msg":"new challenge issued","subsystem":"anubis","host":"127.0.0.1:18080","method":"GET","path":"/","user_agent":"Mozilla/5.0 Anubis4090LocalBenchmark/1.0","accept_language":"","priority":"","x-forwarded-for":"","x-real-ip":"192.168.160.1","challenge":"01a0f041-a4b9-7a0a-aae1-ed7cb27df8fd","weight":0}
anubis-1   | {"time":"2026-09-30T03:00:34.808408226Z","level":"INFO","source":{"function":"github.com/TecharoHQ/anubis/lib.(*Server).issueChallenge","file":"github.com/TecharoHQ/anubis/lib/anubis.go","line":191},"msg":"new challenge issued","subsystem":"anubis","host":"127.0.0.1:18080","method":"GET","path":"/","user_agent":"Mozilla/5.0 Anubis4090LocalBenchmark/1.0","accept_language":"","priority":"","x-forwarded-for":"","x-real-ip":"192.168.160.1","challenge":"01a0f041-bb78-75f3-a6ba-b280d153437a","weight":0}
anubis-1   | {"time":"2026-09-30T03:00:46.455237467Z","level":"INFO","source":{"function":"github.com/TecharoHQ/anubis/lib.(*Server).issueChallenge","file":"github.com/TecharoHQ/anubis/lib/anubis.go","line":191},"msg":"new challenge issued","subsystem":"anubis","host":"127.0.0.1:18080","method":"GET","path":"/","user_agent":"Mozilla/5.0 Anubis4090LocalBenchmark/1.0","accept_language":"","priority":"","x-forwarded-for":"","x-real-ip":"192.168.160.1","challenge":"01a0f041-e8f7-7347-a9b4-ad5ceff552f8","weight":0}
anubis-1   | {"time":"2026-09-30T03:00:47.623032166Z","level":"INFO","source":{"function":"github.com/TecharoHQ/anubis/lib.(*Server).issueChallenge","file":"github.com/TecharoHQ/anubis/lib/anubis.go","line":191},"msg":"new challenge issued","subsystem":"anubis","host":"127.0.0.1:18080","method":"GET","path":"/","user_agent":"Mozilla/5.0 Anubis4090LocalBenchmark/1.0","accept_language":"","priority":"","x-forwarded-for":"","x-real-ip":"192.168.160.1","challenge":"01a0f041-ed87-700c-9ac5-a07069de759e","weight":0}
anubis-1   | {"time":"2026-09-30T03:00:47.954151943Z","level":"INFO","source":{"function":"github.com/TecharoHQ/anubis/lib.(*Server).issueChallenge","file":"github.com/TecharoHQ/anubis/lib/anubis.go","line":191},"msg":"new challenge issued","subsystem":"anubis","host":"127.0.0.1:18080","method":"GET","path":"/","user_agent":"Mozilla/5.0 Anubis4090LocalBenchmark/1.0","accept_language":"","priority":"","x-forwarded-for":"","x-real-ip":"192.168.160.1","challenge":"01a0f041-eed2-71e5-945a-f6a19c38c403","weight":0}
anubis-1   | {"time":"2026-09-30T03:00:50.638293284Z","level":"INFO","source":{"function":"github.com/TecharoHQ/anubis/lib.(*Server).issueChallenge","file":"github.com/TecharoHQ/anubis/lib/anubis.go","line":191},"msg":"new challenge issued","subsystem":"anubis","host":"127.0.0.1:18080","method":"GET","path":"/","user_agent":"Mozilla/5.0 Anubis4090LocalBenchmark/1.0","accept_language":"","priority":"","x-forwarded-for":"","x-real-ip":"192.168.160.1","challenge":"01a0f041-f94e-741b-9a81-a2a828af0707","weight":0}
anubis-1   | {"time":"2026-09-30T03:00:50.664642305Z","level":"INFO","source":{"function":"github.com/TecharoHQ/anubis/lib.(*Server).issueChallenge","file":"github.com/TecharoHQ/anubis/lib/anubis.go","line":191},"msg":"new challenge issued","subsystem":"anubis","host":"127.0.0.1:18080","method":"GET","path":"/","user_agent":"Mozilla/5.0 Anubis4090LocalBenchmark/1.0","accept_language":"","priority":"","x-forwarded-for":"","x-real-ip":"192.168.160.1","challenge":"01a0f041-f968-799f-893d-f47cd2fdece2","weight":0}
anubis-1   | {"time":"2026-09-30T03:00:50.865358093Z","level":"INFO","source":{"function":"github.com/TecharoHQ/anubis/lib.(*Server).issueChallenge","file":"github.com/TecharoHQ/anubis/lib/anubis.go","line":191},"msg":"new challenge issued","subsystem":"anubis","host":"127.0.0.1:18080","method":"GET","path":"/","user_agent":"Mozilla/5.0 Anubis4090LocalBenchmark/1.0","accept_language":"","priority":"","x-forwarded-for":"","x-real-ip":"192.168.160.1","challenge":"01a0f041-fa31-7536-90e2-00d6cfdeb6f6","weight":0}
anubis-1   | {"time":"2026-09-30T03:00:56.206356452Z","level":"INFO","source":{"function":"github.com/TecharoHQ/anubis/lib.(*Server).issueChallenge","file":"github.com/TecharoHQ/anubis/lib/anubis.go","line":191},"msg":"new challenge issued","subsystem":"anubis","host":"127.0.0.1:18080","method":"GET","path":"/","user_agent":"Mozilla/5.0 Anubis4090LocalBenchmark/1.0","accept_language":"","priority":"","x-forwarded-for":"","x-real-ip":"192.168.160.1","challenge":"01a0f042-0f0e-7535-a7f0-625e8c703592","weight":0}
anubis-1   | {"time":"2026-09-30T03:00:56.835032577Z","level":"INFO","source":{"function":"github.com/TecharoHQ/anubis/lib.(*Server).issueChallenge","file":"github.com/TecharoHQ/anubis/lib/anubis.go","line":191},"msg":"new challenge issued","subsystem":"anubis","host":"127.0.0.1:18080","method":"GET","path":"/","user_agent":"Mozilla/5.0 Anubis4090LocalBenchmark/1.0","accept_language":"","priority":"","x-forwarded-for":"","x-real-ip":"192.168.160.1","challenge":"01a0f042-1183-7014-b89b-9e6c75014f5e","weight":0}
anubis-1   | {"time":"2026-09-30T03:00:58.596077731Z","level":"INFO","source":{"function":"github.com/TecharoHQ/anubis/lib.(*Server).issueChallenge","file":"github.com/TecharoHQ/anubis/lib/anubis.go","line":191},"msg":"new challenge issued","subsystem":"anubis","host":"127.0.0.1:18080","method":"GET","path":"/","user_agent":"Mozilla/5.0 Anubis4090LocalBenchmark/1.0","accept_language":"","priority":"","x-forwarded-for":"","x-real-ip":"192.168.160.1","challenge":"01a0f042-1864-70f0-a8a7-fbec57985642","weight":0}
anubis-1   | {"time":"2026-09-30T03:00:59.39407823Z","level":"INFO","source":{"function":"github.com/TecharoHQ/anubis/lib.(*Server).issueChallenge","file":"github.com/TecharoHQ/anubis/lib/anubis.go","line":191},"msg":"new challenge issued","subsystem":"anubis","host":"127.0.0.1:18080","method":"GET","path":"/","user_agent":"Mozilla/5.0 Anubis4090LocalBenchmark/1.0","accept_language":"","priority":"","x-forwarded-for":"","x-real-ip":"192.168.160.1","challenge":"01a0f042-1b82-70c3-a688-31a4d853b062","weight":0}
anubis-1   | {"time":"2026-09-30T03:01:00.897771742Z","level":"INFO","source":{"function":"github.com/TecharoHQ/anubis/lib.(*Server).issueChallenge","file":"github.com/TecharoHQ/anubis/lib/anubis.go","line":191},"msg":"new challenge issued","subsystem":"anubis","host":"127.0.0.1:18080","method":"GET","path":"/","user_agent":"Mozilla/5.0 Anubis4090LocalBenchmark/1.0","accept_language":"","priority":"","x-forwarded-for":"","x-real-ip":"192.168.160.1","challenge":"01a0f042-2161-7b85-a169-b95c4dc3f607","weight":0}
anubis-1   | {"time":"2026-09-30T03:01:01.909150756Z","level":"INFO","source":{"function":"github.com/TecharoHQ/anubis/lib.(*Server).issueChallenge","file":"github.com/TecharoHQ/anubis/lib/anubis.go","line":191},"msg":"new challenge issued","subsystem":"anubis","host":"127.0.0.1:18080","method":"GET","path":"/","user_agent":"Mozilla/5.0 Anubis4090LocalBenchmark/1.0","accept_language":"","priority":"","x-forwarded-for":"","x-real-ip":"192.168.160.1","challenge":"01a0f042-2555-71e5-82aa-7db8ed29a06f","weight":0}
anubis-1   | {"time":"2026-09-30T03:01:02.625912316Z","level":"INFO","source":{"function":"github.com/TecharoHQ/anubis/lib.(*Server).issueChallenge","file":"github.com/TecharoHQ/anubis/lib/anubis.go","line":191},"msg":"new challenge issued","subsystem":"anubis","host":"127.0.0.1:18080","method":"GET","path":"/","user_agent":"Mozilla/5.0 Anubis4090LocalBenchmark/1.0","accept_language":"","priority":"","x-forwarded-for":"","x-real-ip":"192.168.160.1","challenge":"01a0f042-2821-7d88-92c5-4859eebf4745","weight":0}
anubis-1   | {"time":"2026-09-30T03:01:04.133679076Z","level":"INFO","source":{"function":"github.com/TecharoHQ/anubis/lib.(*Server).issueChallenge","file":"github.com/TecharoHQ/anubis/lib/anubis.go","line":191},"msg":"new challenge issued","subsystem":"anubis","host":"127.0.0.1:18080","method":"GET","path":"/","user_agent":"Mozilla/5.0 Anubis4090LocalBenchmark/1.0","accept_language":"","priority":"","x-forwarded-for":"","x-real-ip":"192.168.160.1","challenge":"01a0f042-2e05-7a1b-99fc-bec61fb48a12","weight":0}
anubis-1   | {"time":"2026-09-30T03:01:04.530531282Z","level":"INFO","source":{"function":"github.com/TecharoHQ/anubis/lib.(*Server).issueChallenge","file":"github.com/TecharoHQ/anubis/lib/anubis.go","line":191},"msg":"new challenge issued","subsystem":"anubis","host":"127.0.0.1:18080","method":"GET","path":"/","user_agent":"Mozilla/5.0 Anubis4090LocalBenchmark/1.0","accept_language":"","priority":"","x-forwarded-for":"","x-real-ip":"192.168.160.1","challenge":"01a0f042-2f92-77d7-955f-eec91cac114c","weight":0}
anubis-1   | {"time":"2026-09-30T03:01:05.972906296Z","level":"INFO","source":{"function":"github.com/TecharoHQ/anubis/lib.(*Server).issueChallenge","file":"github.com/TecharoHQ/anubis/lib/anubis.go","line":191},"msg":"new challenge issued","subsystem":"anubis","host":"127.0.0.1:18080","method":"GET","path":"/","user_agent":"Mozilla/5.0 Anubis4090LocalBenchmark/1.0","accept_language":"","priority":"","x-forwarded-for":"","x-real-ip":"192.168.160.1","challenge":"01a0f042-3534-7d5a-b29c-76c0d58b751c","weight":0}
anubis-1   | {"time":"2026-09-30T03:01:06.077565281Z","level":"INFO","source":{"function":"github.com/TecharoHQ/anubis/lib.(*Server).issueChallenge","file":"github.com/TecharoHQ/anubis/lib/anubis.go","line":191},"msg":"new challenge issued","subsystem":"anubis","host":"127.0.0.1:18080","method":"GET","path":"/","user_agent":"Mozilla/5.0 Anubis4090LocalBenchmark/1.0","accept_language":"","priority":"","x-forwarded-for":"","x-real-ip":"192.168.160.1","challenge":"01a0f042-359d-782f-9928-96150503d5d6","weight":0}
anubis-1   | {"time":"2026-09-30T03:01:10.989025866Z","level":"INFO","source":{"function":"github.com/TecharoHQ/anubis/lib.(*Server).issueChallenge","file":"github.com/TecharoHQ/anubis/lib/anubis.go","line":191},"msg":"new challenge issued","subsystem":"anubis","host":"127.0.0.1:18080","method":"GET","path":"/","user_agent":"Mozilla/5.0 Anubis4090LocalBenchmark/1.0","accept_language":"","priority":"","x-forwarded-for":"","x-real-ip":"192.168.160.1","challenge":"01a0f042-48cc-7f3f-acb3-bfb138e243e5","weight":0}
anubis-1   | {"time":"2026-09-30T03:01:16.137380873Z","level":"INFO","source":{"function":"github.com/TecharoHQ/anubis/lib.(*Server).issueChallenge","file":"github.com/TecharoHQ/anubis/lib/anubis.go","line":191},"msg":"new challenge issued","subsystem":"anubis","host":"127.0.0.1:18080","method":"GET","path":"/","user_agent":"Mozilla/5.0 Anubis4090LocalBenchmark/1.0","accept_language":"","priority":"","x-forwarded-for":"","x-real-ip":"192.168.160.1","challenge":"01a0f042-5ce9-755f-a4c9-959eae68b0e9","weight":0}
anubis-1   | {"time":"2026-09-30T03:01:16.285202881Z","level":"INFO","source":{"function":"github.com/TecharoHQ/anubis/lib.(*Server).issueChallenge","file":"github.com/TecharoHQ/anubis/lib/anubis.go","line":191},"msg":"new challenge issued","subsystem":"anubis","host":"127.0.0.1:18080","method":"GET","path":"/","user_agent":"Mozilla/5.0 Anubis4090LocalBenchmark/1.0","accept_language":"","priority":"","x-forwarded-for":"","x-real-ip":"192.168.160.1","challenge":"01a0f042-5d7d-72d5-b75f-ba74fd5e943f","weight":0}
anubis-1   | {"time":"2026-09-30T03:01:17.552276939Z","level":"INFO","source":{"function":"github.com/TecharoHQ/anubis/lib.(*Server).issueChallenge","file":"github.com/TecharoHQ/anubis/lib/anubis.go","line":191},"msg":"new challenge issued","subsystem":"anubis","host":"127.0.0.1:18080","method":"GET","path":"/","user_agent":"Mozilla/5.0 Anubis4090LocalBenchmark/1.0","accept_language":"","priority":"","x-forwarded-for":"","x-real-ip":"192.168.160.1","challenge":"01a0f042-6270-73d5-a7ee-5205b99b2a86","weight":0}
anubis-1   | {"time":"2026-09-30T03:01:18.477844016Z","level":"INFO","source":{"function":"github.com/TecharoHQ/anubis/lib.(*Server).issueChallenge","file":"github.com/TecharoHQ/anubis/lib/anubis.go","line":191},"msg":"new challenge issued","subsystem":"anubis","host":"127.0.0.1:18080","method":"GET","path":"/","user_agent":"Mozilla/5.0 Anubis4090LocalBenchmark/1.0","accept_language":"","priority":"","x-forwarded-for":"","x-real-ip":"192.168.160.1","challenge":"01a0f042-660d-7c62-82c4-58c6e31fa158","weight":0}
anubis-1   | {"time":"2026-09-30T03:01:19.812297382Z","level":"INFO","source":{"function":"github.com/TecharoHQ/anubis/lib.(*Server).issueChallenge","file":"github.com/TecharoHQ/anubis/lib/anubis.go","line":191},"msg":"new challenge issued","subsystem":"anubis","host":"127.0.0.1:18080","method":"GET","path":"/","user_agent":"Mozilla/5.0 Anubis4090LocalBenchmark/1.0","accept_language":"","priority":"","x-forwarded-for":"","x-real-ip":"192.168.160.1","challenge":"01a0f042-6b44-744e-a705-dc533f1043ee","weight":0}
anubis-1   | {"time":"2026-09-30T03:01:21.600030386Z","level":"INFO","source":{"function":"github.com/TecharoHQ/anubis/lib.(*Server).issueChallenge","file":"github.com/TecharoHQ/anubis/lib/anubis.go","line":191},"msg":"new challenge issued","subsystem":"anubis","host":"127.0.0.1:18080","method":"GET","path":"/","user_agent":"Mozilla/5.0 Anubis4090LocalBenchmark/1.0","accept_language":"","priority":"","x-forwarded-for":"","x-real-ip":"192.168.160.1","challenge":"01a0f042-7240-7039-9724-0cca8ca3b5e9","weight":0}
anubis-1   | {"time":"2026-09-30T03:01:24.501249485Z","level":"INFO","source":{"function":"github.com/TecharoHQ/anubis/lib.(*Server).issueChallenge","file":"github.com/TecharoHQ/anubis/lib/anubis.go","line":191},"msg":"new challenge issued","subsystem":"anubis","host":"127.0.0.1:18080","method":"GET","path":"/","user_agent":"Mozilla/5.0 Anubis4090LocalBenchmark/1.0","accept_language":"","priority":"","x-forwarded-for":"","x-real-ip":"192.168.160.1","challenge":"01a0f042-7d95-738f-a4c1-392f81b62b6a","weight":0}
anubis-1   | {"time":"2026-09-30T03:01:28.038435071Z","level":"INFO","source":{"function":"github.com/TecharoHQ/anubis/lib.(*Server).issueChallenge","file":"github.com/TecharoHQ/anubis/lib/anubis.go","line":191},"msg":"new challenge issued","subsystem":"anubis","host":"127.0.0.1:18080","method":"GET","path":"/","user_agent":"Mozilla/5.0 Anubis4090LocalBenchmark/1.0","accept_language":"","priority":"","x-forwarded-for":"","x-real-ip":"192.168.160.1","challenge":"01a0f042-8b66-7632-b42d-a79296d3f018","weight":0}
nginx-1    | 2026-09-30T03:06:19+00:00 GET /.within.website/x/cmd/anubis/api/pass-challenge 302 0.001 0.000
nginx-1    | 2026-09-30T03:06:19+00:00 GET / 200 0.000 0.001
nginx-1    | 2026-09-30T03:06:19+00:00 GET / 200 0.001 0.000
nginx-1    | 2026-09-30T03:06:22+00:00 GET /.within.website/x/cmd/anubis/api/pass-challenge 302 0.001 0.000
nginx-1    | 2026-09-30T03:06:22+00:00 GET / 200 0.001 0.001
nginx-1    | 2026-09-30T03:06:22+00:00 GET / 200 0.000 0.001
nginx-1    | 2026-09-30T03:06:28+00:00 GET /.within.website/x/cmd/anubis/api/pass-challenge 302 0.000 0.000
nginx-1    | 2026-09-30T03:06:28+00:00 GET / 200 0.001 0.000
nginx-1    | 2026-09-30T03:06:28+00:00 GET / 200 0.001 0.001
nginx-1    | 2026-09-30T03:06:29+00:00 GET /.within.website/x/cmd/anubis/api/pass-challenge 302 0.001 0.001
nginx-1    | 2026-09-30T03:06:29+00:00 GET / 200 0.001 0.001
nginx-1    | 2026-09-30T03:06:29+00:00 GET / 200 0.001 0.000
nginx-1    | 2026-09-30T03:06:34+00:00 GET /.within.website/x/cmd/anubis/api/pass-challenge 302 0.001 0.000
nginx-1    | 2026-09-30T03:06:34+00:00 GET / 200 0.001 0.001
nginx-1    | 2026-09-30T03:06:34+00:00 GET / 200 0.000 0.001
nginx-1    | 2026-09-30T03:06:36+00:00 GET /.within.website/x/cmd/anubis/api/pass-challenge 302 0.001 0.001
nginx-1    | 2026-09-30T03:06:36+00:00 GET / 200 0.000 0.001
nginx-1    | 2026-09-30T03:06:36+00:00 GET / 200 0.001 0.000
nginx-1    | 2026-09-30T03:06:37+00:00 GET /.within.website/x/cmd/anubis/api/pass-challenge 302 0.000 0.000
nginx-1    | 2026-09-30T03:06:37+00:00 GET / 200 0.000 0.000
nginx-1    | 2026-09-30T03:06:37+00:00 GET / 200 0.000 0.001
nginx-1    | 2026-09-30T03:06:42+00:00 GET /.within.website/x/cmd/anubis/api/pass-challenge 302 0.001 0.001
nginx-1    | 2026-09-30T03:06:42+00:00 GET / 200 0.000 0.001
nginx-1    | 2026-09-30T03:06:42+00:00 GET / 200 0.001 0.000
anubis-1   | {"time":"2026-09-30T03:01:29.156588393Z","level":"INFO","source":{"function":"github.com/TecharoHQ/anubis/lib.(*Server).issueChallenge","file":"github.com/TecharoHQ/anubis/lib/anubis.go","line":191},"msg":"new challenge issued","subsystem":"anubis","host":"127.0.0.1:18080","method":"GET","path":"/","user_agent":"Mozilla/5.0 Anubis4090LocalBenchmark/1.0","accept_language":"","priority":"","x-forwarded-for":"","x-real-ip":"192.168.160.1","challenge":"01a0f042-8fc4-78bd-8269-5e42e74a031f","weight":0}
anubis-1   | {"time":"2026-09-30T03:01:29.175397289Z","level":"INFO","source":{"function":"github.com/TecharoHQ/anubis/lib.(*Server).issueChallenge","file":"github.com/TecharoHQ/anubis/lib/anubis.go","line":191},"msg":"new challenge issued","subsystem":"anubis","host":"127.0.0.1:18080","method":"GET","path":"/","user_agent":"Mozilla/5.0 Anubis4090LocalBenchmark/1.0","accept_language":"","priority":"","x-forwarded-for":"","x-real-ip":"192.168.160.1","challenge":"01a0f042-8fd7-75df-8404-38326af6e16f","weight":0}
anubis-1   | {"time":"2026-09-30T03:01:29.846503806Z","level":"INFO","source":{"function":"github.com/TecharoHQ/anubis/lib.(*Server).issueChallenge","file":"github.com/TecharoHQ/anubis/lib/anubis.go","line":191},"msg":"new challenge issued","subsystem":"anubis","host":"127.0.0.1:18080","method":"GET","path":"/","user_agent":"Mozilla/5.0 Anubis4090LocalBenchmark/1.0","accept_language":"","priority":"","x-forwarded-for":"","x-real-ip":"192.168.160.1","challenge":"01a0f042-9276-7764-a677-d715f6f829f7","weight":0}
anubis-1   | {"time":"2026-09-30T03:01:30.775442159Z","level":"INFO","source":{"function":"github.com/TecharoHQ/anubis/lib.(*Server).issueChallenge","file":"github.com/TecharoHQ/anubis/lib/anubis.go","line":191},"msg":"new challenge issued","subsystem":"anubis","host":"127.0.0.1:18080","method":"GET","path":"/","user_agent":"Mozilla/5.0 Anubis4090LocalBenchmark/1.0","accept_language":"","priority":"","x-forwarded-for":"","x-real-ip":"192.168.160.1","challenge":"01a0f042-9617-7668-9730-c91f0d83f3c4","weight":0}
anubis-1   | {"time":"2026-09-30T03:01:31.200336373Z","level":"INFO","source":{"function":"github.com/TecharoHQ/anubis/lib.(*Server).issueChallenge","file":"github.com/TecharoHQ/anubis/lib/anubis.go","line":191},"msg":"new challenge issued","subsystem":"anubis","host":"127.0.0.1:18080","method":"GET","path":"/","user_agent":"Mozilla/5.0 Anubis4090LocalBenchmark/1.0","accept_language":"","priority":"","x-forwarded-for":"","x-real-ip":"192.168.160.1","challenge":"01a0f042-97c0-7487-bbf6-3d090ccfccce","weight":0}
anubis-1   | {"time":"2026-09-30T03:01:32.23150529Z","level":"INFO","source":{"function":"github.com/TecharoHQ/anubis/lib.(*Server).issueChallenge","file":"github.com/TecharoHQ/anubis/lib/anubis.go","line":191},"msg":"new challenge issued","subsystem":"anubis","host":"127.0.0.1:18080","method":"GET","path":"/","user_agent":"Mozilla/5.0 Anubis4090LocalBenchmark/1.0","accept_language":"","priority":"","x-forwarded-for":"","x-real-ip":"192.168.160.1","challenge":"01a0f042-9bc7-7738-a216-dead6163a877","weight":0}
anubis-1   | {"time":"2026-09-30T03:01:32.890061982Z","level":"INFO","source":{"function":"github.com/TecharoHQ/anubis/lib.(*Server).issueChallenge","file":"github.com/TecharoHQ/anubis/lib/anubis.go","line":191},"msg":"new challenge issued","subsystem":"anubis","host":"127.0.0.1:18080","method":"GET","path":"/","user_agent":"Mozilla/5.0 Anubis4090LocalBenchmark/1.0","accept_language":"","priority":"","x-forwarded-for":"","x-real-ip":"192.168.160.1","challenge":"01a0f042-9e5a-70b2-8a46-9173a77ce2b8","weight":0}
anubis-1   | {"time":"2026-09-30T03:01:33.789760963Z","level":"INFO","source":{"function":"github.com/TecharoHQ/anubis/lib.(*Server).issueChallenge","file":"github.com/TecharoHQ/anubis/lib/anubis.go","line":191},"msg":"new challenge issued","subsystem":"anubis","host":"127.0.0.1:18080","method":"GET","path":"/","user_agent":"Mozilla/5.0 Anubis4090LocalBenchmark/1.0","accept_language":"","priority":"","x-forwarded-for":"","x-real-ip":"192.168.160.1","challenge":"01a0f042-a1dd-7b57-ab42-b961a89ca205","weight":0}
anubis-1   | {"time":"2026-09-30T03:01:36.136618242Z","level":"INFO","source":{"function":"github.com/TecharoHQ/anubis/lib.(*Server).issueChallenge","file":"github.com/TecharoHQ/anubis/lib/anubis.go","line":191},"msg":"new challenge issued","subsystem":"anubis","host":"127.0.0.1:18080","method":"GET","path":"/","user_agent":"Mozilla/5.0 Anubis4090LocalBenchmark/1.0","accept_language":"","priority":"","x-forwarded-for":"","x-real-ip":"192.168.160.1","challenge":"01a0f042-ab08-7933-918e-154362b4da84","weight":0}
anubis-1   | {"time":"2026-09-30T03:01:36.414749952Z","level":"INFO","source":{"function":"github.com/TecharoHQ/anubis/lib.(*Server).issueChallenge","file":"github.com/TecharoHQ/anubis/lib/anubis.go","line":191},"msg":"new challenge issued","subsystem":"anubis","host":"127.0.0.1:18080","method":"GET","path":"/","user_agent":"Mozilla/5.0 Anubis4090LocalBenchmark/1.0","accept_language":"","priority":"","x-forwarded-for":"","x-real-ip":"192.168.160.1","challenge":"01a0f042-ac1e-7b0b-8cb9-b5354d0d04f1","weight":0}
anubis-1   | {"time":"2026-09-30T03:01:38.177842762Z","level":"INFO","source":{"function":"github.com/TecharoHQ/anubis/lib.(*Server).issueChallenge","file":"github.com/TecharoHQ/anubis/lib/anubis.go","line":191},"msg":"new challenge issued","subsystem":"anubis","host":"127.0.0.1:18080","method":"GET","path":"/","user_agent":"Mozilla/5.0 Anubis4090LocalBenchmark/1.0","accept_language":"","priority":"","x-forwarded-for":"","x-real-ip":"192.168.160.1","challenge":"01a0f042-b301-7ca5-abb2-87779b075ea0","weight":0}
anubis-1   | {"time":"2026-09-30T03:01:38.56928826Z","level":"INFO","source":{"function":"github.com/TecharoHQ/anubis/lib.(*Server).issueChallenge","file":"github.com/TecharoHQ/anubis/lib/anubis.go","line":191},"msg":"new challenge issued","subsystem":"anubis","host":"127.0.0.1:18080","method":"GET","path":"/","user_agent":"Mozilla/5.0 Anubis4090LocalBenchmark/1.0","accept_language":"","priority":"","x-forwarded-for":"","x-real-ip":"192.168.160.1","challenge":"01a0f042-b489-742c-b775-ac2b81470603","weight":0}
anubis-1   | {"time":"2026-09-30T03:01:52.5231809Z","level":"INFO","source":{"function":"github.com/TecharoHQ/anubis/lib.(*Server).issueChallenge","file":"github.com/TecharoHQ/anubis/lib/anubis.go","line":191},"msg":"new challenge issued","subsystem":"anubis","host":"127.0.0.1:18080","method":"GET","path":"/","user_agent":"Mozilla/5.0 Anubis4090LocalBenchmark/1.0","accept_language":"","priority":"","x-forwarded-for":"","x-real-ip":"192.168.160.1","challenge":"01a0f042-eb0b-7251-914d-a95254dead2e","weight":0}
anubis-1   | {"time":"2026-09-30T03:01:54.17451018Z","level":"INFO","source":{"function":"github.com/TecharoHQ/anubis/lib.(*Server).issueChallenge","file":"github.com/TecharoHQ/anubis/lib/anubis.go","line":191},"msg":"new challenge issued","subsystem":"anubis","host":"127.0.0.1:18080","method":"GET","path":"/","user_agent":"Mozilla/5.0 Anubis4090LocalBenchmark/1.0","accept_language":"","priority":"","x-forwarded-for":"","x-real-ip":"192.168.160.1","challenge":"01a0f042-f17e-76f6-824c-d103fd6862c5","weight":0}
anubis-1   | {"time":"2026-09-30T03:01:54.478313165Z","level":"INFO","source":{"function":"github.com/TecharoHQ/anubis/lib.(*Server).issueChallenge","file":"github.com/TecharoHQ/anubis/lib/anubis.go","line":191},"msg":"new challenge issued","subsystem":"anubis","host":"127.0.0.1:18080","method":"GET","path":"/","user_agent":"Mozilla/5.0 Anubis4090LocalBenchmark/1.0","accept_language":"","priority":"","x-forwarded-for":"","x-real-ip":"192.168.160.1","challenge":"01a0f042-f2ae-7457-969a-d31602b394f2","weight":0}
anubis-1   | {"time":"2026-09-30T03:01:55.793850893Z","level":"INFO","source":{"function":"github.com/TecharoHQ/anubis/lib.(*Server).issueChallenge","file":"github.com/TecharoHQ/anubis/lib/anubis.go","line":191},"msg":"new challenge issued","subsystem":"anubis","host":"127.0.0.1:18080","method":"GET","path":"/","user_agent":"Mozilla/5.0 Anubis4090LocalBenchmark/1.0","accept_language":"","priority":"","x-forwarded-for":"","x-real-ip":"192.168.160.1","challenge":"01a0f042-f7d1-7c8f-94ff-ddaf1a3315b7","weight":0}
anubis-1   | {"time":"2026-09-30T03:01:57.086697536Z","level":"INFO","source":{"function":"github.com/TecharoHQ/anubis/lib.(*Server).issueChallenge","file":"github.com/TecharoHQ/anubis/lib/anubis.go","line":191},"msg":"new challenge issued","subsystem":"anubis","host":"127.0.0.1:18080","method":"GET","path":"/","user_agent":"Mozilla/5.0 Anubis4090LocalBenchmark/1.0","accept_language":"","priority":"","x-forwarded-for":"","x-real-ip":"192.168.160.1","challenge":"01a0f042-fcde-7a3c-a175-c57427f70e06","weight":0}
anubis-1   | {"time":"2026-09-30T03:02:05.072098821Z","level":"INFO","source":{"function":"github.com/TecharoHQ/anubis/lib.(*Server).issueChallenge","file":"github.com/TecharoHQ/anubis/lib/anubis.go","line":191},"msg":"new challenge issued","subsystem":"anubis","host":"127.0.0.1:18080","method":"GET","path":"/","user_agent":"Mozilla/5.0 Anubis4090LocalBenchmark/1.0","accept_language":"","priority":"","x-forwarded-for":"","x-real-ip":"192.168.160.1","challenge":"01a0f043-1c10-70e5-be8f-96f4ecc24576","weight":0}
anubis-1   | {"time":"2026-09-30T03:02:11.699568202Z","level":"INFO","source":{"function":"github.com/TecharoHQ/anubis/lib.(*Server).issueChallenge","file":"github.com/TecharoHQ/anubis/lib/anubis.go","line":191},"msg":"new challenge issued","subsystem":"anubis","host":"127.0.0.1:18080","method":"GET","path":"/","user_agent":"Mozilla/5.0 Anubis4090LocalBenchmark/1.0","accept_language":"","priority":"","x-forwarded-for":"","x-real-ip":"192.168.160.1","challenge":"01a0f043-35f3-783e-aabf-1d125705b258","weight":0}
anubis-1   | {"time":"2026-09-30T03:02:15.053947594Z","level":"INFO","source":{"function":"github.com/TecharoHQ/anubis/lib.(*Server).issueChallenge","file":"github.com/TecharoHQ/anubis/lib/anubis.go","line":191},"msg":"new challenge issued","subsystem":"anubis","host":"127.0.0.1:18080","method":"GET","path":"/","user_agent":"Mozilla/5.0 Anubis4090LocalBenchmark/1.0","accept_language":"","priority":"","x-forwarded-for":"","x-real-ip":"192.168.160.1","challenge":"01a0f043-430d-7e36-870c-1f6640abc118","weight":0}
anubis-1   | {"time":"2026-09-30T03:02:15.090728923Z","level":"INFO","source":{"function":"github.com/TecharoHQ/anubis/lib.(*Server).issueChallenge","file":"github.com/TecharoHQ/anubis/lib/anubis.go","line":191},"msg":"new challenge issued","subsystem":"anubis","host":"127.0.0.1:18080","method":"GET","path":"/","user_agent":"Mozilla/5.0 Anubis4090LocalBenchmark/1.0","accept_language":"","priority":"","x-forwarded-for":"","x-real-ip":"192.168.160.1","challenge":"01a0f043-4332-7a73-926e-ec606743c00f","weight":0}
anubis-1   | {"time":"2026-09-30T03:02:22.016061909Z","level":"INFO","source":{"function":"github.com/TecharoHQ/anubis/lib.(*Server).issueChallenge","file":"github.com/TecharoHQ/anubis/lib/anubis.go","line":191},"msg":"new challenge issued","subsystem":"anubis","host":"127.0.0.1:18080","method":"GET","path":"/","user_agent":"Mozilla/5.0 Anubis4090LocalBenchmark/1.0","accept_language":"","priority":"","x-forwarded-for":"","x-real-ip":"192.168.160.1","challenge":"01a0f043-5e40-70af-b185-867878ba312c","weight":0}
anubis-1   | {"time":"2026-09-30T03:02:22.970288095Z","level":"INFO","source":{"function":"github.com/TecharoHQ/anubis/lib.(*Server).issueChallenge","file":"github.com/TecharoHQ/anubis/lib/anubis.go","line":191},"msg":"new challenge issued","subsystem":"anubis","host":"127.0.0.1:18080","method":"GET","path":"/","user_agent":"Mozilla/5.0 Anubis4090LocalBenchmark/1.0","accept_language":"","priority":"","x-forwarded-for":"","x-real-ip":"192.168.160.1","challenge":"01a0f043-61fa-73fb-8beb-a3f8c005638c","weight":0}
nginx-1    | 2026-09-30T03:06:43+00:00 GET /.within.website/x/cmd/anubis/api/pass-challenge 302 0.000 0.000
nginx-1    | 2026-09-30T03:06:43+00:00 GET / 200 0.001 0.000
nginx-1    | 2026-09-30T03:06:43+00:00 GET / 200 0.000 0.000
nginx-1    | 2026-09-30T03:06:48+00:00 GET /.within.website/x/cmd/anubis/api/pass-challenge 302 0.001 0.000
nginx-1    | 2026-09-30T03:06:48+00:00 GET / 200 0.001 0.001
nginx-1    | 2026-09-30T03:06:48+00:00 GET / 200 0.000 0.000
nginx-1    | 2026-09-30T03:06:48+00:00 GET /.within.website/x/cmd/anubis/api/pass-challenge 302 0.000 0.000
nginx-1    | 2026-09-30T03:06:48+00:00 GET / 200 0.001 0.000
nginx-1    | 2026-09-30T03:06:48+00:00 GET / 200 0.000 0.000
nginx-1    | 2026-09-30T03:06:49+00:00 GET /.within.website/x/cmd/anubis/api/pass-challenge 302 0.001 0.000
nginx-1    | 2026-09-30T03:06:49+00:00 GET / 200 0.000 0.000
nginx-1    | 2026-09-30T03:06:49+00:00 GET / 200 0.001 0.001
nginx-1    | 2026-09-30T03:06:50+00:00 GET /.within.website/x/cmd/anubis/api/pass-challenge 302 0.001 0.001
nginx-1    | 2026-09-30T03:06:50+00:00 GET / 200 0.000 0.000
nginx-1    | 2026-09-30T03:06:50+00:00 GET / 200 0.001 0.001
nginx-1    | 2026-09-30T03:06:56+00:00 GET /.within.website/x/cmd/anubis/api/pass-challenge 302 0.000 0.000
nginx-1    | 2026-09-30T03:06:56+00:00 GET / 200 0.000 0.000
nginx-1    | 2026-09-30T03:06:56+00:00 GET / 200 0.001 0.001
nginx-1    | 2026-09-30T03:06:56+00:00 GET /.within.website/x/cmd/anubis/api/pass-challenge 302 0.000 0.001
nginx-1    | 2026-09-30T03:06:56+00:00 GET / 200 0.001 0.000
nginx-1    | 2026-09-30T03:06:56+00:00 GET / 200 0.000 0.001
nginx-1    | 2026-09-30T03:07:01+00:00 GET /.within.website/x/cmd/anubis/api/pass-challenge 302 0.000 0.001
nginx-1    | 2026-09-30T03:07:01+00:00 GET / 200 0.001 0.000
nginx-1    | 2026-09-30T03:07:01+00:00 GET / 200 0.001 0.001
nginx-1    | 2026-09-30T03:07:02+00:00 GET /.within.website/x/cmd/anubis/api/pass-challenge 302 0.001 0.000
nginx-1    | 2026-09-30T03:07:02+00:00 GET / 200 0.001 0.001
nginx-1    | 2026-09-30T03:07:02+00:00 GET / 200 0.000 0.001
nginx-1    | 2026-09-30T03:07:03+00:00 GET /.within.website/x/cmd/anubis/api/pass-challenge 302 0.001 0.000
nginx-1    | 2026-09-30T03:07:03+00:00 GET / 200 0.001 0.001
nginx-1    | 2026-09-30T03:07:03+00:00 GET / 200 0.000 0.001
nginx-1    | 2026-09-30T03:07:03+00:00 GET /.within.website/x/cmd/anubis/api/pass-challenge 302 0.000 0.000
nginx-1    | 2026-09-30T03:07:03+00:00 GET / 200 0.001 0.000
nginx-1    | 2026-09-30T03:07:03+00:00 GET / 200 0.001 0.000
nginx-1    | 2026-09-30T03:07:05+00:00 GET /.within.website/x/cmd/anubis/api/pass-challenge 302 0.000 0.001
nginx-1    | 2026-09-30T03:07:05+00:00 GET / 200 0.001 0.000
anubis-1   | {"time":"2026-09-30T03:02:23.580811226Z","level":"INFO","source":{"function":"github.com/TecharoHQ/anubis/lib.(*Server).issueChallenge","file":"github.com/TecharoHQ/anubis/lib/anubis.go","line":191},"msg":"new challenge issued","subsystem":"anubis","host":"127.0.0.1:18080","method":"GET","path":"/","user_agent":"Mozilla/5.0 Anubis4090LocalBenchmark/1.0","accept_language":"","priority":"","x-forwarded-for":"","x-real-ip":"192.168.160.1","challenge":"01a0f043-645c-7c14-af80-3e32a60410ca","weight":0}
anubis-1   | {"time":"2026-09-30T03:02:24.687864712Z","level":"INFO","source":{"function":"github.com/TecharoHQ/anubis/lib.(*Server).issueChallenge","file":"github.com/TecharoHQ/anubis/lib/anubis.go","line":191},"msg":"new challenge issued","subsystem":"anubis","host":"127.0.0.1:18080","method":"GET","path":"/","user_agent":"Mozilla/5.0 Anubis4090LocalBenchmark/1.0","accept_language":"","priority":"","x-forwarded-for":"","x-real-ip":"192.168.160.1","challenge":"01a0f043-68af-7cbe-a85e-44716569b364","weight":0}
anubis-1   | {"time":"2026-09-30T03:02:26.107468169Z","level":"INFO","source":{"function":"github.com/TecharoHQ/anubis/lib.(*Server).issueChallenge","file":"github.com/TecharoHQ/anubis/lib/anubis.go","line":191},"msg":"new challenge issued","subsystem":"anubis","host":"127.0.0.1:18080","method":"GET","path":"/","user_agent":"Mozilla/5.0 Anubis4090LocalBenchmark/1.0","accept_language":"","priority":"","x-forwarded-for":"","x-real-ip":"192.168.160.1","challenge":"01a0f043-6e3b-76b9-bd06-8ad757268104","weight":0}
anubis-1   | {"time":"2026-09-30T03:02:27.559436302Z","level":"INFO","source":{"function":"github.com/TecharoHQ/anubis/lib.(*Server).issueChallenge","file":"github.com/TecharoHQ/anubis/lib/anubis.go","line":191},"msg":"new challenge issued","subsystem":"anubis","host":"127.0.0.1:18080","method":"GET","path":"/","user_agent":"Mozilla/5.0 Anubis4090LocalBenchmark/1.0","accept_language":"","priority":"","x-forwarded-for":"","x-real-ip":"192.168.160.1","challenge":"01a0f043-73e7-7649-b0fc-fbb544ed14c4","weight":0}
anubis-1   | {"time":"2026-09-30T03:02:28.99805305Z","level":"INFO","source":{"function":"github.com/TecharoHQ/anubis/lib.(*Server).issueChallenge","file":"github.com/TecharoHQ/anubis/lib/anubis.go","line":191},"msg":"new challenge issued","subsystem":"anubis","host":"127.0.0.1:18080","method":"GET","path":"/","user_agent":"Mozilla/5.0 Anubis4090LocalBenchmark/1.0","accept_language":"","priority":"","x-forwarded-for":"","x-real-ip":"192.168.160.1","challenge":"01a0f043-7986-7086-872e-8f91215dcb68","weight":0}
anubis-1   | {"time":"2026-09-30T03:02:32.023431203Z","level":"INFO","source":{"function":"github.com/TecharoHQ/anubis/lib.(*Server).issueChallenge","file":"github.com/TecharoHQ/anubis/lib/anubis.go","line":191},"msg":"new challenge issued","subsystem":"anubis","host":"127.0.0.1:18080","method":"GET","path":"/","user_agent":"Mozilla/5.0 Anubis4090LocalBenchmark/1.0","accept_language":"","priority":"","x-forwarded-for":"","x-real-ip":"192.168.160.1","challenge":"01a0f043-8557-7658-b956-e62f25152418","weight":0}
anubis-1   | {"time":"2026-09-30T03:02:35.633611038Z","level":"INFO","source":{"function":"github.com/TecharoHQ/anubis/lib.(*Server).issueChallenge","file":"github.com/TecharoHQ/anubis/lib/anubis.go","line":191},"msg":"new challenge issued","subsystem":"anubis","host":"127.0.0.1:18080","method":"GET","path":"/","user_agent":"Mozilla/5.0 Anubis4090LocalBenchmark/1.0","accept_language":"","priority":"","x-forwarded-for":"","x-real-ip":"192.168.160.1","challenge":"01a0f043-9371-7917-a302-50e6642e22b7","weight":0}
anubis-1   | {"time":"2026-09-30T03:02:36.312034238Z","level":"INFO","source":{"function":"github.com/TecharoHQ/anubis/lib.(*Server).issueChallenge","file":"github.com/TecharoHQ/anubis/lib/anubis.go","line":191},"msg":"new challenge issued","subsystem":"anubis","host":"127.0.0.1:18080","method":"GET","path":"/","user_agent":"Mozilla/5.0 Anubis4090LocalBenchmark/1.0","accept_language":"","priority":"","x-forwarded-for":"","x-real-ip":"192.168.160.1","challenge":"01a0f043-9618-7023-88e1-4c5aceb2b2fd","weight":0}
anubis-1   | {"time":"2026-09-30T03:02:38.635466731Z","level":"INFO","source":{"function":"github.com/TecharoHQ/anubis/lib.(*Server).issueChallenge","file":"github.com/TecharoHQ/anubis/lib/anubis.go","line":191},"msg":"new challenge issued","subsystem":"anubis","host":"127.0.0.1:18080","method":"GET","path":"/","user_agent":"Mozilla/5.0 Anubis4090LocalBenchmark/1.0","accept_language":"","priority":"","x-forwarded-for":"","x-real-ip":"192.168.160.1","challenge":"01a0f043-9f2b-76d5-967c-b9b6d419cedc","weight":0}
anubis-1   | {"time":"2026-09-30T03:02:48.236466173Z","level":"INFO","source":{"function":"github.com/TecharoHQ/anubis/lib.(*Server).issueChallenge","file":"github.com/TecharoHQ/anubis/lib/anubis.go","line":191},"msg":"new challenge issued","subsystem":"anubis","host":"127.0.0.1:18080","method":"GET","path":"/","user_agent":"Mozilla/5.0 Anubis4090LocalBenchmark/1.0","accept_language":"","priority":"","x-forwarded-for":"","x-real-ip":"192.168.160.1","challenge":"01a0f043-c4ac-769b-87e8-53e5e34aa454","weight":0}
anubis-1   | {"time":"2026-09-30T03:02:48.493077211Z","level":"INFO","source":{"function":"github.com/TecharoHQ/anubis/lib.(*Server).issueChallenge","file":"github.com/TecharoHQ/anubis/lib/anubis.go","line":191},"msg":"new challenge issued","subsystem":"anubis","host":"127.0.0.1:18080","method":"GET","path":"/","user_agent":"Mozilla/5.0 Anubis4090LocalBenchmark/1.0","accept_language":"","priority":"","x-forwarded-for":"","x-real-ip":"192.168.160.1","challenge":"01a0f043-c5ad-70f4-bcb5-dabd82c06d52","weight":0}
anubis-1   | {"time":"2026-09-30T03:02:49.350566805Z","level":"INFO","source":{"function":"github.com/TecharoHQ/anubis/lib.(*Server).issueChallenge","file":"github.com/TecharoHQ/anubis/lib/anubis.go","line":191},"msg":"new challenge issued","subsystem":"anubis","host":"127.0.0.1:18080","method":"GET","path":"/","user_agent":"Mozilla/5.0 Anubis4090LocalBenchmark/1.0","accept_language":"","priority":"","x-forwarded-for":"","x-real-ip":"192.168.160.1","challenge":"01a0f043-c906-7867-b638-43f81b6901bb","weight":0}
anubis-1   | {"time":"2026-09-30T03:02:50.657769303Z","level":"INFO","source":{"function":"github.com/TecharoHQ/anubis/lib.(*Server).issueChallenge","file":"github.com/TecharoHQ/anubis/lib/anubis.go","line":191},"msg":"new challenge issued","subsystem":"anubis","host":"127.0.0.1:18080","method":"GET","path":"/","user_agent":"Mozilla/5.0 Anubis4090LocalBenchmark/1.0","accept_language":"","priority":"","x-forwarded-for":"","x-real-ip":"192.168.160.1","challenge":"01a0f043-ce21-7b54-9129-2ef6dc215d57","weight":0}
anubis-1   | {"time":"2026-09-30T03:02:52.013495995Z","level":"INFO","source":{"function":"github.com/TecharoHQ/anubis/lib.(*Server).issueChallenge","file":"github.com/TecharoHQ/anubis/lib/anubis.go","line":191},"msg":"new challenge issued","subsystem":"anubis","host":"127.0.0.1:18080","method":"GET","path":"/","user_agent":"Mozilla/5.0 Anubis4090LocalBenchmark/1.0","accept_language":"","priority":"","x-forwarded-for":"","x-real-ip":"192.168.160.1","challenge":"01a0f043-d36d-7724-835d-e2be73928916","weight":0}
anubis-1   | {"time":"2026-09-30T03:02:55.078880438Z","level":"INFO","source":{"function":"github.com/TecharoHQ/anubis/lib.(*Server).issueChallenge","file":"github.com/TecharoHQ/anubis/lib/anubis.go","line":191},"msg":"new challenge issued","subsystem":"anubis","host":"127.0.0.1:18080","method":"GET","path":"/","user_agent":"Mozilla/5.0 Anubis4090LocalBenchmark/1.0","accept_language":"","priority":"","x-forwarded-for":"","x-real-ip":"192.168.160.1","challenge":"01a0f043-df66-7d01-853e-ca6009cb5bcb","weight":0}
anubis-1   | {"time":"2026-09-30T03:02:57.561171855Z","level":"INFO","source":{"function":"github.com/TecharoHQ/anubis/lib.(*Server).issueChallenge","file":"github.com/TecharoHQ/anubis/lib/anubis.go","line":191},"msg":"new challenge issued","subsystem":"anubis","host":"127.0.0.1:18080","method":"GET","path":"/","user_agent":"Mozilla/5.0 Anubis4090LocalBenchmark/1.0","accept_language":"","priority":"","x-forwarded-for":"","x-real-ip":"192.168.160.1","challenge":"01a0f043-e919-7230-9a37-e40eeecf0897","weight":0}
anubis-1   | {"time":"2026-09-30T03:02:58.850739957Z","level":"INFO","source":{"function":"github.com/TecharoHQ/anubis/lib.(*Server).issueChallenge","file":"github.com/TecharoHQ/anubis/lib/anubis.go","line":191},"msg":"new challenge issued","subsystem":"anubis","host":"127.0.0.1:18080","method":"GET","path":"/","user_agent":"Mozilla/5.0 Anubis4090LocalBenchmark/1.0","accept_language":"","priority":"","x-forwarded-for":"","x-real-ip":"192.168.160.1","challenge":"01a0f043-ee22-7b05-9ea4-4161fa58ee36","weight":0}
anubis-1   | {"time":"2026-09-30T03:02:59.869589073Z","level":"INFO","source":{"function":"github.com/TecharoHQ/anubis/lib.(*Server).issueChallenge","file":"github.com/TecharoHQ/anubis/lib/anubis.go","line":191},"msg":"new challenge issued","subsystem":"anubis","host":"127.0.0.1:18080","method":"GET","path":"/","user_agent":"Mozilla/5.0 Anubis4090LocalBenchmark/1.0","accept_language":"","priority":"","x-forwarded-for":"","x-real-ip":"192.168.160.1","challenge":"01a0f043-f21d-78b9-b27f-d2d70fdeeced","weight":0}
anubis-1   | {"time":"2026-09-30T03:03:02.188115631Z","level":"INFO","source":{"function":"github.com/TecharoHQ/anubis/lib.(*Server).issueChallenge","file":"github.com/TecharoHQ/anubis/lib/anubis.go","line":191},"msg":"new challenge issued","subsystem":"anubis","host":"127.0.0.1:18080","method":"GET","path":"/","user_agent":"Mozilla/5.0 Anubis4090LocalBenchmark/1.0","accept_language":"","priority":"","x-forwarded-for":"","x-real-ip":"192.168.160.1","challenge":"01a0f043-fb2c-7155-805e-364000bf530e","weight":0}
anubis-1   | {"time":"2026-09-30T03:03:04.24996722Z","level":"INFO","source":{"function":"github.com/TecharoHQ/anubis/lib.(*Server).issueChallenge","file":"github.com/TecharoHQ/anubis/lib/anubis.go","line":191},"msg":"new challenge issued","subsystem":"anubis","host":"127.0.0.1:18080","method":"GET","path":"/","user_agent":"Mozilla/5.0 Anubis4090LocalBenchmark/1.0","accept_language":"","priority":"","x-forwarded-for":"","x-real-ip":"192.168.160.1","challenge":"01a0f044-0339-7e50-ab54-b8274b202aee","weight":0}
anubis-1   | {"time":"2026-09-30T03:03:07.900260767Z","level":"INFO","source":{"function":"github.com/TecharoHQ/anubis/lib.(*Server).issueChallenge","file":"github.com/TecharoHQ/anubis/lib/anubis.go","line":191},"msg":"new challenge issued","subsystem":"anubis","host":"127.0.0.1:18080","method":"GET","path":"/","user_agent":"Mozilla/5.0 Anubis4090LocalBenchmark/1.0","accept_language":"","priority":"","x-forwarded-for":"","x-real-ip":"192.168.160.1","challenge":"01a0f044-117c-73ba-a4e0-3004e86301d6","weight":0}
anubis-1   | {"time":"2026-09-30T03:03:10.240053577Z","level":"INFO","source":{"function":"github.com/TecharoHQ/anubis/lib.(*Server).issueChallenge","file":"github.com/TecharoHQ/anubis/lib/anubis.go","line":191},"msg":"new challenge issued","subsystem":"anubis","host":"127.0.0.1:18080","method":"GET","path":"/","user_agent":"Mozilla/5.0 Anubis4090LocalBenchmark/1.0","accept_language":"","priority":"","x-forwarded-for":"","x-real-ip":"192.168.160.1","challenge":"01a0f044-1aa0-7062-9afe-5ee4429d91db","weight":0}
anubis-1   | {"time":"2026-09-30T03:03:11.212590252Z","level":"INFO","source":{"function":"github.com/TecharoHQ/anubis/lib.(*Server).issueChallenge","file":"github.com/TecharoHQ/anubis/lib/anubis.go","line":191},"msg":"new challenge issued","subsystem":"anubis","host":"127.0.0.1:18080","method":"GET","path":"/","user_agent":"Mozilla/5.0 Anubis4090LocalBenchmark/1.0","accept_language":"","priority":"","x-forwarded-for":"","x-real-ip":"192.168.160.1","challenge":"01a0f044-1e6c-78c0-b277-dcbcf4419906","weight":0}
anubis-1   | {"time":"2026-09-30T03:03:11.616272525Z","level":"INFO","source":{"function":"github.com/TecharoHQ/anubis/lib.(*Server).issueChallenge","file":"github.com/TecharoHQ/anubis/lib/anubis.go","line":191},"msg":"new challenge issued","subsystem":"anubis","host":"127.0.0.1:18080","method":"GET","path":"/","user_agent":"Mozilla/5.0 Anubis4090LocalBenchmark/1.0","accept_language":"","priority":"","x-forwarded-for":"","x-real-ip":"192.168.160.1","challenge":"01a0f044-2000-73d9-8b9c-fa931505e909","weight":0}
anubis-1   | {"time":"2026-09-30T03:03:16.060145377Z","level":"INFO","source":{"function":"github.com/TecharoHQ/anubis/lib.(*Server).issueChallenge","file":"github.com/TecharoHQ/anubis/lib/anubis.go","line":191},"msg":"new challenge issued","subsystem":"anubis","host":"127.0.0.1:18080","method":"GET","path":"/","user_agent":"Mozilla/5.0 Anubis4090LocalBenchmark/1.0","accept_language":"","priority":"","x-forwarded-for":"","x-real-ip":"192.168.160.1","challenge":"01a0f044-315c-71c1-a90d-9851e9ca4fc9","weight":0}
anubis-1   | {"time":"2026-09-30T03:03:17.247064918Z","level":"INFO","source":{"function":"github.com/TecharoHQ/anubis/lib.(*Server).issueChallenge","file":"github.com/TecharoHQ/anubis/lib/anubis.go","line":191},"msg":"new challenge issued","subsystem":"anubis","host":"127.0.0.1:18080","method":"GET","path":"/","user_agent":"Mozilla/5.0 Anubis4090LocalBenchmark/1.0","accept_language":"","priority":"","x-forwarded-for":"","x-real-ip":"192.168.160.1","challenge":"01a0f044-35ff-70a4-943d-2dbac8439153","weight":0}
anubis-1   | {"time":"2026-09-30T03:03:20.598199753Z","level":"INFO","source":{"function":"github.com/TecharoHQ/anubis/lib.(*Server).issueChallenge","file":"github.com/TecharoHQ/anubis/lib/anubis.go","line":191},"msg":"new challenge issued","subsystem":"anubis","host":"127.0.0.1:18080","method":"GET","path":"/","user_agent":"Mozilla/5.0 Anubis4090LocalBenchmark/1.0","accept_language":"","priority":"","x-forwarded-for":"","x-real-ip":"192.168.160.1","challenge":"01a0f044-4316-72a8-afd5-a37e9e6e62a8","weight":0}
anubis-1   | {"time":"2026-09-30T03:03:22.805376499Z","level":"INFO","source":{"function":"github.com/TecharoHQ/anubis/lib.(*Server).issueChallenge","file":"github.com/TecharoHQ/anubis/lib/anubis.go","line":191},"msg":"new challenge issued","subsystem":"anubis","host":"127.0.0.1:18080","method":"GET","path":"/","user_agent":"Mozilla/5.0 Anubis4090LocalBenchmark/1.0","accept_language":"","priority":"","x-forwarded-for":"","x-real-ip":"192.168.160.1","challenge":"01a0f044-4bb5-754c-ba88-58f4043ed121","weight":0}
anubis-1   | {"time":"2026-09-30T03:03:23.379761803Z","level":"INFO","source":{"function":"github.com/TecharoHQ/anubis/lib.(*Server).issueChallenge","file":"github.com/TecharoHQ/anubis/lib/anubis.go","line":191},"msg":"new challenge issued","subsystem":"anubis","host":"127.0.0.1:18080","method":"GET","path":"/","user_agent":"Mozilla/5.0 Anubis4090LocalBenchmark/1.0","accept_language":"","priority":"","x-forwarded-for":"","x-real-ip":"192.168.160.1","challenge":"01a0f044-4df3-7b27-83c2-f36175890440","weight":0}
anubis-1   | {"time":"2026-09-30T03:03:24.026304439Z","level":"INFO","source":{"function":"github.com/TecharoHQ/anubis/lib.(*Server).issueChallenge","file":"github.com/TecharoHQ/anubis/lib/anubis.go","line":191},"msg":"new challenge issued","subsystem":"anubis","host":"127.0.0.1:18080","method":"GET","path":"/","user_agent":"Mozilla/5.0 Anubis4090LocalBenchmark/1.0","accept_language":"","priority":"","x-forwarded-for":"","x-real-ip":"192.168.160.1","challenge":"01a0f044-507a-745f-8b5b-35e40efc127b","weight":0}
anubis-1   | {"time":"2026-09-30T03:03:27.496397116Z","level":"INFO","source":{"function":"github.com/TecharoHQ/anubis/lib.(*Server).issueChallenge","file":"github.com/TecharoHQ/anubis/lib/anubis.go","line":191},"msg":"new challenge issued","subsystem":"anubis","host":"127.0.0.1:18080","method":"GET","path":"/","user_agent":"Mozilla/5.0 Anubis4090LocalBenchmark/1.0","accept_language":"","priority":"","x-forwarded-for":"","x-real-ip":"192.168.160.1","challenge":"01a0f044-5e08-75ae-a992-855d78e2bbd4","weight":0}
anubis-1   | {"time":"2026-09-30T03:03:27.634340278Z","level":"INFO","source":{"function":"github.com/TecharoHQ/anubis/lib.(*Server).issueChallenge","file":"github.com/TecharoHQ/anubis/lib/anubis.go","line":191},"msg":"new challenge issued","subsystem":"anubis","host":"127.0.0.1:18080","method":"GET","path":"/","user_agent":"Mozilla/5.0 Anubis4090LocalBenchmark/1.0","accept_language":"","priority":"","x-forwarded-for":"","x-real-ip":"192.168.160.1","challenge":"01a0f044-5e92-74cd-98f0-7cafaec2da3b","weight":0}
anubis-1   | {"time":"2026-09-30T03:03:28.279059942Z","level":"INFO","source":{"function":"github.com/TecharoHQ/anubis/lib.(*Server).issueChallenge","file":"github.com/TecharoHQ/anubis/lib/anubis.go","line":191},"msg":"new challenge issued","subsystem":"anubis","host":"127.0.0.1:18080","method":"GET","path":"/","user_agent":"Mozilla/5.0 Anubis4090LocalBenchmark/1.0","accept_language":"","priority":"","x-forwarded-for":"","x-real-ip":"192.168.160.1","challenge":"01a0f044-6117-70a6-bbd1-9c452265c982","weight":0}
anubis-1   | {"time":"2026-09-30T03:03:30.891024964Z","level":"INFO","source":{"function":"github.com/TecharoHQ/anubis/lib.(*Server).issueChallenge","file":"github.com/TecharoHQ/anubis/lib/anubis.go","line":191},"msg":"new challenge issued","subsystem":"anubis","host":"127.0.0.1:18080","method":"GET","path":"/","user_agent":"Mozilla/5.0 Anubis4090LocalBenchmark/1.0","accept_language":"","priority":"","x-forwarded-for":"","x-real-ip":"192.168.160.1","challenge":"01a0f044-6b4a-7f15-bca5-3fb2ce29f068","weight":0}
anubis-1   | {"time":"2026-09-30T03:03:33.759414834Z","level":"INFO","source":{"function":"github.com/TecharoHQ/anubis/lib.(*Server).issueChallenge","file":"github.com/TecharoHQ/anubis/lib/anubis.go","line":191},"msg":"new challenge issued","subsystem":"anubis","host":"127.0.0.1:18080","method":"GET","path":"/","user_agent":"Mozilla/5.0 Anubis4090LocalBenchmark/1.0","accept_language":"","priority":"","x-forwarded-for":"","x-real-ip":"192.168.160.1","challenge":"01a0f044-767f-75f7-8000-90d0249d0c59","weight":0}
anubis-1   | {"time":"2026-09-30T03:03:35.424355497Z","level":"INFO","source":{"function":"github.com/TecharoHQ/anubis/lib.(*Server).issueChallenge","file":"github.com/TecharoHQ/anubis/lib/anubis.go","line":191},"msg":"new challenge issued","subsystem":"anubis","host":"127.0.0.1:18080","method":"GET","path":"/","user_agent":"Mozilla/5.0 Anubis4090LocalBenchmark/1.0","accept_language":"","priority":"","x-forwarded-for":"","x-real-ip":"192.168.160.1","challenge":"01a0f044-7d00-74f2-82f3-adc8ca110aa3","weight":0}
anubis-1   | {"time":"2026-09-30T03:03:42.569519805Z","level":"INFO","source":{"function":"github.com/TecharoHQ/anubis/lib.(*Server).issueChallenge","file":"github.com/TecharoHQ/anubis/lib/anubis.go","line":191},"msg":"new challenge issued","subsystem":"anubis","host":"127.0.0.1:18080","method":"GET","path":"/","user_agent":"Mozilla/5.0 Anubis4090LocalBenchmark/1.0","accept_language":"","priority":"","x-forwarded-for":"","x-real-ip":"192.168.160.1","challenge":"01a0f044-98e9-776c-a257-23a13f515bb1","weight":0}
anubis-1   | {"time":"2026-09-30T03:03:45.256175839Z","level":"INFO","source":{"function":"github.com/TecharoHQ/anubis/lib.(*Server).issueChallenge","file":"github.com/TecharoHQ/anubis/lib/anubis.go","line":191},"msg":"new challenge issued","subsystem":"anubis","host":"127.0.0.1:18080","method":"GET","path":"/","user_agent":"Mozilla/5.0 Anubis4090LocalBenchmark/1.0","accept_language":"","priority":"","x-forwarded-for":"","x-real-ip":"192.168.160.1","challenge":"01a0f044-a368-7260-9d52-6d2595c9a7fb","weight":0}
anubis-1   | {"time":"2026-09-30T03:03:52.482633317Z","level":"INFO","source":{"function":"github.com/TecharoHQ/anubis/lib.(*Server).issueChallenge","file":"github.com/TecharoHQ/anubis/lib/anubis.go","line":191},"msg":"new challenge issued","subsystem":"anubis","host":"127.0.0.1:18080","method":"GET","path":"/","user_agent":"Mozilla/5.0 Anubis4090LocalBenchmark/1.0","accept_language":"","priority":"","x-forwarded-for":"","x-real-ip":"192.168.160.1","challenge":"01a0f044-bfa2-7969-bbd3-e8aec1970972","weight":0}
anubis-1   | {"time":"2026-09-30T03:03:57.172468082Z","level":"INFO","source":{"function":"github.com/TecharoHQ/anubis/lib.(*Server).issueChallenge","file":"github.com/TecharoHQ/anubis/lib/anubis.go","line":191},"msg":"new challenge issued","subsystem":"anubis","host":"127.0.0.1:18080","method":"GET","path":"/","user_agent":"Mozilla/5.0 Anubis4090LocalBenchmark/1.0","accept_language":"","priority":"","x-forwarded-for":"","x-real-ip":"192.168.160.1","challenge":"01a0f044-d1f4-76b5-ae57-ce8767d92dfc","weight":0}
anubis-1   | {"time":"2026-09-30T03:03:57.582258964Z","level":"INFO","source":{"function":"github.com/TecharoHQ/anubis/lib.(*Server).issueChallenge","file":"github.com/TecharoHQ/anubis/lib/anubis.go","line":191},"msg":"new challenge issued","subsystem":"anubis","host":"127.0.0.1:18080","method":"GET","path":"/","user_agent":"Mozilla/5.0 Anubis4090LocalBenchmark/1.0","accept_language":"","priority":"","x-forwarded-for":"","x-real-ip":"192.168.160.1","challenge":"01a0f044-d38e-7393-b5e1-0d5cc33f52fe","weight":0}
anubis-1   | {"time":"2026-09-30T03:03:57.739133453Z","level":"INFO","source":{"function":"github.com/TecharoHQ/anubis/lib.(*Server).issueChallenge","file":"github.com/TecharoHQ/anubis/lib/anubis.go","line":191},"msg":"new challenge issued","subsystem":"anubis","host":"127.0.0.1:18080","method":"GET","path":"/","user_agent":"Mozilla/5.0 Anubis4090LocalBenchmark/1.0","accept_language":"","priority":"","x-forwarded-for":"","x-real-ip":"192.168.160.1","challenge":"01a0f044-d42b-71cd-bb8c-8de133f4ae53","weight":0}
anubis-1   | {"time":"2026-09-30T03:03:58.59881889Z","level":"INFO","source":{"function":"github.com/TecharoHQ/anubis/lib.(*Server).issueChallenge","file":"github.com/TecharoHQ/anubis/lib/anubis.go","line":191},"msg":"new challenge issued","subsystem":"anubis","host":"127.0.0.1:18080","method":"GET","path":"/","user_agent":"Mozilla/5.0 Anubis4090LocalBenchmark/1.0","accept_language":"","priority":"","x-forwarded-for":"","x-real-ip":"192.168.160.1","challenge":"01a0f044-d786-7c3e-b22b-1e05b2e35e36","weight":0}
anubis-1   | {"time":"2026-09-30T03:04:02.363490509Z","level":"INFO","source":{"function":"github.com/TecharoHQ/anubis/lib.(*Server).issueChallenge","file":"github.com/TecharoHQ/anubis/lib/anubis.go","line":191},"msg":"new challenge issued","subsystem":"anubis","host":"127.0.0.1:18080","method":"GET","path":"/","user_agent":"Mozilla/5.0 Anubis4090LocalBenchmark/1.0","accept_language":"","priority":"","x-forwarded-for":"","x-real-ip":"192.168.160.1","challenge":"01a0f044-e63b-7711-8e6f-83742f64e351","weight":0}
anubis-1   | {"time":"2026-09-30T03:04:02.523186919Z","level":"INFO","source":{"function":"github.com/TecharoHQ/anubis/lib.(*Server).issueChallenge","file":"github.com/TecharoHQ/anubis/lib/anubis.go","line":191},"msg":"new challenge issued","subsystem":"anubis","host":"127.0.0.1:18080","method":"GET","path":"/","user_agent":"Mozilla/5.0 Anubis4090LocalBenchmark/1.0","accept_language":"","priority":"","x-forwarded-for":"","x-real-ip":"192.168.160.1","challenge":"01a0f044-e6db-726f-aae9-4c3f6673197c","weight":0}
anubis-1   | {"time":"2026-09-30T03:04:07.11504626Z","level":"INFO","source":{"function":"github.com/TecharoHQ/anubis/lib.(*Server).issueChallenge","file":"github.com/TecharoHQ/anubis/lib/anubis.go","line":191},"msg":"new challenge issued","subsystem":"anubis","host":"127.0.0.1:18080","method":"GET","path":"/","user_agent":"Mozilla/5.0 Anubis4090LocalBenchmark/1.0","accept_language":"","priority":"","x-forwarded-for":"","x-real-ip":"192.168.160.1","challenge":"01a0f044-f8cb-703d-8c6c-203d799e155a","weight":0}
anubis-1   | {"time":"2026-09-30T03:04:08.927355297Z","level":"INFO","source":{"function":"github.com/TecharoHQ/anubis/lib.(*Server).issueChallenge","file":"github.com/TecharoHQ/anubis/lib/anubis.go","line":191},"msg":"new challenge issued","subsystem":"anubis","host":"127.0.0.1:18080","method":"GET","path":"/","user_agent":"Mozilla/5.0 Anubis4090LocalBenchmark/1.0","accept_language":"","priority":"","x-forwarded-for":"","x-real-ip":"192.168.160.1","challenge":"01a0f044-ffdf-74f8-b8cb-e8ab87b91cf2","weight":0}
anubis-1   | {"time":"2026-09-30T03:04:09.634877194Z","level":"INFO","source":{"function":"github.com/TecharoHQ/anubis/lib.(*Server).issueChallenge","file":"github.com/TecharoHQ/anubis/lib/anubis.go","line":191},"msg":"new challenge issued","subsystem":"anubis","host":"127.0.0.1:18080","method":"GET","path":"/","user_agent":"Mozilla/5.0 Anubis4090LocalBenchmark/1.0","accept_language":"","priority":"","x-forwarded-for":"","x-real-ip":"192.168.160.1","challenge":"01a0f045-02a2-7d20-8928-2981e8732930","weight":0}
anubis-1   | {"time":"2026-09-30T03:04:11.402038483Z","level":"INFO","source":{"function":"github.com/TecharoHQ/anubis/lib.(*Server).issueChallenge","file":"github.com/TecharoHQ/anubis/lib/anubis.go","line":191},"msg":"new challenge issued","subsystem":"anubis","host":"127.0.0.1:18080","method":"GET","path":"/","user_agent":"Mozilla/5.0 Anubis4090LocalBenchmark/1.0","accept_language":"","priority":"","x-forwarded-for":"","x-real-ip":"192.168.160.1","challenge":"01a0f045-098a-7050-9e8b-34836dc0c277","weight":0}
anubis-1   | {"time":"2026-09-30T03:04:12.40435694Z","level":"INFO","source":{"function":"github.com/TecharoHQ/anubis/lib.(*Server).issueChallenge","file":"github.com/TecharoHQ/anubis/lib/anubis.go","line":191},"msg":"new challenge issued","subsystem":"anubis","host":"127.0.0.1:18080","method":"GET","path":"/","user_agent":"Mozilla/5.0 Anubis4090LocalBenchmark/1.0","accept_language":"","priority":"","x-forwarded-for":"","x-real-ip":"192.168.160.1","challenge":"01a0f045-0d74-74fc-89c2-9f4937d64741","weight":0}
anubis-1   | {"time":"2026-09-30T03:04:12.924735879Z","level":"INFO","source":{"function":"github.com/TecharoHQ/anubis/lib.(*Server).issueChallenge","file":"github.com/TecharoHQ/anubis/lib/anubis.go","line":191},"msg":"new challenge issued","subsystem":"anubis","host":"127.0.0.1:18080","method":"GET","path":"/","user_agent":"Mozilla/5.0 Anubis4090LocalBenchmark/1.0","accept_language":"","priority":"","x-forwarded-for":"","x-real-ip":"192.168.160.1","challenge":"01a0f045-0f7c-7a9f-8d1b-751e3e6eb5f4","weight":0}
anubis-1   | {"time":"2026-09-30T03:04:13.04101576Z","level":"INFO","source":{"function":"github.com/TecharoHQ/anubis/lib.(*Server).issueChallenge","file":"github.com/TecharoHQ/anubis/lib/anubis.go","line":191},"msg":"new challenge issued","subsystem":"anubis","host":"127.0.0.1:18080","method":"GET","path":"/","user_agent":"Mozilla/5.0 Anubis4090LocalBenchmark/1.0","accept_language":"","priority":"","x-forwarded-for":"","x-real-ip":"192.168.160.1","challenge":"01a0f045-0ff0-7f36-aabe-a9d9bc36e5f8","weight":0}
anubis-1   | {"time":"2026-09-30T03:04:14.669436867Z","level":"INFO","source":{"function":"github.com/TecharoHQ/anubis/lib.(*Server).issueChallenge","file":"github.com/TecharoHQ/anubis/lib/anubis.go","line":191},"msg":"new challenge issued","subsystem":"anubis","host":"127.0.0.1:18080","method":"GET","path":"/","user_agent":"Mozilla/5.0 Anubis4090LocalBenchmark/1.0","accept_language":"","priority":"","x-forwarded-for":"","x-real-ip":"192.168.160.1","challenge":"01a0f045-164d-766c-841d-ca9482bd7f32","weight":0}
anubis-1   | {"time":"2026-09-30T03:04:15.548131398Z","level":"INFO","source":{"function":"github.com/TecharoHQ/anubis/lib.(*Server).issueChallenge","file":"github.com/TecharoHQ/anubis/lib/anubis.go","line":191},"msg":"new challenge issued","subsystem":"anubis","host":"127.0.0.1:18080","method":"GET","path":"/","user_agent":"Mozilla/5.0 Anubis4090LocalBenchmark/1.0","accept_language":"","priority":"","x-forwarded-for":"","x-real-ip":"192.168.160.1","challenge":"01a0f045-19bc-7191-bd8b-e88442a1fc12","weight":0}
anubis-1   | {"time":"2026-09-30T03:04:15.746445545Z","level":"INFO","source":{"function":"github.com/TecharoHQ/anubis/lib.(*Server).issueChallenge","file":"github.com/TecharoHQ/anubis/lib/anubis.go","line":191},"msg":"new challenge issued","subsystem":"anubis","host":"127.0.0.1:18080","method":"GET","path":"/","user_agent":"Mozilla/5.0 Anubis4090LocalBenchmark/1.0","accept_language":"","priority":"","x-forwarded-for":"","x-real-ip":"192.168.160.1","challenge":"01a0f045-1a82-7689-941f-3f5bb836cf0f","weight":0}
anubis-1   | {"time":"2026-09-30T03:04:16.171503898Z","level":"INFO","source":{"function":"github.com/TecharoHQ/anubis/lib.(*Server).issueChallenge","file":"github.com/TecharoHQ/anubis/lib/anubis.go","line":191},"msg":"new challenge issued","subsystem":"anubis","host":"127.0.0.1:18080","method":"GET","path":"/","user_agent":"Mozilla/5.0 Anubis4090LocalBenchmark/1.0","accept_language":"","priority":"","x-forwarded-for":"","x-real-ip":"192.168.160.1","challenge":"01a0f045-1c2b-773e-a76a-cd7976759b60","weight":0}
anubis-1   | {"time":"2026-09-30T03:04:17.949827398Z","level":"INFO","source":{"function":"github.com/TecharoHQ/anubis/lib.(*Server).issueChallenge","file":"github.com/TecharoHQ/anubis/lib/anubis.go","line":191},"msg":"new challenge issued","subsystem":"anubis","host":"127.0.0.1:18080","method":"GET","path":"/","user_agent":"Mozilla/5.0 Anubis4090LocalBenchmark/1.0","accept_language":"","priority":"","x-forwarded-for":"","x-real-ip":"192.168.160.1","challenge":"01a0f045-231d-7c41-a0a5-f727cb26f646","weight":0}
anubis-1   | {"time":"2026-09-30T03:04:19.179604146Z","level":"INFO","source":{"function":"github.com/TecharoHQ/anubis/lib.(*Server).issueChallenge","file":"github.com/TecharoHQ/anubis/lib/anubis.go","line":191},"msg":"new challenge issued","subsystem":"anubis","host":"127.0.0.1:18080","method":"GET","path":"/","user_agent":"Mozilla/5.0 Anubis4090LocalBenchmark/1.0","accept_language":"","priority":"","x-forwarded-for":"","x-real-ip":"192.168.160.1","challenge":"01a0f045-27eb-78cc-8907-73421823509c","weight":0}
anubis-1   | {"time":"2026-09-30T03:04:20.091394919Z","level":"INFO","source":{"function":"github.com/TecharoHQ/anubis/lib.(*Server).issueChallenge","file":"github.com/TecharoHQ/anubis/lib/anubis.go","line":191},"msg":"new challenge issued","subsystem":"anubis","host":"127.0.0.1:18080","method":"GET","path":"/","user_agent":"Mozilla/5.0 Anubis4090LocalBenchmark/1.0","accept_language":"","priority":"","x-forwarded-for":"","x-real-ip":"192.168.160.1","challenge":"01a0f045-2b7b-75c1-815e-cd1f029082e6","weight":0}
anubis-1   | {"time":"2026-09-30T03:04:28.857490745Z","level":"INFO","source":{"function":"github.com/TecharoHQ/anubis/lib.(*Server).issueChallenge","file":"github.com/TecharoHQ/anubis/lib/anubis.go","line":191},"msg":"new challenge issued","subsystem":"anubis","host":"127.0.0.1:18080","method":"GET","path":"/","user_agent":"Mozilla/5.0 Anubis4090LocalBenchmark/1.0","accept_language":"","priority":"","x-forwarded-for":"","x-real-ip":"192.168.160.1","challenge":"01a0f045-4db9-7736-bd53-9e81b2fa9901","weight":0}
anubis-1   | {"time":"2026-09-30T03:04:31.559029425Z","level":"INFO","source":{"function":"github.com/TecharoHQ/anubis/lib.(*Server).issueChallenge","file":"github.com/TecharoHQ/anubis/lib/anubis.go","line":191},"msg":"new challenge issued","subsystem":"anubis","host":"127.0.0.1:18080","method":"GET","path":"/","user_agent":"Mozilla/5.0 Anubis4090LocalBenchmark/1.0","accept_language":"","priority":"","x-forwarded-for":"","x-real-ip":"192.168.160.1","challenge":"01a0f045-5847-700e-b336-ecd143a78ba5","weight":0}
anubis-1   | {"time":"2026-09-30T03:04:34.317864783Z","level":"INFO","source":{"function":"github.com/TecharoHQ/anubis/lib.(*Server).issueChallenge","file":"github.com/TecharoHQ/anubis/lib/anubis.go","line":191},"msg":"new challenge issued","subsystem":"anubis","host":"127.0.0.1:18080","method":"GET","path":"/","user_agent":"Mozilla/5.0 Anubis4090LocalBenchmark/1.0","accept_language":"","priority":"","x-forwarded-for":"","x-real-ip":"192.168.160.1","challenge":"01a0f045-630d-7cc7-8a8f-7c8e18a03773","weight":0}
anubis-1   | {"time":"2026-09-30T03:04:34.553033487Z","level":"INFO","source":{"function":"github.com/TecharoHQ/anubis/lib.(*Server).issueChallenge","file":"github.com/TecharoHQ/anubis/lib/anubis.go","line":191},"msg":"new challenge issued","subsystem":"anubis","host":"127.0.0.1:18080","method":"GET","path":"/","user_agent":"Mozilla/5.0 Anubis4090LocalBenchmark/1.0","accept_language":"","priority":"","x-forwarded-for":"","x-real-ip":"192.168.160.1","challenge":"01a0f045-63f8-7ef6-935b-4dda81c0216a","weight":0}
anubis-1   | {"time":"2026-09-30T03:04:34.974917735Z","level":"INFO","source":{"function":"github.com/TecharoHQ/anubis/lib.(*Server).issueChallenge","file":"github.com/TecharoHQ/anubis/lib/anubis.go","line":191},"msg":"new challenge issued","subsystem":"anubis","host":"127.0.0.1:18080","method":"GET","path":"/","user_agent":"Mozilla/5.0 Anubis4090LocalBenchmark/1.0","accept_language":"","priority":"","x-forwarded-for":"","x-real-ip":"192.168.160.1","challenge":"01a0f045-659e-7dc6-855f-1fea8eb278bd","weight":0}
nginx-1    | 2026-09-30T03:07:05+00:00 GET / 200 0.000 0.001
nginx-1    | 2026-09-30T03:07:05+00:00 GET /.within.website/x/cmd/anubis/api/pass-challenge 302 0.001 0.000
nginx-1    | 2026-09-30T03:07:05+00:00 GET / 200 0.001 0.001
nginx-1    | 2026-09-30T03:07:05+00:00 GET / 200 0.000 0.000
nginx-1    | 2026-09-30T03:07:05+00:00 GET /.within.website/x/cmd/anubis/api/pass-challenge 302 0.001 0.001
nginx-1    | 2026-09-30T03:07:05+00:00 GET / 200 0.000 0.000
nginx-1    | 2026-09-30T03:07:05+00:00 GET / 200 0.001 0.001
nginx-1    | 2026-09-30T03:07:05+00:00 GET /.within.website/x/cmd/anubis/api/pass-challenge 302 0.000 0.001
nginx-1    | 2026-09-30T03:07:05+00:00 GET / 200 0.001 0.000
nginx-1    | 2026-09-30T03:07:05+00:00 GET / 200 0.000 0.000
nginx-1    | 2026-09-30T03:07:09+00:00 GET /.within.website/x/cmd/anubis/api/pass-challenge 302 0.000 0.001
nginx-1    | 2026-09-30T03:07:09+00:00 GET / 200 0.001 0.000
nginx-1    | 2026-09-30T03:07:09+00:00 GET / 200 0.000 0.001
nginx-1    | 2026-09-30T03:07:09+00:00 GET /.within.website/x/cmd/anubis/api/pass-challenge 302 0.000 0.001
nginx-1    | 2026-09-30T03:07:09+00:00 GET / 200 0.001 0.000
nginx-1    | 2026-09-30T03:07:09+00:00 GET / 200 0.000 0.000
nginx-1    | 2026-09-30T03:07:09+00:00 GET /.within.website/x/cmd/anubis/api/pass-challenge 302 0.000 0.001
nginx-1    | 2026-09-30T03:07:09+00:00 GET / 200 0.001 0.000
nginx-1    | 2026-09-30T03:07:09+00:00 GET / 200 0.000 0.000
nginx-1    | 2026-09-30T03:07:10+00:00 GET /.within.website/x/cmd/anubis/api/pass-challenge 302 0.001 0.000
nginx-1    | 2026-09-30T03:07:10+00:00 GET / 200 0.001 0.000
nginx-1    | 2026-09-30T03:07:10+00:00 GET / 200 0.000 0.001
nginx-1    | 2026-09-30T03:07:15+00:00 GET /.within.website/x/cmd/anubis/api/pass-challenge 302 0.001 0.000
nginx-1    | 2026-09-30T03:07:15+00:00 GET / 200 0.000 0.001
nginx-1    | 2026-09-30T03:07:15+00:00 GET / 200 0.001 0.000
nginx-1    | 2026-09-30T03:07:18+00:00 GET /.within.website/x/cmd/anubis/api/pass-challenge 302 0.000 0.001
anubis-1   | {"time":"2026-09-30T03:04:36.066382125Z","level":"INFO","source":{"function":"github.com/TecharoHQ/anubis/lib.(*Server).issueChallenge","file":"github.com/TecharoHQ/anubis/lib/anubis.go","line":191},"msg":"new challenge issued","subsystem":"anubis","host":"127.0.0.1:18080","method":"GET","path":"/","user_agent":"Mozilla/5.0 Anubis4090LocalBenchmark/1.0","accept_language":"","priority":"","x-forwarded-for":"","x-real-ip":"192.168.160.1","challenge":"01a0f045-69e2-7590-be61-01c1e621ee74","weight":0}
anubis-1   | {"time":"2026-09-30T03:04:39.203289917Z","level":"INFO","source":{"function":"github.com/TecharoHQ/anubis/lib.(*Server).issueChallenge","file":"github.com/TecharoHQ/anubis/lib/anubis.go","line":191},"msg":"new challenge issued","subsystem":"anubis","host":"127.0.0.1:18080","method":"GET","path":"/","user_agent":"Mozilla/5.0 Anubis4090LocalBenchmark/1.0","accept_language":"","priority":"","x-forwarded-for":"","x-real-ip":"192.168.160.1","challenge":"01a0f045-7623-7402-8a28-0f74b0961bf9","weight":0}
anubis-1   | {"time":"2026-09-30T03:04:44.576648524Z","level":"INFO","source":{"function":"github.com/TecharoHQ/anubis/lib.(*Server).issueChallenge","file":"github.com/TecharoHQ/anubis/lib/anubis.go","line":191},"msg":"new challenge issued","subsystem":"anubis","host":"127.0.0.1:18080","method":"GET","path":"/","user_agent":"Mozilla/5.0 Anubis4090LocalBenchmark/1.0","accept_language":"","priority":"","x-forwarded-for":"","x-real-ip":"192.168.160.1","challenge":"01a0f045-8b20-7996-a967-27aaf1d8d83d","weight":0}
anubis-1   | {"time":"2026-09-30T03:04:45.438382538Z","level":"INFO","source":{"function":"github.com/TecharoHQ/anubis/lib.(*Server).issueChallenge","file":"github.com/TecharoHQ/anubis/lib/anubis.go","line":191},"msg":"new challenge issued","subsystem":"anubis","host":"127.0.0.1:18080","method":"GET","path":"/","user_agent":"Mozilla/5.0 Anubis4090LocalBenchmark/1.0","accept_language":"","priority":"","x-forwarded-for":"","x-real-ip":"192.168.160.1","challenge":"01a0f045-8e7e-7597-88ae-2064a8b1320e","weight":0}
anubis-1   | {"time":"2026-09-30T03:04:46.851819426Z","level":"INFO","source":{"function":"github.com/TecharoHQ/anubis/lib.(*Server).issueChallenge","file":"github.com/TecharoHQ/anubis/lib/anubis.go","line":191},"msg":"new challenge issued","subsystem":"anubis","host":"127.0.0.1:18080","method":"GET","path":"/","user_agent":"Mozilla/5.0 Anubis4090LocalBenchmark/1.0","accept_language":"","priority":"","x-forwarded-for":"","x-real-ip":"192.168.160.1","challenge":"01a0f045-9403-7c44-99e6-874badbc0435","weight":0}
anubis-1   | {"time":"2026-09-30T03:04:47.959734505Z","level":"INFO","source":{"function":"github.com/TecharoHQ/anubis/lib.(*Server).issueChallenge","file":"github.com/TecharoHQ/anubis/lib/anubis.go","line":191},"msg":"new challenge issued","subsystem":"anubis","host":"127.0.0.1:18080","method":"GET","path":"/","user_agent":"Mozilla/5.0 Anubis4090LocalBenchmark/1.0","accept_language":"","priority":"","x-forwarded-for":"","x-real-ip":"192.168.160.1","challenge":"01a0f045-9857-7aec-a253-1ff8ae961c94","weight":0}
anubis-1   | {"time":"2026-09-30T03:04:49.269460122Z","level":"INFO","source":{"function":"github.com/TecharoHQ/anubis/lib.(*Server).issueChallenge","file":"github.com/TecharoHQ/anubis/lib/anubis.go","line":191},"msg":"new challenge issued","subsystem":"anubis","host":"127.0.0.1:18080","method":"GET","path":"/","user_agent":"Mozilla/5.0 Anubis4090LocalBenchmark/1.0","accept_language":"","priority":"","x-forwarded-for":"","x-real-ip":"192.168.160.1","challenge":"01a0f045-9d75-76c1-b3d2-27d6849e155d","weight":0}
anubis-1   | {"time":"2026-09-30T03:04:49.712105421Z","level":"INFO","source":{"function":"github.com/TecharoHQ/anubis/lib.(*Server).issueChallenge","file":"github.com/TecharoHQ/anubis/lib/anubis.go","line":191},"msg":"new challenge issued","subsystem":"anubis","host":"127.0.0.1:18080","method":"GET","path":"/","user_agent":"Mozilla/5.0 Anubis4090LocalBenchmark/1.0","accept_language":"","priority":"","x-forwarded-for":"","x-real-ip":"192.168.160.1","challenge":"01a0f045-9f30-715b-bcf2-028b298352ef","weight":0}
anubis-1   | {"time":"2026-09-30T03:04:50.318685079Z","level":"INFO","source":{"function":"github.com/TecharoHQ/anubis/lib.(*Server).issueChallenge","file":"github.com/TecharoHQ/anubis/lib/anubis.go","line":191},"msg":"new challenge issued","subsystem":"anubis","host":"127.0.0.1:18080","method":"GET","path":"/","user_agent":"Mozilla/5.0 Anubis4090LocalBenchmark/1.0","accept_language":"","priority":"","x-forwarded-for":"","x-real-ip":"192.168.160.1","challenge":"01a0f045-a18e-7a0b-bfbc-27b728f9f645","weight":0}
anubis-1   | {"time":"2026-09-30T03:04:51.51367449Z","level":"INFO","source":{"function":"github.com/TecharoHQ/anubis/lib.(*Server).issueChallenge","file":"github.com/TecharoHQ/anubis/lib/anubis.go","line":191},"msg":"new challenge issued","subsystem":"anubis","host":"127.0.0.1:18080","method":"GET","path":"/","user_agent":"Mozilla/5.0 Anubis4090LocalBenchmark/1.0","accept_language":"","priority":"","x-forwarded-for":"","x-real-ip":"192.168.160.1","challenge":"01a0f045-a639-79e7-97ac-db9fbfff7847","weight":0}
anubis-1   | {"time":"2026-09-30T03:04:51.523721804Z","level":"INFO","source":{"function":"github.com/TecharoHQ/anubis/lib.(*Server).issueChallenge","file":"github.com/TecharoHQ/anubis/lib/anubis.go","line":191},"msg":"new challenge issued","subsystem":"anubis","host":"127.0.0.1:18080","method":"GET","path":"/","user_agent":"Mozilla/5.0 Anubis4090LocalBenchmark/1.0","accept_language":"","priority":"","x-forwarded-for":"","x-real-ip":"192.168.160.1","challenge":"01a0f045-a643-7a78-b6b2-ed269cabd5f5","weight":0}
anubis-1   | {"time":"2026-09-30T03:04:58.391292364Z","level":"INFO","source":{"function":"github.com/TecharoHQ/anubis/lib.(*Server).issueChallenge","file":"github.com/TecharoHQ/anubis/lib/anubis.go","line":191},"msg":"new challenge issued","subsystem":"anubis","host":"127.0.0.1:18080","method":"GET","path":"/","user_agent":"Mozilla/5.0 Anubis4090LocalBenchmark/1.0","accept_language":"","priority":"","x-forwarded-for":"","x-real-ip":"192.168.160.1","challenge":"01a0f045-c117-742f-83a7-33170b37eeff","weight":0}
anubis-1   | {"time":"2026-09-30T03:04:59.702754761Z","level":"INFO","source":{"function":"github.com/TecharoHQ/anubis/lib.(*Server).issueChallenge","file":"github.com/TecharoHQ/anubis/lib/anubis.go","line":191},"msg":"new challenge issued","subsystem":"anubis","host":"127.0.0.1:18080","method":"GET","path":"/","user_agent":"Mozilla/5.0 Anubis4090LocalBenchmark/1.0","accept_language":"","priority":"","x-forwarded-for":"","x-real-ip":"192.168.160.1","challenge":"01a0f045-c636-7b43-90fb-f2e231769524","weight":0}
anubis-1   | {"time":"2026-09-30T03:05:00.350429559Z","level":"INFO","source":{"function":"github.com/TecharoHQ/anubis/lib.(*Server).issueChallenge","file":"github.com/TecharoHQ/anubis/lib/anubis.go","line":191},"msg":"new challenge issued","subsystem":"anubis","host":"127.0.0.1:18080","method":"GET","path":"/","user_agent":"Mozilla/5.0 Anubis4090LocalBenchmark/1.0","accept_language":"","priority":"","x-forwarded-for":"","x-real-ip":"192.168.160.1","challenge":"01a0f045-c8be-7621-a4b1-8c243d7801bb","weight":0}
anubis-1   | {"time":"2026-09-30T03:05:05.095248709Z","level":"INFO","source":{"function":"github.com/TecharoHQ/anubis/lib.(*Server).issueChallenge","file":"github.com/TecharoHQ/anubis/lib/anubis.go","line":191},"msg":"new challenge issued","subsystem":"anubis","host":"127.0.0.1:18080","method":"GET","path":"/","user_agent":"Mozilla/5.0 Anubis4090LocalBenchmark/1.0","accept_language":"","priority":"","x-forwarded-for":"","x-real-ip":"192.168.160.1","challenge":"01a0f045-db47-7347-a3e9-e0f76d1bbcf7","weight":0}
anubis-1   | {"time":"2026-09-30T03:05:06.148728826Z","level":"INFO","source":{"function":"github.com/TecharoHQ/anubis/lib.(*Server).issueChallenge","file":"github.com/TecharoHQ/anubis/lib/anubis.go","line":191},"msg":"new challenge issued","subsystem":"anubis","host":"127.0.0.1:18080","method":"GET","path":"/","user_agent":"Mozilla/5.0 Anubis4090LocalBenchmark/1.0","accept_language":"","priority":"","x-forwarded-for":"","x-real-ip":"192.168.160.1","challenge":"01a0f045-df64-7adf-8a7c-b3a6e6dd5ba3","weight":0}
anubis-1   | {"time":"2026-09-30T03:05:06.534064632Z","level":"INFO","source":{"function":"github.com/TecharoHQ/anubis/lib.(*Server).issueChallenge","file":"github.com/TecharoHQ/anubis/lib/anubis.go","line":191},"msg":"new challenge issued","subsystem":"anubis","host":"127.0.0.1:18080","method":"GET","path":"/","user_agent":"Mozilla/5.0 Anubis4090LocalBenchmark/1.0","accept_language":"","priority":"","x-forwarded-for":"","x-real-ip":"192.168.160.1","challenge":"01a0f045-e0e6-708d-b470-36e412b17067","weight":0}
anubis-1   | {"time":"2026-09-30T03:05:09.738779708Z","level":"INFO","source":{"function":"github.com/TecharoHQ/anubis/lib.(*Server).issueChallenge","file":"github.com/TecharoHQ/anubis/lib/anubis.go","line":191},"msg":"new challenge issued","subsystem":"anubis","host":"127.0.0.1:18080","method":"GET","path":"/","user_agent":"Mozilla/5.0 Anubis4090LocalBenchmark/1.0","accept_language":"","priority":"","x-forwarded-for":"","x-real-ip":"192.168.160.1","challenge":"01a0f045-ed6a-7ba6-b594-3955df171ace","weight":0}
anubis-1   | {"time":"2026-09-30T03:05:10.078803427Z","level":"INFO","source":{"function":"github.com/TecharoHQ/anubis/lib.(*Server).issueChallenge","file":"github.com/TecharoHQ/anubis/lib/anubis.go","line":191},"msg":"new challenge issued","subsystem":"anubis","host":"127.0.0.1:18080","method":"GET","path":"/","user_agent":"Mozilla/5.0 Anubis4090LocalBenchmark/1.0","accept_language":"","priority":"","x-forwarded-for":"","x-real-ip":"192.168.160.1","challenge":"01a0f045-eebe-7bd2-b0d6-d13aec1f0267","weight":0}
anubis-1   | {"time":"2026-09-30T03:05:14.352598847Z","level":"INFO","source":{"function":"github.com/TecharoHQ/anubis/lib.(*Server).issueChallenge","file":"github.com/TecharoHQ/anubis/lib/anubis.go","line":191},"msg":"new challenge issued","subsystem":"anubis","host":"127.0.0.1:18080","method":"GET","path":"/","user_agent":"Mozilla/5.0 Anubis4090LocalBenchmark/1.0","accept_language":"","priority":"","x-forwarded-for":"","x-real-ip":"192.168.160.1","challenge":"01a0f045-ff70-78b9-b15b-2aae455db77d","weight":0}
anubis-1   | {"time":"2026-09-30T03:05:16.355865272Z","level":"INFO","source":{"function":"github.com/TecharoHQ/anubis/lib.(*Server).issueChallenge","file":"github.com/TecharoHQ/anubis/lib/anubis.go","line":191},"msg":"new challenge issued","subsystem":"anubis","host":"127.0.0.1:18080","method":"GET","path":"/","user_agent":"Mozilla/5.0 Anubis4090LocalBenchmark/1.0","accept_language":"","priority":"","x-forwarded-for":"","x-real-ip":"192.168.160.1","challenge":"01a0f046-0743-7cc0-8b5f-a6e17680ea8d","weight":0}
anubis-1   | {"time":"2026-09-30T03:05:22.627953936Z","level":"INFO","source":{"function":"github.com/TecharoHQ/anubis/lib.(*Server).issueChallenge","file":"github.com/TecharoHQ/anubis/lib/anubis.go","line":191},"msg":"new challenge issued","subsystem":"anubis","host":"127.0.0.1:18080","method":"GET","path":"/","user_agent":"Mozilla/5.0 Anubis4090LocalBenchmark/1.0","accept_language":"","priority":"","x-forwarded-for":"","x-real-ip":"192.168.160.1","challenge":"01a0f046-1fc3-7e1e-ab1c-c70a7971d738","weight":0}
anubis-1   | {"time":"2026-09-30T03:05:23.370108808Z","level":"INFO","source":{"function":"github.com/TecharoHQ/anubis/lib.(*Server).issueChallenge","file":"github.com/TecharoHQ/anubis/lib/anubis.go","line":191},"msg":"new challenge issued","subsystem":"anubis","host":"127.0.0.1:18080","method":"GET","path":"/","user_agent":"Mozilla/5.0 Anubis4090LocalBenchmark/1.0","accept_language":"","priority":"","x-forwarded-for":"","x-real-ip":"192.168.160.1","challenge":"01a0f046-22aa-716c-bdaa-aad276a5e19d","weight":0}
anubis-1   | {"time":"2026-09-30T03:05:24.054608196Z","level":"INFO","source":{"function":"github.com/TecharoHQ/anubis/lib.(*Server).issueChallenge","file":"github.com/TecharoHQ/anubis/lib/anubis.go","line":191},"msg":"new challenge issued","subsystem":"anubis","host":"127.0.0.1:18080","method":"GET","path":"/","user_agent":"Mozilla/5.0 Anubis4090LocalBenchmark/1.0","accept_language":"","priority":"","x-forwarded-for":"","x-real-ip":"192.168.160.1","challenge":"01a0f046-2556-78e2-a517-852996231bae","weight":0}
anubis-1   | {"time":"2026-09-30T03:05:28.206362279Z","level":"INFO","source":{"function":"github.com/TecharoHQ/anubis/lib.(*Server).issueChallenge","file":"github.com/TecharoHQ/anubis/lib/anubis.go","line":191},"msg":"new challenge issued","subsystem":"anubis","host":"127.0.0.1:18080","method":"GET","path":"/","user_agent":"Mozilla/5.0 Anubis4090LocalBenchmark/1.0","accept_language":"","priority":"","x-forwarded-for":"","x-real-ip":"192.168.160.1","challenge":"01a0f046-358e-7545-9b8d-c39af1bda481","weight":0}
anubis-1   | {"time":"2026-09-30T03:05:31.178436199Z","level":"INFO","source":{"function":"github.com/TecharoHQ/anubis/lib.(*Server).issueChallenge","file":"github.com/TecharoHQ/anubis/lib/anubis.go","line":191},"msg":"new challenge issued","subsystem":"anubis","host":"127.0.0.1:18080","method":"GET","path":"/","user_agent":"Mozilla/5.0 Anubis4090LocalBenchmark/1.0","accept_language":"","priority":"","x-forwarded-for":"","x-real-ip":"192.168.160.1","challenge":"01a0f046-412a-7635-a0c4-1b54835686ab","weight":0}
anubis-1   | {"time":"2026-09-30T03:05:32.530957347Z","level":"INFO","source":{"function":"github.com/TecharoHQ/anubis/lib.(*Server).issueChallenge","file":"github.com/TecharoHQ/anubis/lib/anubis.go","line":191},"msg":"new challenge issued","subsystem":"anubis","host":"127.0.0.1:18080","method":"GET","path":"/","user_agent":"Mozilla/5.0 Anubis4090LocalBenchmark/1.0","accept_language":"","priority":"","x-forwarded-for":"","x-real-ip":"192.168.160.1","challenge":"01a0f046-4672-7e5f-bede-3267f74aa093","weight":0}
anubis-1   | {"time":"2026-09-30T03:05:35.337416765Z","level":"INFO","source":{"function":"github.com/TecharoHQ/anubis/lib.(*Server).issueChallenge","file":"github.com/TecharoHQ/anubis/lib/anubis.go","line":191},"msg":"new challenge issued","subsystem":"anubis","host":"127.0.0.1:18080","method":"GET","path":"/","user_agent":"Mozilla/5.0 Anubis4090LocalBenchmark/1.0","accept_language":"","priority":"","x-forwarded-for":"","x-real-ip":"192.168.160.1","challenge":"01a0f046-5169-7619-b6eb-5a6b56899585","weight":0}
anubis-1   | {"time":"2026-09-30T03:05:38.22215522Z","level":"INFO","source":{"function":"github.com/TecharoHQ/anubis/lib.(*Server).issueChallenge","file":"github.com/TecharoHQ/anubis/lib/anubis.go","line":191},"msg":"new challenge issued","subsystem":"anubis","host":"127.0.0.1:18080","method":"GET","path":"/","user_agent":"Mozilla/5.0 Anubis4090LocalBenchmark/1.0","accept_language":"","priority":"","x-forwarded-for":"","x-real-ip":"192.168.160.1","challenge":"01a0f046-5cae-7210-a439-6cd1d139175c","weight":0}
anubis-1   | {"time":"2026-09-30T03:05:41.153569511Z","level":"INFO","source":{"function":"github.com/TecharoHQ/anubis/lib.(*Server).issueChallenge","file":"github.com/TecharoHQ/anubis/lib/anubis.go","line":191},"msg":"new challenge issued","subsystem":"anubis","host":"127.0.0.1:18080","method":"GET","path":"/","user_agent":"Mozilla/5.0 Anubis4090LocalBenchmark/1.0","accept_language":"","priority":"","x-forwarded-for":"","x-real-ip":"192.168.160.1","challenge":"01a0f046-6821-77fc-bbea-fb978996d6ee","weight":0}
anubis-1   | {"time":"2026-09-30T03:05:44.113739212Z","level":"INFO","source":{"function":"github.com/TecharoHQ/anubis/lib.(*Server).issueChallenge","file":"github.com/TecharoHQ/anubis/lib/anubis.go","line":191},"msg":"new challenge issued","subsystem":"anubis","host":"127.0.0.1:18080","method":"GET","path":"/","user_agent":"Mozilla/5.0 Anubis4090LocalBenchmark/1.0","accept_language":"","priority":"","x-forwarded-for":"","x-real-ip":"192.168.160.1","challenge":"01a0f046-73b1-7ad7-b959-568285511448","weight":0}
anubis-1   | {"time":"2026-09-30T03:05:48.654462631Z","level":"INFO","source":{"function":"github.com/TecharoHQ/anubis/lib.(*Server).issueChallenge","file":"github.com/TecharoHQ/anubis/lib/anubis.go","line":191},"msg":"new challenge issued","subsystem":"anubis","host":"127.0.0.1:18080","method":"GET","path":"/","user_agent":"Mozilla/5.0 Anubis4090LocalBenchmark/1.0","accept_language":"","priority":"","x-forwarded-for":"","x-real-ip":"192.168.160.1","challenge":"01a0f046-856e-76ca-85bb-7ff0135c8f4d","weight":0}
anubis-1   | {"time":"2026-09-30T03:05:51.645045323Z","level":"INFO","source":{"function":"github.com/TecharoHQ/anubis/lib.(*Server).issueChallenge","file":"github.com/TecharoHQ/anubis/lib/anubis.go","line":191},"msg":"new challenge issued","subsystem":"anubis","host":"127.0.0.1:18080","method":"GET","path":"/","user_agent":"Mozilla/5.0 Anubis4090LocalBenchmark/1.0","accept_language":"","priority":"","x-forwarded-for":"","x-real-ip":"192.168.160.1","challenge":"01a0f046-911d-7027-b7f6-14333d7a023f","weight":0}
anubis-1   | {"time":"2026-09-30T03:05:53.963882716Z","level":"INFO","source":{"function":"github.com/TecharoHQ/anubis/lib.(*Server).issueChallenge","file":"github.com/TecharoHQ/anubis/lib/anubis.go","line":191},"msg":"new challenge issued","subsystem":"anubis","host":"127.0.0.1:18080","method":"GET","path":"/","user_agent":"Mozilla/5.0 Anubis4090LocalBenchmark/1.0","accept_language":"","priority":"","x-forwarded-for":"","x-real-ip":"192.168.160.1","challenge":"01a0f046-9a2b-7d16-9f9f-246dfc9a4215","weight":0}
anubis-1   | {"time":"2026-09-30T03:05:54.219647551Z","level":"INFO","source":{"function":"github.com/TecharoHQ/anubis/lib.(*Server).issueChallenge","file":"github.com/TecharoHQ/anubis/lib/anubis.go","line":191},"msg":"new challenge issued","subsystem":"anubis","host":"127.0.0.1:18080","method":"GET","path":"/","user_agent":"Mozilla/5.0 Anubis4090LocalBenchmark/1.0","accept_language":"","priority":"","x-forwarded-for":"","x-real-ip":"192.168.160.1","challenge":"01a0f046-9b2b-79a4-8064-179c9ddce8ef","weight":0}
anubis-1   | {"time":"2026-09-30T03:05:54.658207229Z","level":"INFO","source":{"function":"github.com/TecharoHQ/anubis/lib.(*Server).issueChallenge","file":"github.com/TecharoHQ/anubis/lib/anubis.go","line":191},"msg":"new challenge issued","subsystem":"anubis","host":"127.0.0.1:18080","method":"GET","path":"/","user_agent":"Mozilla/5.0 Anubis4090LocalBenchmark/1.0","accept_language":"","priority":"","x-forwarded-for":"","x-real-ip":"192.168.160.1","challenge":"01a0f046-9ce2-72c7-96af-e085d4b3019c","weight":0}
anubis-1   | {"time":"2026-09-30T03:05:55.431717145Z","level":"INFO","source":{"function":"github.com/TecharoHQ/anubis/lib.(*Server).issueChallenge","file":"github.com/TecharoHQ/anubis/lib/anubis.go","line":191},"msg":"new challenge issued","subsystem":"anubis","host":"127.0.0.1:18080","method":"GET","path":"/","user_agent":"Mozilla/5.0 Anubis4090LocalBenchmark/1.0","accept_language":"","priority":"","x-forwarded-for":"","x-real-ip":"192.168.160.1","challenge":"01a0f046-9fe7-7a53-9e00-7aaeadad0e78","weight":0}
anubis-1   | {"time":"2026-09-30T03:05:57.88084297Z","level":"INFO","source":{"function":"github.com/TecharoHQ/anubis/lib.(*Server).issueChallenge","file":"github.com/TecharoHQ/anubis/lib/anubis.go","line":191},"msg":"new challenge issued","subsystem":"anubis","host":"127.0.0.1:18080","method":"GET","path":"/","user_agent":"Mozilla/5.0 Anubis4090LocalBenchmark/1.0","accept_language":"","priority":"","x-forwarded-for":"","x-real-ip":"192.168.160.1","challenge":"01a0f046-a978-7c6f-9cb9-82da41fc90ab","weight":0}
anubis-1   | {"time":"2026-09-30T03:06:02.040598676Z","level":"INFO","source":{"function":"github.com/TecharoHQ/anubis/lib.(*Server).issueChallenge","file":"github.com/TecharoHQ/anubis/lib/anubis.go","line":191},"msg":"new challenge issued","subsystem":"anubis","host":"127.0.0.1:18080","method":"GET","path":"/","user_agent":"Mozilla/5.0 Anubis4090LocalBenchmark/1.0","accept_language":"","priority":"","x-forwarded-for":"","x-real-ip":"192.168.160.1","challenge":"01a0f046-b9b8-77b6-aa7a-0b212278899e","weight":0}
anubis-1   | {"time":"2026-09-30T03:06:02.611028764Z","level":"INFO","source":{"function":"github.com/TecharoHQ/anubis/lib.(*Server).issueChallenge","file":"github.com/TecharoHQ/anubis/lib/anubis.go","line":191},"msg":"new challenge issued","subsystem":"anubis","host":"127.0.0.1:18080","method":"GET","path":"/","user_agent":"Mozilla/5.0 Anubis4090LocalBenchmark/1.0","accept_language":"","priority":"","x-forwarded-for":"","x-real-ip":"192.168.160.1","challenge":"01a0f046-bbf3-700a-aa8d-702b0818e667","weight":0}
anubis-1   | {"time":"2026-09-30T03:06:02.696272251Z","level":"INFO","source":{"function":"github.com/TecharoHQ/anubis/lib.(*Server).issueChallenge","file":"github.com/TecharoHQ/anubis/lib/anubis.go","line":191},"msg":"new challenge issued","subsystem":"anubis","host":"127.0.0.1:18080","method":"GET","path":"/","user_agent":"Mozilla/5.0 Anubis4090LocalBenchmark/1.0","accept_language":"","priority":"","x-forwarded-for":"","x-real-ip":"192.168.160.1","challenge":"01a0f046-bc48-73cf-853a-883f2f2e5c02","weight":0}
anubis-1   | {"time":"2026-09-30T03:06:03.422274396Z","level":"INFO","source":{"function":"github.com/TecharoHQ/anubis/lib.(*Server).issueChallenge","file":"github.com/TecharoHQ/anubis/lib/anubis.go","line":191},"msg":"new challenge issued","subsystem":"anubis","host":"127.0.0.1:18080","method":"GET","path":"/","user_agent":"Mozilla/5.0 Anubis4090LocalBenchmark/1.0","accept_language":"","priority":"","x-forwarded-for":"","x-real-ip":"192.168.160.1","challenge":"01a0f046-bf1e-73cf-a4e7-5b2259093755","weight":0}
nginx-1    | 2026-09-30T03:07:18+00:00 GET / 200 0.000 0.001
nginx-1    | 2026-09-30T03:07:18+00:00 GET / 200 0.001 0.000
nginx-1    | 2026-09-30T03:07:18+00:00 GET /.within.website/x/cmd/anubis/api/pass-challenge 302 0.000 0.001
nginx-1    | 2026-09-30T03:07:18+00:00 GET / 200 0.001 0.000
nginx-1    | 2026-09-30T03:07:18+00:00 GET / 200 0.000 0.001
nginx-1    | 2026-09-30T03:07:19+00:00 GET /.within.website/x/cmd/anubis/api/pass-challenge 302 0.001 0.000
nginx-1    | 2026-09-30T03:07:19+00:00 GET / 200 0.000 0.001
nginx-1    | 2026-09-30T03:07:19+00:00 GET / 200 0.001 0.000
nginx-1    | 2026-09-30T03:07:23+00:00 GET /.within.website/x/cmd/anubis/api/pass-challenge 302 0.000 0.001
nginx-1    | 2026-09-30T03:07:23+00:00 GET / 200 0.001 0.000
nginx-1    | 2026-09-30T03:07:23+00:00 GET / 200 0.001 0.001
nginx-1    | 2026-09-30T03:07:27+00:00 GET /.within.website/x/cmd/anubis/api/pass-challenge 302 0.001 0.001
nginx-1    | 2026-09-30T03:07:27+00:00 GET / 200 0.001 0.001
nginx-1    | 2026-09-30T03:07:27+00:00 GET / 200 0.001 0.000
nginx-1    | 2026-09-30T03:07:28+00:00 GET /.within.website/x/cmd/anubis/api/pass-challenge 302 0.001 0.001
nginx-1    | 2026-09-30T03:07:28+00:00 GET / 200 0.000 0.000
nginx-1    | 2026-09-30T03:07:28+00:00 GET / 200 0.000 0.001
nginx-1    | 2026-09-30T03:07:33+00:00 GET /.within.website/x/cmd/anubis/api/pass-challenge 302 0.001 0.001
nginx-1    | 2026-09-30T03:07:33+00:00 GET / 200 0.001 0.001
nginx-1    | 2026-09-30T03:07:33+00:00 GET / 200 0.000 0.000
nginx-1    | 2026-09-30T03:07:34+00:00 GET /.within.website/x/cmd/anubis/api/pass-challenge 302 0.001 0.001
nginx-1    | 2026-09-30T03:07:34+00:00 GET / 200 0.001 0.001
nginx-1    | 2026-09-30T03:07:34+00:00 GET / 200 0.000 0.001
nginx-1    | 2026-09-30T03:07:34+00:00 GET /.within.website/x/cmd/anubis/api/pass-challenge 302 0.000 0.000
nginx-1    | 2026-09-30T03:07:34+00:00 GET / 200 0.001 0.000
nginx-1    | 2026-09-30T03:07:34+00:00 GET / 200 0.000 0.000
nginx-1    | 2026-09-30T03:07:34+00:00 GET /.within.website/x/cmd/anubis/api/pass-challenge 302 0.000 0.000
anubis-1   | {"time":"2026-09-30T03:06:04.973924154Z","level":"INFO","source":{"function":"github.com/TecharoHQ/anubis/lib.(*Server).issueChallenge","file":"github.com/TecharoHQ/anubis/lib/anubis.go","line":191},"msg":"new challenge issued","subsystem":"anubis","host":"127.0.0.1:18080","method":"GET","path":"/","user_agent":"Mozilla/5.0 Anubis4090LocalBenchmark/1.0","accept_language":"","priority":"","x-forwarded-for":"","x-real-ip":"192.168.160.1","challenge":"01a0f046-c52d-7db8-89cc-993682539ebe","weight":0}
anubis-1   | {"time":"2026-09-30T03:06:05.942630939Z","level":"INFO","source":{"function":"github.com/TecharoHQ/anubis/lib.(*Server).issueChallenge","file":"github.com/TecharoHQ/anubis/lib/anubis.go","line":191},"msg":"new challenge issued","subsystem":"anubis","host":"127.0.0.1:18080","method":"GET","path":"/","user_agent":"Mozilla/5.0 Anubis4090LocalBenchmark/1.0","accept_language":"","priority":"","x-forwarded-for":"","x-real-ip":"192.168.160.1","challenge":"01a0f046-c8f6-795f-8353-2d42ab0c7550","weight":0}
anubis-1   | {"time":"2026-09-30T03:06:08.379135715Z","level":"INFO","source":{"function":"github.com/TecharoHQ/anubis/lib.(*Server).issueChallenge","file":"github.com/TecharoHQ/anubis/lib/anubis.go","line":191},"msg":"new challenge issued","subsystem":"anubis","host":"127.0.0.1:18080","method":"GET","path":"/","user_agent":"Mozilla/5.0 Anubis4090LocalBenchmark/1.0","accept_language":"","priority":"","x-forwarded-for":"","x-real-ip":"192.168.160.1","challenge":"01a0f046-d27b-71cd-b972-9a4971924af3","weight":0}
anubis-1   | {"time":"2026-09-30T03:06:09.296128942Z","level":"INFO","source":{"function":"github.com/TecharoHQ/anubis/lib.(*Server).issueChallenge","file":"github.com/TecharoHQ/anubis/lib/anubis.go","line":191},"msg":"new challenge issued","subsystem":"anubis","host":"127.0.0.1:18080","method":"GET","path":"/","user_agent":"Mozilla/5.0 Anubis4090LocalBenchmark/1.0","accept_language":"","priority":"","x-forwarded-for":"","x-real-ip":"192.168.160.1","challenge":"01a0f046-d610-71be-a671-71cde89a5e04","weight":0}
anubis-1   | {"time":"2026-09-30T03:06:11.044910522Z","level":"INFO","source":{"function":"github.com/TecharoHQ/anubis/lib.(*Server).issueChallenge","file":"github.com/TecharoHQ/anubis/lib/anubis.go","line":191},"msg":"new challenge issued","subsystem":"anubis","host":"127.0.0.1:18080","method":"GET","path":"/","user_agent":"Mozilla/5.0 Anubis4090LocalBenchmark/1.0","accept_language":"","priority":"","x-forwarded-for":"","x-real-ip":"192.168.160.1","challenge":"01a0f046-dce4-7d76-9dcd-727808018075","weight":0}
anubis-1   | {"time":"2026-09-30T03:06:11.508686739Z","level":"INFO","source":{"function":"github.com/TecharoHQ/anubis/lib.(*Server).issueChallenge","file":"github.com/TecharoHQ/anubis/lib/anubis.go","line":191},"msg":"new challenge issued","subsystem":"anubis","host":"127.0.0.1:18080","method":"GET","path":"/","user_agent":"Mozilla/5.0 Anubis4090LocalBenchmark/1.0","accept_language":"","priority":"","x-forwarded-for":"","x-real-ip":"192.168.160.1","challenge":"01a0f046-deb4-7a04-bff9-3afb24fe4352","weight":0}
anubis-1   | {"time":"2026-09-30T03:06:12.190607322Z","level":"INFO","source":{"function":"github.com/TecharoHQ/anubis/lib.(*Server).issueChallenge","file":"github.com/TecharoHQ/anubis/lib/anubis.go","line":191},"msg":"new challenge issued","subsystem":"anubis","host":"127.0.0.1:18080","method":"GET","path":"/","user_agent":"Mozilla/5.0 Anubis4090LocalBenchmark/1.0","accept_language":"","priority":"","x-forwarded-for":"","x-real-ip":"192.168.160.1","challenge":"01a0f046-e15e-78f6-9da3-f5efeac664a0","weight":0}
nginx-1    | 2026-09-30T03:07:34+00:00 GET / 200 0.000 0.001
nginx-1    | 2026-09-30T03:07:34+00:00 GET / 200 0.001 0.001
nginx-1    | 2026-09-30T03:07:36+00:00 GET /.within.website/x/cmd/anubis/api/pass-challenge 302 0.001 0.000
nginx-1    | 2026-09-30T03:07:36+00:00 GET / 200 0.001 0.001
nginx-1    | 2026-09-30T03:07:36+00:00 GET / 200 0.001 0.000
nginx-1    | 2026-09-30T03:07:37+00:00 GET /.within.website/x/cmd/anubis/api/pass-challenge 302 0.001 0.001
nginx-1    | 2026-09-30T03:07:37+00:00 GET / 200 0.000 0.001
nginx-1    | 2026-09-30T03:07:37+00:00 GET / 200 0.001 0.000
nginx-1    | 2026-09-30T03:07:37+00:00 GET /.within.website/x/cmd/anubis/api/pass-challenge 302 0.000 0.001
nginx-1    | 2026-09-30T03:07:37+00:00 GET / 200 0.000 0.001
nginx-1    | 2026-09-30T03:07:37+00:00 GET / 200 0.001 0.001
nginx-1    | 2026-09-30T03:07:38+00:00 GET /.within.website/x/cmd/anubis/api/pass-challenge 302 0.001 0.000
nginx-1    | 2026-09-30T03:07:38+00:00 GET / 200 0.001 0.001
nginx-1    | 2026-09-30T03:07:38+00:00 GET / 200 0.001 0.000
nginx-1    | 2026-09-30T03:07:39+00:00 GET /.within.website/x/cmd/anubis/api/pass-challenge 302 0.001 0.001
nginx-1    | 2026-09-30T03:07:39+00:00 GET / 200 0.001 0.001
nginx-1    | 2026-09-30T03:07:39+00:00 GET / 200 0.000 0.000
nginx-1    | 2026-09-30T03:07:39+00:00 GET /.within.website/x/cmd/anubis/api/pass-challenge 302 0.000 0.001
nginx-1    | 2026-09-30T03:07:39+00:00 GET / 200 0.001 0.000
nginx-1    | 2026-09-30T03:07:39+00:00 GET / 200 0.000 0.001
nginx-1    | 2026-09-30T03:07:39+00:00 GET /.within.website/x/cmd/anubis/api/pass-challenge 302 0.001 0.000
nginx-1    | 2026-09-30T03:07:39+00:00 GET / 200 0.001 0.001
anubis-1   | {"time":"2026-09-30T03:06:13.041255838Z","level":"INFO","source":{"function":"github.com/TecharoHQ/anubis/lib.(*Server).issueChallenge","file":"github.com/TecharoHQ/anubis/lib/anubis.go","line":191},"msg":"new challenge issued","subsystem":"anubis","host":"127.0.0.1:18080","method":"GET","path":"/","user_agent":"Mozilla/5.0 Anubis4090LocalBenchmark/1.0","accept_language":"","priority":"","x-forwarded-for":"","x-real-ip":"192.168.160.1","challenge":"01a0f046-e4b1-7392-b645-f12c991e4a2c","weight":0}
anubis-1   | {"time":"2026-09-30T03:06:16.30908259Z","level":"INFO","source":{"function":"github.com/TecharoHQ/anubis/lib.(*Server).issueChallenge","file":"github.com/TecharoHQ/anubis/lib/anubis.go","line":191},"msg":"new challenge issued","subsystem":"anubis","host":"127.0.0.1:18080","method":"GET","path":"/","user_agent":"Mozilla/5.0 Anubis4090LocalBenchmark/1.0","accept_language":"","priority":"","x-forwarded-for":"","x-real-ip":"192.168.160.1","challenge":"01a0f046-f175-70d4-8baa-09c58ddaa7b0","weight":0}
anubis-1   | {"time":"2026-09-30T03:06:17.197363136Z","level":"INFO","source":{"function":"github.com/TecharoHQ/anubis/lib.(*Server).issueChallenge","file":"github.com/TecharoHQ/anubis/lib/anubis.go","line":191},"msg":"new challenge issued","subsystem":"anubis","host":"127.0.0.1:18080","method":"GET","path":"/","user_agent":"Mozilla/5.0 Anubis4090LocalBenchmark/1.0","accept_language":"","priority":"","x-forwarded-for":"","x-real-ip":"192.168.160.1","challenge":"01a0f046-f4ed-7511-ab49-aefe4f27b9ee","weight":0}
anubis-1   | {"time":"2026-09-30T03:06:17.913383461Z","level":"INFO","source":{"function":"github.com/TecharoHQ/anubis/lib.(*Server).issueChallenge","file":"github.com/TecharoHQ/anubis/lib/anubis.go","line":191},"msg":"new challenge issued","subsystem":"anubis","host":"127.0.0.1:18080","method":"GET","path":"/","user_agent":"Mozilla/5.0 Anubis4090LocalBenchmark/1.0","accept_language":"","priority":"","x-forwarded-for":"","x-real-ip":"192.168.160.1","challenge":"01a0f046-f7b9-759a-9c11-d9ad2d2c2b39","weight":0}
anubis-1   | {"time":"2026-09-30T03:06:18.426597231Z","level":"INFO","source":{"function":"github.com/TecharoHQ/anubis/lib.(*Server).issueChallenge","file":"github.com/TecharoHQ/anubis/lib/anubis.go","line":191},"msg":"new challenge issued","subsystem":"anubis","host":"127.0.0.1:18080","method":"GET","path":"/","user_agent":"Mozilla/5.0 Anubis4090LocalBenchmark/1.0","accept_language":"","priority":"","x-forwarded-for":"","x-real-ip":"192.168.160.1","challenge":"01a0f046-f9ba-78b4-861b-19fee74c5a4f","weight":0}
anubis-1   | {"time":"2026-09-30T03:06:18.839208743Z","level":"INFO","source":{"function":"github.com/TecharoHQ/anubis/lib.(*Server).issueChallenge","file":"github.com/TecharoHQ/anubis/lib/anubis.go","line":191},"msg":"new challenge issued","subsystem":"anubis","host":"127.0.0.1:18080","method":"GET","path":"/","user_agent":"Mozilla/5.0 Anubis4090LocalBenchmark/1.0","accept_language":"","priority":"","x-forwarded-for":"","x-real-ip":"192.168.160.1","challenge":"01a0f046-fb57-72c8-9ed3-a881f3fceb2d","weight":0}
anubis-1   | {"time":"2026-09-30T03:06:19.067931052Z","level":"INFO","source":{"function":"github.com/TecharoHQ/anubis/lib.(*Server).issueChallenge","file":"github.com/TecharoHQ/anubis/lib/anubis.go","line":191},"msg":"new challenge issued","subsystem":"anubis","host":"127.0.0.1:18080","method":"GET","path":"/","user_agent":"Mozilla/5.0 Anubis4090LocalBenchmark/1.0","accept_language":"","priority":"","x-forwarded-for":"","x-real-ip":"192.168.160.1","challenge":"01a0f046-fc3b-7dcc-9b30-24d2db81209b","weight":0}
anubis-1   | {"time":"2026-09-30T03:06:22.860473476Z","level":"INFO","source":{"function":"github.com/TecharoHQ/anubis/lib.(*Server).issueChallenge","file":"github.com/TecharoHQ/anubis/lib/anubis.go","line":191},"msg":"new challenge issued","subsystem":"anubis","host":"127.0.0.1:18080","method":"GET","path":"/","user_agent":"Mozilla/5.0 Anubis4090LocalBenchmark/1.0","accept_language":"","priority":"","x-forwarded-for":"","x-real-ip":"192.168.160.1","challenge":"01a0f047-0b0c-7700-a926-cd4fa9440789","weight":0}
anubis-1   | {"time":"2026-09-30T03:06:28.816460042Z","level":"INFO","source":{"function":"github.com/TecharoHQ/anubis/lib.(*Server).issueChallenge","file":"github.com/TecharoHQ/anubis/lib/anubis.go","line":191},"msg":"new challenge issued","subsystem":"anubis","host":"127.0.0.1:18080","method":"GET","path":"/","user_agent":"Mozilla/5.0 Anubis4090LocalBenchmark/1.0","accept_language":"","priority":"","x-forwarded-for":"","x-real-ip":"192.168.160.1","challenge":"01a0f047-2250-768e-99dc-247c1c41f07c","weight":0}
anubis-1   | {"time":"2026-09-30T03:06:29.656144669Z","level":"INFO","source":{"function":"github.com/TecharoHQ/anubis/lib.(*Server).issueChallenge","file":"github.com/TecharoHQ/anubis/lib/anubis.go","line":191},"msg":"new challenge issued","subsystem":"anubis","host":"127.0.0.1:18080","method":"GET","path":"/","user_agent":"Mozilla/5.0 Anubis4090LocalBenchmark/1.0","accept_language":"","priority":"","x-forwarded-for":"","x-real-ip":"192.168.160.1","challenge":"01a0f047-2598-71c3-a3ea-ed2fa8d95ea3","weight":0}
anubis-1   | {"time":"2026-09-30T03:06:34.14536684Z","level":"INFO","source":{"function":"github.com/TecharoHQ/anubis/lib.(*Server).issueChallenge","file":"github.com/TecharoHQ/anubis/lib/anubis.go","line":191},"msg":"new challenge issued","subsystem":"anubis","host":"127.0.0.1:18080","method":"GET","path":"/","user_agent":"Mozilla/5.0 Anubis4090LocalBenchmark/1.0","accept_language":"","priority":"","x-forwarded-for":"","x-real-ip":"192.168.160.1","challenge":"01a0f047-3721-7535-8be3-6f7777ad7374","weight":0}
anubis-1   | {"time":"2026-09-30T03:06:36.261969405Z","level":"INFO","source":{"function":"github.com/TecharoHQ/anubis/lib.(*Server).issueChallenge","file":"github.com/TecharoHQ/anubis/lib/anubis.go","line":191},"msg":"new challenge issued","subsystem":"anubis","host":"127.0.0.1:18080","method":"GET","path":"/","user_agent":"Mozilla/5.0 Anubis4090LocalBenchmark/1.0","accept_language":"","priority":"","x-forwarded-for":"","x-real-ip":"192.168.160.1","challenge":"01a0f047-3f65-7e5e-b563-5301407e839f","weight":0}
anubis-1   | {"time":"2026-09-30T03:06:37.595489705Z","level":"INFO","source":{"function":"github.com/TecharoHQ/anubis/lib.(*Server).issueChallenge","file":"github.com/TecharoHQ/anubis/lib/anubis.go","line":191},"msg":"new challenge issued","subsystem":"anubis","host":"127.0.0.1:18080","method":"GET","path":"/","user_agent":"Mozilla/5.0 Anubis4090LocalBenchmark/1.0","accept_language":"","priority":"","x-forwarded-for":"","x-real-ip":"192.168.160.1","challenge":"01a0f047-449b-773f-a2e6-56b20fa938f1","weight":0}
anubis-1   | {"time":"2026-09-30T03:06:42.935964559Z","level":"INFO","source":{"function":"github.com/TecharoHQ/anubis/lib.(*Server).issueChallenge","file":"github.com/TecharoHQ/anubis/lib/anubis.go","line":191},"msg":"new challenge issued","subsystem":"anubis","host":"127.0.0.1:18080","method":"GET","path":"/","user_agent":"Mozilla/5.0 Anubis4090LocalBenchmark/1.0","accept_language":"","priority":"","x-forwarded-for":"","x-real-ip":"192.168.160.1","challenge":"01a0f047-5977-7e6f-a4d8-cfdcb2f6caaf","weight":0}
anubis-1   | {"time":"2026-09-30T03:06:43.07427909Z","level":"INFO","source":{"function":"github.com/TecharoHQ/anubis/lib.(*Server).issueChallenge","file":"github.com/TecharoHQ/anubis/lib/anubis.go","line":191},"msg":"new challenge issued","subsystem":"anubis","host":"127.0.0.1:18080","method":"GET","path":"/","user_agent":"Mozilla/5.0 Anubis4090LocalBenchmark/1.0","accept_language":"","priority":"","x-forwarded-for":"","x-real-ip":"192.168.160.1","challenge":"01a0f047-5a02-73e1-accd-1506847f4e1c","weight":0}
nginx-1    | 2026-09-30T03:07:39+00:00 GET / 200 0.000 0.001
nginx-1    | 2026-09-30T03:07:41+00:00 GET /.within.website/x/cmd/anubis/api/pass-challenge 302 0.001 0.001
nginx-1    | 2026-09-30T03:07:41+00:00 GET / 200 0.000 0.000
nginx-1    | 2026-09-30T03:07:41+00:00 GET / 200 0.001 0.001
nginx-1    | 2026-09-30T03:07:41+00:00 GET /.within.website/x/cmd/anubis/api/pass-challenge 302 0.001 0.000
nginx-1    | 2026-09-30T03:07:41+00:00 GET / 200 0.001 0.001
nginx-1    | 2026-09-30T03:07:41+00:00 GET / 200 0.000 0.000
anubis-1   | {"time":"2026-09-30T03:06:48.342134621Z","level":"INFO","source":{"function":"github.com/TecharoHQ/anubis/lib.(*Server).issueChallenge","file":"github.com/TecharoHQ/anubis/lib/anubis.go","line":191},"msg":"new challenge issued","subsystem":"anubis","host":"127.0.0.1:18080","method":"GET","path":"/","user_agent":"Mozilla/5.0 Anubis4090LocalBenchmark/1.0","accept_language":"","priority":"","x-forwarded-for":"","x-real-ip":"192.168.160.1","challenge":"01a0f047-6e96-71c1-88bc-1fa64d38fa8b","weight":0}
anubis-1   | {"time":"2026-09-30T03:06:48.901318699Z","level":"INFO","source":{"function":"github.com/TecharoHQ/anubis/lib.(*Server).issueChallenge","file":"github.com/TecharoHQ/anubis/lib/anubis.go","line":191},"msg":"new challenge issued","subsystem":"anubis","host":"127.0.0.1:18080","method":"GET","path":"/","user_agent":"Mozilla/5.0 Anubis4090LocalBenchmark/1.0","accept_language":"","priority":"","x-forwarded-for":"","x-real-ip":"192.168.160.1","challenge":"01a0f047-70c5-74a1-a908-01ca1e49f5ef","weight":0}
anubis-1   | {"time":"2026-09-30T03:06:49.900778616Z","level":"INFO","source":{"function":"github.com/TecharoHQ/anubis/lib.(*Server).issueChallenge","file":"github.com/TecharoHQ/anubis/lib/anubis.go","line":191},"msg":"new challenge issued","subsystem":"anubis","host":"127.0.0.1:18080","method":"GET","path":"/","user_agent":"Mozilla/5.0 Anubis4090LocalBenchmark/1.0","accept_language":"","priority":"","x-forwarded-for":"","x-real-ip":"192.168.160.1","challenge":"01a0f047-74ac-7b6d-99a3-0744cbddeef0","weight":0}
anubis-1   | {"time":"2026-09-30T03:06:50.4475674Z","level":"INFO","source":{"function":"github.com/TecharoHQ/anubis/lib.(*Server).issueChallenge","file":"github.com/TecharoHQ/anubis/lib/anubis.go","line":191},"msg":"new challenge issued","subsystem":"anubis","host":"127.0.0.1:18080","method":"GET","path":"/","user_agent":"Mozilla/5.0 Anubis4090LocalBenchmark/1.0","accept_language":"","priority":"","x-forwarded-for":"","x-real-ip":"192.168.160.1","challenge":"01a0f047-76cf-782d-98fa-faf333cea63f","weight":0}
anubis-1   | {"time":"2026-09-30T03:06:56.626635998Z","level":"INFO","source":{"function":"github.com/TecharoHQ/anubis/lib.(*Server).issueChallenge","file":"github.com/TecharoHQ/anubis/lib/anubis.go","line":191},"msg":"new challenge issued","subsystem":"anubis","host":"127.0.0.1:18080","method":"GET","path":"/","user_agent":"Mozilla/5.0 Anubis4090LocalBenchmark/1.0","accept_language":"","priority":"","x-forwarded-for":"","x-real-ip":"192.168.160.1","challenge":"01a0f047-8ef2-7931-99ba-9634e28b22f5","weight":0}
anubis-1   | {"time":"2026-09-30T03:06:56.998436154Z","level":"INFO","source":{"function":"github.com/TecharoHQ/anubis/lib.(*Server).issueChallenge","file":"github.com/TecharoHQ/anubis/lib/anubis.go","line":191},"msg":"new challenge issued","subsystem":"anubis","host":"127.0.0.1:18080","method":"GET","path":"/","user_agent":"Mozilla/5.0 Anubis4090LocalBenchmark/1.0","accept_language":"","priority":"","x-forwarded-for":"","x-real-ip":"192.168.160.1","challenge":"01a0f047-9066-763d-9e06-0d0f6988a63f","weight":0}
anubis-1   | {"time":"2026-09-30T03:07:01.829479767Z","level":"INFO","source":{"function":"github.com/TecharoHQ/anubis/lib.(*Server).issueChallenge","file":"github.com/TecharoHQ/anubis/lib/anubis.go","line":191},"msg":"new challenge issued","subsystem":"anubis","host":"127.0.0.1:18080","method":"GET","path":"/","user_agent":"Mozilla/5.0 Anubis4090LocalBenchmark/1.0","accept_language":"","priority":"","x-forwarded-for":"","x-real-ip":"192.168.160.1","challenge":"01a0f047-a345-76e9-b50c-0bdfd6df838e","weight":0}
anubis-1   | {"time":"2026-09-30T03:07:02.564495811Z","level":"INFO","source":{"function":"github.com/TecharoHQ/anubis/lib.(*Server).issueChallenge","file":"github.com/TecharoHQ/anubis/lib/anubis.go","line":191},"msg":"new challenge issued","subsystem":"anubis","host":"127.0.0.1:18080","method":"GET","path":"/","user_agent":"Mozilla/5.0 Anubis4090LocalBenchmark/1.0","accept_language":"","priority":"","x-forwarded-for":"","x-real-ip":"192.168.160.1","challenge":"01a0f047-a624-7719-9573-d502a89b598c","weight":0}
anubis-1   | {"time":"2026-09-30T03:07:03.091304604Z","level":"INFO","source":{"function":"github.com/TecharoHQ/anubis/lib.(*Server).issueChallenge","file":"github.com/TecharoHQ/anubis/lib/anubis.go","line":191},"msg":"new challenge issued","subsystem":"anubis","host":"127.0.0.1:18080","method":"GET","path":"/","user_agent":"Mozilla/5.0 Anubis4090LocalBenchmark/1.0","accept_language":"","priority":"","x-forwarded-for":"","x-real-ip":"192.168.160.1","challenge":"01a0f047-a833-7439-b35d-726691ccc275","weight":0}
anubis-1   | {"time":"2026-09-30T03:07:03.212924638Z","level":"INFO","source":{"function":"github.com/TecharoHQ/anubis/lib.(*Server).issueChallenge","file":"github.com/TecharoHQ/anubis/lib/anubis.go","line":191},"msg":"new challenge issued","subsystem":"anubis","host":"127.0.0.1:18080","method":"GET","path":"/","user_agent":"Mozilla/5.0 Anubis4090LocalBenchmark/1.0","accept_language":"","priority":"","x-forwarded-for":"","x-real-ip":"192.168.160.1","challenge":"01a0f047-a8ac-7ddd-adb3-777e2f8489ca","weight":0}
anubis-1   | {"time":"2026-09-30T03:07:05.231245372Z","level":"INFO","source":{"function":"github.com/TecharoHQ/anubis/lib.(*Server).issueChallenge","file":"github.com/TecharoHQ/anubis/lib/anubis.go","line":191},"msg":"new challenge issued","subsystem":"anubis","host":"127.0.0.1:18080","method":"GET","path":"/","user_agent":"Mozilla/5.0 Anubis4090LocalBenchmark/1.0","accept_language":"","priority":"","x-forwarded-for":"","x-real-ip":"192.168.160.1","challenge":"01a0f047-b08f-737b-acff-b16938f1bf14","weight":0}
anubis-1   | {"time":"2026-09-30T03:07:05.294104251Z","level":"INFO","source":{"function":"github.com/TecharoHQ/anubis/lib.(*Server).issueChallenge","file":"github.com/TecharoHQ/anubis/lib/anubis.go","line":191},"msg":"new challenge issued","subsystem":"anubis","host":"127.0.0.1:18080","method":"GET","path":"/","user_agent":"Mozilla/5.0 Anubis4090LocalBenchmark/1.0","accept_language":"","priority":"","x-forwarded-for":"","x-real-ip":"192.168.160.1","challenge":"01a0f047-b0ce-7162-9735-7d5459ca2203","weight":0}
anubis-1   | {"time":"2026-09-30T03:07:05.308719854Z","level":"INFO","source":{"function":"github.com/TecharoHQ/anubis/lib.(*Server).issueChallenge","file":"github.com/TecharoHQ/anubis/lib/anubis.go","line":191},"msg":"new challenge issued","subsystem":"anubis","host":"127.0.0.1:18080","method":"GET","path":"/","user_agent":"Mozilla/5.0 Anubis4090LocalBenchmark/1.0","accept_language":"","priority":"","x-forwarded-for":"","x-real-ip":"192.168.160.1","challenge":"01a0f047-b0dc-7a5a-a1f2-1832931c0498","weight":0}
anubis-1   | {"time":"2026-09-30T03:07:05.443358415Z","level":"INFO","source":{"function":"github.com/TecharoHQ/anubis/lib.(*Server).issueChallenge","file":"github.com/TecharoHQ/anubis/lib/anubis.go","line":191},"msg":"new challenge issued","subsystem":"anubis","host":"127.0.0.1:18080","method":"GET","path":"/","user_agent":"Mozilla/5.0 Anubis4090LocalBenchmark/1.0","accept_language":"","priority":"","x-forwarded-for":"","x-real-ip":"192.168.160.1","challenge":"01a0f047-b163-7548-9c61-e66913ef0997","weight":0}
anubis-1   | {"time":"2026-09-30T03:07:09.810447616Z","level":"INFO","source":{"function":"github.com/TecharoHQ/anubis/lib.(*Server).issueChallenge","file":"github.com/TecharoHQ/anubis/lib/anubis.go","line":191},"msg":"new challenge issued","subsystem":"anubis","host":"127.0.0.1:18080","method":"GET","path":"/","user_agent":"Mozilla/5.0 Anubis4090LocalBenchmark/1.0","accept_language":"","priority":"","x-forwarded-for":"","x-real-ip":"192.168.160.1","challenge":"01a0f047-c272-766d-be5d-74e336285793","weight":0}
anubis-1   | {"time":"2026-09-30T03:07:09.846270601Z","level":"INFO","source":{"function":"github.com/TecharoHQ/anubis/lib.(*Server).issueChallenge","file":"github.com/TecharoHQ/anubis/lib/anubis.go","line":191},"msg":"new challenge issued","subsystem":"anubis","host":"127.0.0.1:18080","method":"GET","path":"/","user_agent":"Mozilla/5.0 Anubis4090LocalBenchmark/1.0","accept_language":"","priority":"","x-forwarded-for":"","x-real-ip":"192.168.160.1","challenge":"01a0f047-c296-73ef-8187-a1d64dd6f6b4","weight":0}
anubis-1   | {"time":"2026-09-30T03:07:09.866273305Z","level":"INFO","source":{"function":"github.com/TecharoHQ/anubis/lib.(*Server).issueChallenge","file":"github.com/TecharoHQ/anubis/lib/anubis.go","line":191},"msg":"new challenge issued","subsystem":"anubis","host":"127.0.0.1:18080","method":"GET","path":"/","user_agent":"Mozilla/5.0 Anubis4090LocalBenchmark/1.0","accept_language":"","priority":"","x-forwarded-for":"","x-real-ip":"192.168.160.1","challenge":"01a0f047-c2aa-73fe-86f7-ad9eb33d05d1","weight":0}
anubis-1   | {"time":"2026-09-30T03:07:10.872615297Z","level":"INFO","source":{"function":"github.com/TecharoHQ/anubis/lib.(*Server).issueChallenge","file":"github.com/TecharoHQ/anubis/lib/anubis.go","line":191},"msg":"new challenge issued","subsystem":"anubis","host":"127.0.0.1:18080","method":"GET","path":"/","user_agent":"Mozilla/5.0 Anubis4090LocalBenchmark/1.0","accept_language":"","priority":"","x-forwarded-for":"","x-real-ip":"192.168.160.1","challenge":"01a0f047-c698-7925-ac10-856f8540009c","weight":0}
anubis-1   | {"time":"2026-09-30T03:07:15.19211332Z","level":"INFO","source":{"function":"github.com/TecharoHQ/anubis/lib.(*Server).issueChallenge","file":"github.com/TecharoHQ/anubis/lib/anubis.go","line":191},"msg":"new challenge issued","subsystem":"anubis","host":"127.0.0.1:18080","method":"GET","path":"/","user_agent":"Mozilla/5.0 Anubis4090LocalBenchmark/1.0","accept_language":"","priority":"","x-forwarded-for":"","x-real-ip":"192.168.160.1","challenge":"01a0f047-d778-7150-9f05-1746cee71109","weight":0}
anubis-1   | {"time":"2026-09-30T03:07:18.941999756Z","level":"INFO","source":{"function":"github.com/TecharoHQ/anubis/lib.(*Server).issueChallenge","file":"github.com/TecharoHQ/anubis/lib/anubis.go","line":191},"msg":"new challenge issued","subsystem":"anubis","host":"127.0.0.1:18080","method":"GET","path":"/","user_agent":"Mozilla/5.0 Anubis4090LocalBenchmark/1.0","accept_language":"","priority":"","x-forwarded-for":"","x-real-ip":"192.168.160.1","challenge":"01a0f047-e61d-7ed8-8c8c-5b27b62bd29f","weight":0}
anubis-1   | {"time":"2026-09-30T03:07:18.96846742Z","level":"INFO","source":{"function":"github.com/TecharoHQ/anubis/lib.(*Server).issueChallenge","file":"github.com/TecharoHQ/anubis/lib/anubis.go","line":191},"msg":"new challenge issued","subsystem":"anubis","host":"127.0.0.1:18080","method":"GET","path":"/","user_agent":"Mozilla/5.0 Anubis4090LocalBenchmark/1.0","accept_language":"","priority":"","x-forwarded-for":"","x-real-ip":"192.168.160.1","challenge":"01a0f047-e638-76e3-b50d-eadd3fe69b71","weight":0}
anubis-1   | {"time":"2026-09-30T03:07:19.847961987Z","level":"INFO","source":{"function":"github.com/TecharoHQ/anubis/lib.(*Server).issueChallenge","file":"github.com/TecharoHQ/anubis/lib/anubis.go","line":191},"msg":"new challenge issued","subsystem":"anubis","host":"127.0.0.1:18080","method":"GET","path":"/","user_agent":"Mozilla/5.0 Anubis4090LocalBenchmark/1.0","accept_language":"","priority":"","x-forwarded-for":"","x-real-ip":"192.168.160.1","challenge":"01a0f047-e9a7-7e71-bd76-8aa379d510ef","weight":0}
anubis-1   | {"time":"2026-09-30T03:07:23.843900845Z","level":"INFO","source":{"function":"github.com/TecharoHQ/anubis/lib.(*Server).issueChallenge","file":"github.com/TecharoHQ/anubis/lib/anubis.go","line":191},"msg":"new challenge issued","subsystem":"anubis","host":"127.0.0.1:18080","method":"GET","path":"/","user_agent":"Mozilla/5.0 Anubis4090LocalBenchmark/1.0","accept_language":"","priority":"","x-forwarded-for":"","x-real-ip":"192.168.160.1","challenge":"01a0f047-f943-7d62-929e-c734d8cd6388","weight":0}
anubis-1   | {"time":"2026-09-30T03:07:27.643111712Z","level":"INFO","source":{"function":"github.com/TecharoHQ/anubis/lib.(*Server).issueChallenge","file":"github.com/TecharoHQ/anubis/lib/anubis.go","line":191},"msg":"new challenge issued","subsystem":"anubis","host":"127.0.0.1:18080","method":"GET","path":"/","user_agent":"Mozilla/5.0 Anubis4090LocalBenchmark/1.0","accept_language":"","priority":"","x-forwarded-for":"","x-real-ip":"192.168.160.1","challenge":"01a0f048-081b-7147-97f0-e147a3386bce","weight":0}
anubis-1   | {"time":"2026-09-30T03:07:28.151526018Z","level":"INFO","source":{"function":"github.com/TecharoHQ/anubis/lib.(*Server).issueChallenge","file":"github.com/TecharoHQ/anubis/lib/anubis.go","line":191},"msg":"new challenge issued","subsystem":"anubis","host":"127.0.0.1:18080","method":"GET","path":"/","user_agent":"Mozilla/5.0 Anubis4090LocalBenchmark/1.0","accept_language":"","priority":"","x-forwarded-for":"","x-real-ip":"192.168.160.1","challenge":"01a0f048-0a17-77bb-886b-2ea1413d4bd3","weight":0}
anubis-1   | {"time":"2026-09-30T03:07:33.427228772Z","level":"INFO","source":{"function":"github.com/TecharoHQ/anubis/lib.(*Server).issueChallenge","file":"github.com/TecharoHQ/anubis/lib/anubis.go","line":191},"msg":"new challenge issued","subsystem":"anubis","host":"127.0.0.1:18080","method":"GET","path":"/","user_agent":"Mozilla/5.0 Anubis4090LocalBenchmark/1.0","accept_language":"","priority":"","x-forwarded-for":"","x-real-ip":"192.168.160.1","challenge":"01a0f048-1eb3-733f-ad90-68c38bc4000f","weight":0}
anubis-1   | {"time":"2026-09-30T03:07:34.339290836Z","level":"INFO","source":{"function":"github.com/TecharoHQ/anubis/lib.(*Server).issueChallenge","file":"github.com/TecharoHQ/anubis/lib/anubis.go","line":191},"msg":"new challenge issued","subsystem":"anubis","host":"127.0.0.1:18080","method":"GET","path":"/","user_agent":"Mozilla/5.0 Anubis4090LocalBenchmark/1.0","accept_language":"","priority":"","x-forwarded-for":"","x-real-ip":"192.168.160.1","challenge":"01a0f048-2243-73fd-8762-fcaaea25ade8","weight":0}
anubis-1   | {"time":"2026-09-30T03:07:34.466242727Z","level":"INFO","source":{"function":"github.com/TecharoHQ/anubis/lib.(*Server).issueChallenge","file":"github.com/TecharoHQ/anubis/lib/anubis.go","line":191},"msg":"new challenge issued","subsystem":"anubis","host":"127.0.0.1:18080","method":"GET","path":"/","user_agent":"Mozilla/5.0 Anubis4090LocalBenchmark/1.0","accept_language":"","priority":"","x-forwarded-for":"","x-real-ip":"192.168.160.1","challenge":"01a0f048-22c2-737a-b8ea-a45288626db6","weight":0}
anubis-1   | {"time":"2026-09-30T03:07:34.763848476Z","level":"INFO","source":{"function":"github.com/TecharoHQ/anubis/lib.(*Server).issueChallenge","file":"github.com/TecharoHQ/anubis/lib/anubis.go","line":191},"msg":"new challenge issued","subsystem":"anubis","host":"127.0.0.1:18080","method":"GET","path":"/","user_agent":"Mozilla/5.0 Anubis4090LocalBenchmark/1.0","accept_language":"","priority":"","x-forwarded-for":"","x-real-ip":"192.168.160.1","challenge":"01a0f048-23eb-7c90-b434-2609a5c000c9","weight":0}
anubis-1   | {"time":"2026-09-30T03:07:36.924100048Z","level":"INFO","source":{"function":"github.com/TecharoHQ/anubis/lib.(*Server).issueChallenge","file":"github.com/TecharoHQ/anubis/lib/anubis.go","line":191},"msg":"new challenge issued","subsystem":"anubis","host":"127.0.0.1:18080","method":"GET","path":"/","user_agent":"Mozilla/5.0 Anubis4090LocalBenchmark/1.0","accept_language":"","priority":"","x-forwarded-for":"","x-real-ip":"192.168.160.1","challenge":"01a0f048-2c5c-7148-8f0c-47415a4c8251","weight":0}
anubis-1   | {"time":"2026-09-30T03:07:37.390013308Z","level":"INFO","source":{"function":"github.com/TecharoHQ/anubis/lib.(*Server).issueChallenge","file":"github.com/TecharoHQ/anubis/lib/anubis.go","line":191},"msg":"new challenge issued","subsystem":"anubis","host":"127.0.0.1:18080","method":"GET","path":"/","user_agent":"Mozilla/5.0 Anubis4090LocalBenchmark/1.0","accept_language":"","priority":"","x-forwarded-for":"","x-real-ip":"192.168.160.1","challenge":"01a0f048-2e2d-7f12-babd-131b6a039696","weight":0}
anubis-1   | {"time":"2026-09-30T03:07:37.906833538Z","level":"INFO","source":{"function":"github.com/TecharoHQ/anubis/lib.(*Server).issueChallenge","file":"github.com/TecharoHQ/anubis/lib/anubis.go","line":191},"msg":"new challenge issued","subsystem":"anubis","host":"127.0.0.1:18080","method":"GET","path":"/","user_agent":"Mozilla/5.0 Anubis4090LocalBenchmark/1.0","accept_language":"","priority":"","x-forwarded-for":"","x-real-ip":"192.168.160.1","challenge":"01a0f048-3032-7c57-9033-aaa1d51b33be","weight":0}
anubis-1   | {"time":"2026-09-30T03:07:38.48109053Z","level":"INFO","source":{"function":"github.com/TecharoHQ/anubis/lib.(*Server).issueChallenge","file":"github.com/TecharoHQ/anubis/lib/anubis.go","line":191},"msg":"new challenge issued","subsystem":"anubis","host":"127.0.0.1:18080","method":"GET","path":"/","user_agent":"Mozilla/5.0 Anubis4090LocalBenchmark/1.0","accept_language":"","priority":"","x-forwarded-for":"","x-real-ip":"192.168.160.1","challenge":"01a0f048-3271-70f4-9086-3bb762ca5f8f","weight":0}
nginx-1    | 2026-09-30T03:07:42+00:00 GET /.within.website/x/cmd/anubis/api/pass-challenge 302 0.000 0.001
nginx-1    | 2026-09-30T03:07:42+00:00 GET / 200 0.000 0.000
nginx-1    | 2026-09-30T03:07:42+00:00 GET / 200 0.001 0.001
nginx-1    | 2026-09-30T03:07:44+00:00 GET /.within.website/x/cmd/anubis/api/pass-challenge 302 0.001 0.000
nginx-1    | 2026-09-30T03:07:44+00:00 GET / 200 0.001 0.001
nginx-1    | 2026-09-30T03:07:44+00:00 GET / 200 0.001 0.000
nginx-1    | 2026-09-30T03:07:45+00:00 GET /.within.website/x/cmd/anubis/api/pass-challenge 302 0.000 0.001
nginx-1    | 2026-09-30T03:07:45+00:00 GET / 200 0.001 0.000
nginx-1    | 2026-09-30T03:07:45+00:00 GET / 200 0.000 0.001
nginx-1    | 2026-09-30T03:07:45+00:00 GET /.within.website/x/cmd/anubis/api/pass-challenge 302 0.001 0.001
nginx-1    | 2026-09-30T03:07:45+00:00 GET / 200 0.000 0.000
nginx-1    | 2026-09-30T03:07:45+00:00 GET / 200 0.001 0.001
nginx-1    | 2026-09-30T03:07:48+00:00 GET /.within.website/x/cmd/anubis/api/pass-challenge 302 0.001 0.000
nginx-1    | 2026-09-30T03:07:48+00:00 GET / 200 0.001 0.000
nginx-1    | 2026-09-30T03:07:48+00:00 GET / 200 0.000 0.000
nginx-1    | 2026-09-30T03:07:48+00:00 GET /.within.website/x/cmd/anubis/api/pass-challenge 302 0.000 0.001
nginx-1    | 2026-09-30T03:07:48+00:00 GET / 200 0.001 0.000
nginx-1    | 2026-09-30T03:07:48+00:00 GET / 200 0.000 0.001
nginx-1    | 2026-09-30T03:07:49+00:00 GET /.within.website/x/cmd/anubis/api/pass-challenge 302 0.001 0.001
nginx-1    | 2026-09-30T03:07:49+00:00 GET / 200 0.000 0.001
nginx-1    | 2026-09-30T03:07:49+00:00 GET / 200 0.001 0.001
nginx-1    | 2026-09-30T03:07:49+00:00 GET /.within.website/x/cmd/anubis/api/pass-challenge 302 0.001 0.000
nginx-1    | 2026-09-30T03:07:49+00:00 GET / 200 0.001 0.001
nginx-1    | 2026-09-30T03:07:49+00:00 GET / 200 0.001 0.000
nginx-1    | 2026-09-30T03:07:52+00:00 GET /.within.website/x/cmd/anubis/api/pass-challenge 302 0.000 0.001
nginx-1    | 2026-09-30T03:07:52+00:00 GET / 200 0.001 0.000
nginx-1    | 2026-09-30T03:07:52+00:00 GET / 200 0.001 0.001
nginx-1    | 2026-09-30T03:07:54+00:00 GET /.within.website/x/cmd/anubis/api/pass-challenge 302 0.000 0.001
nginx-1    | 2026-09-30T03:07:54+00:00 GET / 200 0.000 0.000
nginx-1    | 2026-09-30T03:07:54+00:00 GET / 200 0.001 0.000
nginx-1    | 2026-09-30T03:07:57+00:00 GET /.within.website/x/cmd/anubis/api/pass-challenge 302 0.000 0.001
nginx-1    | 2026-09-30T03:07:57+00:00 GET / 200 0.001 0.000
nginx-1    | 2026-09-30T03:07:57+00:00 GET / 200 0.001 0.001
nginx-1    | 2026-09-30T03:07:58+00:00 GET /.within.website/x/cmd/anubis/api/pass-challenge 302 0.000 0.001
nginx-1    | 2026-09-30T03:07:58+00:00 GET / 200 0.000 0.000
nginx-1    | 2026-09-30T03:07:58+00:00 GET / 200 0.000 0.001
nginx-1    | 2026-09-30T03:07:58+00:00 GET /.within.website/x/cmd/anubis/api/pass-challenge 302 0.001 0.000
nginx-1    | 2026-09-30T03:07:58+00:00 GET / 200 0.001 0.001
nginx-1    | 2026-09-30T03:07:58+00:00 GET / 200 0.001 0.000
nginx-1    | 2026-09-30T03:07:58+00:00 GET /.within.website/x/cmd/anubis/api/pass-challenge 302 0.001 0.000
nginx-1    | 2026-09-30T03:07:58+00:00 GET / 200 0.000 0.001
nginx-1    | 2026-09-30T03:07:58+00:00 GET / 200 0.001 0.001
nginx-1    | 2026-09-30T03:07:59+00:00 GET /.within.website/x/cmd/anubis/api/pass-challenge 302 0.001 0.001
nginx-1    | 2026-09-30T03:07:59+00:00 GET / 200 0.000 0.001
nginx-1    | 2026-09-30T03:07:59+00:00 GET / 200 0.001 0.001
nginx-1    | 2026-09-30T03:08:00+00:00 GET /.within.website/x/cmd/anubis/api/pass-challenge 302 0.001 0.001
nginx-1    | 2026-09-30T03:08:00+00:00 GET / 200 0.001 0.001
nginx-1    | 2026-09-30T03:08:00+00:00 GET / 200 0.001 0.000
nginx-1    | 2026-09-30T03:08:02+00:00 GET /.within.website/x/cmd/anubis/api/pass-challenge 302 0.001 0.000
nginx-1    | 2026-09-30T03:08:02+00:00 GET / 200 0.000 0.001
nginx-1    | 2026-09-30T03:08:02+00:00 GET / 200 0.001 0.000
nginx-1    | 2026-09-30T03:08:02+00:00 GET /.within.website/x/cmd/anubis/api/pass-challenge 302 0.001 0.001
nginx-1    | 2026-09-30T03:08:02+00:00 GET / 200 0.000 0.000
nginx-1    | 2026-09-30T03:08:02+00:00 GET / 200 0.001 0.001
nginx-1    | 2026-09-30T03:08:06+00:00 GET /.within.website/x/cmd/anubis/api/pass-challenge 302 0.000 0.000
nginx-1    | 2026-09-30T03:08:06+00:00 GET / 200 0.000 0.001
nginx-1    | 2026-09-30T03:08:06+00:00 GET / 200 0.001 0.001
nginx-1    | 2026-09-30T03:08:06+00:00 GET /.within.website/x/cmd/anubis/api/pass-challenge 302 0.001 0.000
nginx-1    | 2026-09-30T03:08:06+00:00 GET / 200 0.001 0.001
nginx-1    | 2026-09-30T03:08:06+00:00 GET / 200 0.001 0.000
nginx-1    | 2026-09-30T03:08:09+00:00 GET /.within.website/x/cmd/anubis/api/pass-challenge 302 0.001 0.000
nginx-1    | 2026-09-30T03:08:09+00:00 GET / 200 0.001 0.001
nginx-1    | 2026-09-30T03:08:09+00:00 GET / 200 0.000 0.000
nginx-1    | 2026-09-30T03:08:11+00:00 GET /.within.website/x/cmd/anubis/api/pass-challenge 302 0.001 0.000
nginx-1    | 2026-09-30T03:08:11+00:00 GET / 200 0.001 0.000
nginx-1    | 2026-09-30T03:08:11+00:00 GET / 200 0.000 0.001
nginx-1    | 2026-09-30T03:08:12+00:00 GET /.within.website/x/cmd/anubis/api/pass-challenge 302 0.001 0.001
nginx-1    | 2026-09-30T03:08:12+00:00 GET / 200 0.000 0.000
nginx-1    | 2026-09-30T03:08:12+00:00 GET / 200 0.001 0.001
nginx-1    | 2026-09-30T03:08:14+00:00 GET /.within.website/x/cmd/anubis/api/pass-challenge 302 0.001 0.001
nginx-1    | 2026-09-30T03:08:14+00:00 GET / 200 0.001 0.001
nginx-1    | 2026-09-30T03:08:14+00:00 GET / 200 0.001 0.000
nginx-1    | 2026-09-30T03:08:15+00:00 GET /.within.website/x/cmd/anubis/api/pass-challenge 302 0.000 0.001
nginx-1    | 2026-09-30T03:08:15+00:00 GET / 200 0.001 0.000
nginx-1    | 2026-09-30T03:08:15+00:00 GET / 200 0.000 0.001
nginx-1    | 2026-09-30T03:08:15+00:00 GET /.within.website/x/cmd/anubis/api/pass-challenge 302 0.000 0.000
nginx-1    | 2026-09-30T03:08:15+00:00 GET / 200 0.001 0.000
nginx-1    | 2026-09-30T03:08:15+00:00 GET / 200 0.000 0.000
nginx-1    | 2026-09-30T03:08:17+00:00 GET /.within.website/x/cmd/anubis/api/pass-challenge 302 0.001 0.001
nginx-1    | 2026-09-30T03:08:17+00:00 GET / 200 0.000 0.001
nginx-1    | 2026-09-30T03:08:17+00:00 GET / 200 0.001 0.001
nginx-1    | 2026-09-30T03:08:18+00:00 GET /.within.website/x/cmd/anubis/api/pass-challenge 302 0.001 0.001
nginx-1    | 2026-09-30T03:08:18+00:00 GET / 200 0.001 0.001
nginx-1    | 2026-09-30T03:08:18+00:00 GET / 200 0.000 0.001
nginx-1    | 2026-09-30T03:08:23+00:00 GET /.within.website/x/cmd/anubis/api/pass-challenge 302 0.001 0.000
nginx-1    | 2026-09-30T03:08:23+00:00 GET / 200 0.001 0.001
nginx-1    | 2026-09-30T03:08:23+00:00 GET / 200 0.000 0.001
nginx-1    | 2026-09-30T03:08:26+00:00 GET /.within.website/x/cmd/anubis/api/pass-challenge 302 0.000 0.001
nginx-1    | 2026-09-30T03:08:26+00:00 GET / 200 0.001 0.000
nginx-1    | 2026-09-30T03:08:26+00:00 GET / 200 0.001 0.001
nginx-1    | 2026-09-30T03:08:28+00:00 GET /.within.website/x/cmd/anubis/api/pass-challenge 302 0.000 0.000
nginx-1    | 2026-09-30T03:08:28+00:00 GET / 200 0.001 0.000
nginx-1    | 2026-09-30T03:08:28+00:00 GET / 200 0.000 0.001
nginx-1    | 2026-09-30T03:08:31+00:00 GET /.within.website/x/cmd/anubis/api/pass-challenge 302 0.000 0.001
anubis-1   | {"time":"2026-09-30T03:07:39.084214934Z","level":"INFO","source":{"function":"github.com/TecharoHQ/anubis/lib.(*Server).issueChallenge","file":"github.com/TecharoHQ/anubis/lib/anubis.go","line":191},"msg":"new challenge issued","subsystem":"anubis","host":"127.0.0.1:18080","method":"GET","path":"/","user_agent":"Mozilla/5.0 Anubis4090LocalBenchmark/1.0","accept_language":"","priority":"","x-forwarded-for":"","x-real-ip":"192.168.160.1","challenge":"01a0f048-34cc-7309-9e4a-67f050526e5e","weight":0}
anubis-1   | {"time":"2026-09-30T03:07:39.437556803Z","level":"INFO","source":{"function":"github.com/TecharoHQ/anubis/lib.(*Server).issueChallenge","file":"github.com/TecharoHQ/anubis/lib/anubis.go","line":191},"msg":"new challenge issued","subsystem":"anubis","host":"127.0.0.1:18080","method":"GET","path":"/","user_agent":"Mozilla/5.0 Anubis4090LocalBenchmark/1.0","accept_language":"","priority":"","x-forwarded-for":"","x-real-ip":"192.168.160.1","challenge":"01a0f048-362d-781c-b3d7-3bc43ace6ccf","weight":0}
anubis-1   | {"time":"2026-09-30T03:07:39.879384213Z","level":"INFO","source":{"function":"github.com/TecharoHQ/anubis/lib.(*Server).issueChallenge","file":"github.com/TecharoHQ/anubis/lib/anubis.go","line":191},"msg":"new challenge issued","subsystem":"anubis","host":"127.0.0.1:18080","method":"GET","path":"/","user_agent":"Mozilla/5.0 Anubis4090LocalBenchmark/1.0","accept_language":"","priority":"","x-forwarded-for":"","x-real-ip":"192.168.160.1","challenge":"01a0f048-37e7-7514-a365-e9bb88691cb7","weight":0}
anubis-1   | {"time":"2026-09-30T03:07:41.36348355Z","level":"INFO","source":{"function":"github.com/TecharoHQ/anubis/lib.(*Server).issueChallenge","file":"github.com/TecharoHQ/anubis/lib/anubis.go","line":191},"msg":"new challenge issued","subsystem":"anubis","host":"127.0.0.1:18080","method":"GET","path":"/","user_agent":"Mozilla/5.0 Anubis4090LocalBenchmark/1.0","accept_language":"","priority":"","x-forwarded-for":"","x-real-ip":"192.168.160.1","challenge":"01a0f048-3db3-76e3-8654-806b04f1c29f","weight":0}
anubis-1   | {"time":"2026-09-30T03:07:41.920390832Z","level":"INFO","source":{"function":"github.com/TecharoHQ/anubis/lib.(*Server).issueChallenge","file":"github.com/TecharoHQ/anubis/lib/anubis.go","line":191},"msg":"new challenge issued","subsystem":"anubis","host":"127.0.0.1:18080","method":"GET","path":"/","user_agent":"Mozilla/5.0 Anubis4090LocalBenchmark/1.0","accept_language":"","priority":"","x-forwarded-for":"","x-real-ip":"192.168.160.1","challenge":"01a0f048-3fe0-75ae-b757-2c1905da6903","weight":0}
anubis-1   | {"time":"2026-09-30T03:07:42.807754483Z","level":"INFO","source":{"function":"github.com/TecharoHQ/anubis/lib.(*Server).issueChallenge","file":"github.com/TecharoHQ/anubis/lib/anubis.go","line":191},"msg":"new challenge issued","subsystem":"anubis","host":"127.0.0.1:18080","method":"GET","path":"/","user_agent":"Mozilla/5.0 Anubis4090LocalBenchmark/1.0","accept_language":"","priority":"","x-forwarded-for":"","x-real-ip":"192.168.160.1","challenge":"01a0f048-4357-7b4a-b63e-82ecca781cbd","weight":0}
anubis-1   | {"time":"2026-09-30T03:07:44.549984249Z","level":"INFO","source":{"function":"github.com/TecharoHQ/anubis/lib.(*Server).issueChallenge","file":"github.com/TecharoHQ/anubis/lib/anubis.go","line":191},"msg":"new challenge issued","subsystem":"anubis","host":"127.0.0.1:18080","method":"GET","path":"/","user_agent":"Mozilla/5.0 Anubis4090LocalBenchmark/1.0","accept_language":"","priority":"","x-forwarded-for":"","x-real-ip":"192.168.160.1","challenge":"01a0f048-4a25-7e9d-804b-9bb86aa9871c","weight":0}
anubis-1   | {"time":"2026-09-30T03:07:45.208457173Z","level":"INFO","source":{"function":"github.com/TecharoHQ/anubis/lib.(*Server).issueChallenge","file":"github.com/TecharoHQ/anubis/lib/anubis.go","line":191},"msg":"new challenge issued","subsystem":"anubis","host":"127.0.0.1:18080","method":"GET","path":"/","user_agent":"Mozilla/5.0 Anubis4090LocalBenchmark/1.0","accept_language":"","priority":"","x-forwarded-for":"","x-real-ip":"192.168.160.1","challenge":"01a0f048-4cb8-76ac-bb5e-d852047093a7","weight":0}
anubis-1   | {"time":"2026-09-30T03:07:45.342639124Z","level":"INFO","source":{"function":"github.com/TecharoHQ/anubis/lib.(*Server).issueChallenge","file":"github.com/TecharoHQ/anubis/lib/anubis.go","line":191},"msg":"new challenge issued","subsystem":"anubis","host":"127.0.0.1:18080","method":"GET","path":"/","user_agent":"Mozilla/5.0 Anubis4090LocalBenchmark/1.0","accept_language":"","priority":"","x-forwarded-for":"","x-real-ip":"192.168.160.1","challenge":"01a0f048-4d3e-795a-9cb9-d090ea2fcf5f","weight":0}
anubis-1   | {"time":"2026-09-30T03:07:48.186260529Z","level":"INFO","source":{"function":"github.com/TecharoHQ/anubis/lib.(*Server).issueChallenge","file":"github.com/TecharoHQ/anubis/lib/anubis.go","line":191},"msg":"new challenge issued","subsystem":"anubis","host":"127.0.0.1:18080","method":"GET","path":"/","user_agent":"Mozilla/5.0 Anubis4090LocalBenchmark/1.0","accept_language":"","priority":"","x-forwarded-for":"","x-real-ip":"192.168.160.1","challenge":"01a0f048-585a-73bd-8673-180cb301f39a","weight":0}
anubis-1   | {"time":"2026-09-30T03:07:48.322396729Z","level":"INFO","source":{"function":"github.com/TecharoHQ/anubis/lib.(*Server).issueChallenge","file":"github.com/TecharoHQ/anubis/lib/anubis.go","line":191},"msg":"new challenge issued","subsystem":"anubis","host":"127.0.0.1:18080","method":"GET","path":"/","user_agent":"Mozilla/5.0 Anubis4090LocalBenchmark/1.0","accept_language":"","priority":"","x-forwarded-for":"","x-real-ip":"192.168.160.1","challenge":"01a0f048-58e2-75a6-bd5e-96dd877a7fc2","weight":0}
anubis-1   | {"time":"2026-09-30T03:07:49.350936166Z","level":"INFO","source":{"function":"github.com/TecharoHQ/anubis/lib.(*Server).issueChallenge","file":"github.com/TecharoHQ/anubis/lib/anubis.go","line":191},"msg":"new challenge issued","subsystem":"anubis","host":"127.0.0.1:18080","method":"GET","path":"/","user_agent":"Mozilla/5.0 Anubis4090LocalBenchmark/1.0","accept_language":"","priority":"","x-forwarded-for":"","x-real-ip":"192.168.160.1","challenge":"01a0f048-5ce6-7dde-8410-9d22c17f5291","weight":0}
anubis-1   | {"time":"2026-09-30T03:07:49.990956915Z","level":"INFO","source":{"function":"github.com/TecharoHQ/anubis/lib.(*Server).issueChallenge","file":"github.com/TecharoHQ/anubis/lib/anubis.go","line":191},"msg":"new challenge issued","subsystem":"anubis","host":"127.0.0.1:18080","method":"GET","path":"/","user_agent":"Mozilla/5.0 Anubis4090LocalBenchmark/1.0","accept_language":"","priority":"","x-forwarded-for":"","x-real-ip":"192.168.160.1","challenge":"01a0f048-5f66-7e58-a79b-fcd208be11df","weight":0}
anubis-1   | {"time":"2026-09-30T03:07:52.455806028Z","level":"INFO","source":{"function":"github.com/TecharoHQ/anubis/lib.(*Server).issueChallenge","file":"github.com/TecharoHQ/anubis/lib/anubis.go","line":191},"msg":"new challenge issued","subsystem":"anubis","host":"127.0.0.1:18080","method":"GET","path":"/","user_agent":"Mozilla/5.0 Anubis4090LocalBenchmark/1.0","accept_language":"","priority":"","x-forwarded-for":"","x-real-ip":"192.168.160.1","challenge":"01a0f048-6907-7be3-b1c2-125fc4b9a2bb","weight":0}
anubis-1   | {"time":"2026-09-30T03:07:54.806942964Z","level":"INFO","source":{"function":"github.com/TecharoHQ/anubis/lib.(*Server).issueChallenge","file":"github.com/TecharoHQ/anubis/lib/anubis.go","line":191},"msg":"new challenge issued","subsystem":"anubis","host":"127.0.0.1:18080","method":"GET","path":"/","user_agent":"Mozilla/5.0 Anubis4090LocalBenchmark/1.0","accept_language":"","priority":"","x-forwarded-for":"","x-real-ip":"192.168.160.1","challenge":"01a0f048-7236-7e26-8e25-2edd620a25ae","weight":0}
anubis-1   | {"time":"2026-09-30T03:07:57.148462344Z","level":"INFO","source":{"function":"github.com/TecharoHQ/anubis/lib.(*Server).issueChallenge","file":"github.com/TecharoHQ/anubis/lib/anubis.go","line":191},"msg":"new challenge issued","subsystem":"anubis","host":"127.0.0.1:18080","method":"GET","path":"/","user_agent":"Mozilla/5.0 Anubis4090LocalBenchmark/1.0","accept_language":"","priority":"","x-forwarded-for":"","x-real-ip":"192.168.160.1","challenge":"01a0f048-7b5c-76ab-82df-e50ae7883605","weight":0}
anubis-1   | {"time":"2026-09-30T03:07:58.028391069Z","level":"INFO","source":{"function":"github.com/TecharoHQ/anubis/lib.(*Server).issueChallenge","file":"github.com/TecharoHQ/anubis/lib/anubis.go","line":191},"msg":"new challenge issued","subsystem":"anubis","host":"127.0.0.1:18080","method":"GET","path":"/","user_agent":"Mozilla/5.0 Anubis4090LocalBenchmark/1.0","accept_language":"","priority":"","x-forwarded-for":"","x-real-ip":"192.168.160.1","challenge":"01a0f048-7ecc-758e-9eb1-558d3d3702b9","weight":0}
anubis-1   | {"time":"2026-09-30T03:07:58.645002211Z","level":"INFO","source":{"function":"github.com/TecharoHQ/anubis/lib.(*Server).issueChallenge","file":"github.com/TecharoHQ/anubis/lib/anubis.go","line":191},"msg":"new challenge issued","subsystem":"anubis","host":"127.0.0.1:18080","method":"GET","path":"/","user_agent":"Mozilla/5.0 Anubis4090LocalBenchmark/1.0","accept_language":"","priority":"","x-forwarded-for":"","x-real-ip":"192.168.160.1","challenge":"01a0f048-8134-7ee4-bf3d-64027ed6240b","weight":0}
anubis-1   | {"time":"2026-09-30T03:07:58.884831057Z","level":"INFO","source":{"function":"github.com/TecharoHQ/anubis/lib.(*Server).issueChallenge","file":"github.com/TecharoHQ/anubis/lib/anubis.go","line":191},"msg":"new challenge issued","subsystem":"anubis","host":"127.0.0.1:18080","method":"GET","path":"/","user_agent":"Mozilla/5.0 Anubis4090LocalBenchmark/1.0","accept_language":"","priority":"","x-forwarded-for":"","x-real-ip":"192.168.160.1","challenge":"01a0f048-8224-7c60-8f8c-09fab11ad5ec","weight":0}
nginx-1    | 2026-09-30T03:08:31+00:00 GET / 200 0.000 0.001
anubis-1   | {"time":"2026-09-30T03:07:59.16178482Z","level":"INFO","source":{"function":"github.com/TecharoHQ/anubis/lib.(*Server).issueChallenge","file":"github.com/TecharoHQ/anubis/lib/anubis.go","line":191},"msg":"new challenge issued","subsystem":"anubis","host":"127.0.0.1:18080","method":"GET","path":"/","user_agent":"Mozilla/5.0 Anubis4090LocalBenchmark/1.0","accept_language":"","priority":"","x-forwarded-for":"","x-real-ip":"192.168.160.1","challenge":"01a0f048-8339-7b88-919f-cf6fb6503a1c","weight":0}
anubis-1   | {"time":"2026-09-30T03:08:00.621102357Z","level":"INFO","source":{"function":"github.com/TecharoHQ/anubis/lib.(*Server).issueChallenge","file":"github.com/TecharoHQ/anubis/lib/anubis.go","line":191},"msg":"new challenge issued","subsystem":"anubis","host":"127.0.0.1:18080","method":"GET","path":"/","user_agent":"Mozilla/5.0 Anubis4090LocalBenchmark/1.0","accept_language":"","priority":"","x-forwarded-for":"","x-real-ip":"192.168.160.1","challenge":"01a0f048-88ed-711a-8b2d-da52ba86a88d","weight":0}
anubis-1   | {"time":"2026-09-30T03:08:02.250011031Z","level":"INFO","source":{"function":"github.com/TecharoHQ/anubis/lib.(*Server).issueChallenge","file":"github.com/TecharoHQ/anubis/lib/anubis.go","line":191},"msg":"new challenge issued","subsystem":"anubis","host":"127.0.0.1:18080","method":"GET","path":"/","user_agent":"Mozilla/5.0 Anubis4090LocalBenchmark/1.0","accept_language":"","priority":"","x-forwarded-for":"","x-real-ip":"192.168.160.1","challenge":"01a0f048-8f49-7f04-a62c-16023eb559cc","weight":0}
anubis-1   | {"time":"2026-09-30T03:08:02.627662332Z","level":"INFO","source":{"function":"github.com/TecharoHQ/anubis/lib.(*Server).issueChallenge","file":"github.com/TecharoHQ/anubis/lib/anubis.go","line":191},"msg":"new challenge issued","subsystem":"anubis","host":"127.0.0.1:18080","method":"GET","path":"/","user_agent":"Mozilla/5.0 Anubis4090LocalBenchmark/1.0","accept_language":"","priority":"","x-forwarded-for":"","x-real-ip":"192.168.160.1","challenge":"01a0f048-90c3-79b2-860a-07c399742c6c","weight":0}
anubis-1   | {"time":"2026-09-30T03:08:06.005852357Z","level":"INFO","source":{"function":"github.com/TecharoHQ/anubis/lib.(*Server).issueChallenge","file":"github.com/TecharoHQ/anubis/lib/anubis.go","line":191},"msg":"new challenge issued","subsystem":"anubis","host":"127.0.0.1:18080","method":"GET","path":"/","user_agent":"Mozilla/5.0 Anubis4090LocalBenchmark/1.0","accept_language":"","priority":"","x-forwarded-for":"","x-real-ip":"192.168.160.1","challenge":"01a0f048-9df5-7c96-b49b-56aabab10796","weight":0}
anubis-1   | {"time":"2026-09-30T03:08:06.386983759Z","level":"INFO","source":{"function":"github.com/TecharoHQ/anubis/lib.(*Server).issueChallenge","file":"github.com/TecharoHQ/anubis/lib/anubis.go","line":191},"msg":"new challenge issued","subsystem":"anubis","host":"127.0.0.1:18080","method":"GET","path":"/","user_agent":"Mozilla/5.0 Anubis4090LocalBenchmark/1.0","accept_language":"","priority":"","x-forwarded-for":"","x-real-ip":"192.168.160.1","challenge":"01a0f048-9f72-7e8d-8e28-3c2bcb3bab00","weight":0}
anubis-1   | {"time":"2026-09-30T03:08:09.535389976Z","level":"INFO","source":{"function":"github.com/TecharoHQ/anubis/lib.(*Server).issueChallenge","file":"github.com/TecharoHQ/anubis/lib/anubis.go","line":191},"msg":"new challenge issued","subsystem":"anubis","host":"127.0.0.1:18080","method":"GET","path":"/","user_agent":"Mozilla/5.0 Anubis4090LocalBenchmark/1.0","accept_language":"","priority":"","x-forwarded-for":"","x-real-ip":"192.168.160.1","challenge":"01a0f048-abbf-75aa-a445-d1a6af5067b6","weight":0}
anubis-1   | {"time":"2026-09-30T03:08:11.912235637Z","level":"INFO","source":{"function":"github.com/TecharoHQ/anubis/lib.(*Server).issueChallenge","file":"github.com/TecharoHQ/anubis/lib/anubis.go","line":191},"msg":"new challenge issued","subsystem":"anubis","host":"127.0.0.1:18080","method":"GET","path":"/","user_agent":"Mozilla/5.0 Anubis4090LocalBenchmark/1.0","accept_language":"","priority":"","x-forwarded-for":"","x-real-ip":"192.168.160.1","challenge":"01a0f048-b508-7327-b1ed-f129e3a0cd18","weight":0}
anubis-1   | {"time":"2026-09-30T03:08:12.373663393Z","level":"INFO","source":{"function":"github.com/TecharoHQ/anubis/lib.(*Server).issueChallenge","file":"github.com/TecharoHQ/anubis/lib/anubis.go","line":191},"msg":"new challenge issued","subsystem":"anubis","host":"127.0.0.1:18080","method":"GET","path":"/","user_agent":"Mozilla/5.0 Anubis4090LocalBenchmark/1.0","accept_language":"","priority":"","x-forwarded-for":"","x-real-ip":"192.168.160.1","challenge":"01a0f048-b6d5-79b8-b9db-aef4940aeae3","weight":0}
anubis-1   | {"time":"2026-09-30T03:08:14.170997861Z","level":"INFO","source":{"function":"github.com/TecharoHQ/anubis/lib.(*Server).issueChallenge","file":"github.com/TecharoHQ/anubis/lib/anubis.go","line":191},"msg":"new challenge issued","subsystem":"anubis","host":"127.0.0.1:18080","method":"GET","path":"/","user_agent":"Mozilla/5.0 Anubis4090LocalBenchmark/1.0","accept_language":"","priority":"","x-forwarded-for":"","x-real-ip":"192.168.160.1","challenge":"01a0f048-bdda-7ec4-9395-a342e8f40474","weight":0}
anubis-1   | {"time":"2026-09-30T03:08:15.558367279Z","level":"INFO","source":{"function":"github.com/TecharoHQ/anubis/lib.(*Server).issueChallenge","file":"github.com/TecharoHQ/anubis/lib/anubis.go","line":191},"msg":"new challenge issued","subsystem":"anubis","host":"127.0.0.1:18080","method":"GET","path":"/","user_agent":"Mozilla/5.0 Anubis4090LocalBenchmark/1.0","accept_language":"","priority":"","x-forwarded-for":"","x-real-ip":"192.168.160.1","challenge":"01a0f048-c346-7530-b465-3cc241e942f1","weight":0}
anubis-1   | {"time":"2026-09-30T03:08:15.613263709Z","level":"INFO","source":{"function":"github.com/TecharoHQ/anubis/lib.(*Server).issueChallenge","file":"github.com/TecharoHQ/anubis/lib/anubis.go","line":191},"msg":"new challenge issued","subsystem":"anubis","host":"127.0.0.1:18080","method":"GET","path":"/","user_agent":"Mozilla/5.0 Anubis4090LocalBenchmark/1.0","accept_language":"","priority":"","x-forwarded-for":"","x-real-ip":"192.168.160.1","challenge":"01a0f048-c37d-73cd-987e-f247392848d1","weight":0}
nginx-1    | 2026-09-30T03:08:31+00:00 GET / 200 0.001 0.001
nginx-1    | 2026-09-30T03:08:33+00:00 GET /.within.website/x/cmd/anubis/api/pass-challenge 302 0.001 0.000
nginx-1    | 2026-09-30T03:08:33+00:00 GET / 200 0.000 0.001
nginx-1    | 2026-09-30T03:08:33+00:00 GET / 200 0.000 0.001
nginx-1    | 2026-09-30T03:08:36+00:00 GET /.within.website/x/cmd/anubis/api/pass-challenge 302 0.000 0.000
nginx-1    | 2026-09-30T03:08:36+00:00 GET / 200 0.001 0.001
nginx-1    | 2026-09-30T03:08:36+00:00 GET / 200 0.001 0.000
nginx-1    | 2026-09-30T03:08:38+00:00 GET /.within.website/x/cmd/anubis/api/pass-challenge 302 0.001 0.000
nginx-1    | 2026-09-30T03:08:38+00:00 GET / 200 0.000 0.001
nginx-1    | 2026-09-30T03:08:38+00:00 GET / 200 0.001 0.000
nginx-1    | 2026-09-30T03:08:40+00:00 GET /.within.website/x/cmd/anubis/api/pass-challenge 302 0.001 0.001
anubis-1   | {"time":"2026-09-30T03:08:17.665830159Z","level":"INFO","source":{"function":"github.com/TecharoHQ/anubis/lib.(*Server).issueChallenge","file":"github.com/TecharoHQ/anubis/lib/anubis.go","line":191},"msg":"new challenge issued","subsystem":"anubis","host":"127.0.0.1:18080","method":"GET","path":"/","user_agent":"Mozilla/5.0 Anubis4090LocalBenchmark/1.0","accept_language":"","priority":"","x-forwarded-for":"","x-real-ip":"192.168.160.1","challenge":"01a0f048-cb81-7c43-943a-ac502a3baf19","weight":0}
anubis-1   | {"time":"2026-09-30T03:08:18.885269657Z","level":"INFO","source":{"function":"github.com/TecharoHQ/anubis/lib.(*Server).issueChallenge","file":"github.com/TecharoHQ/anubis/lib/anubis.go","line":191},"msg":"new challenge issued","subsystem":"anubis","host":"127.0.0.1:18080","method":"GET","path":"/","user_agent":"Mozilla/5.0 Anubis4090LocalBenchmark/1.0","accept_language":"","priority":"","x-forwarded-for":"","x-real-ip":"192.168.160.1","challenge":"01a0f048-d045-73b7-8b21-9780b5a5fba4","weight":0}
anubis-1   | {"time":"2026-09-30T03:08:23.642248547Z","level":"INFO","source":{"function":"github.com/TecharoHQ/anubis/lib.(*Server).issueChallenge","file":"github.com/TecharoHQ/anubis/lib/anubis.go","line":191},"msg":"new challenge issued","subsystem":"anubis","host":"127.0.0.1:18080","method":"GET","path":"/","user_agent":"Mozilla/5.0 Anubis4090LocalBenchmark/1.0","accept_language":"","priority":"","x-forwarded-for":"","x-real-ip":"192.168.160.1","challenge":"01a0f048-e2da-7357-8533-7402b732b6f1","weight":0}
anubis-1   | {"time":"2026-09-30T03:08:26.685736351Z","level":"INFO","source":{"function":"github.com/TecharoHQ/anubis/lib.(*Server).issueChallenge","file":"github.com/TecharoHQ/anubis/lib/anubis.go","line":191},"msg":"new challenge issued","subsystem":"anubis","host":"127.0.0.1:18080","method":"GET","path":"/","user_agent":"Mozilla/5.0 Anubis4090LocalBenchmark/1.0","accept_language":"","priority":"","x-forwarded-for":"","x-real-ip":"192.168.160.1","challenge":"01a0f048-eebd-7a9b-b16b-0378138c5980","weight":0}
anubis-1   | {"time":"2026-09-30T03:08:28.603411875Z","level":"INFO","source":{"function":"github.com/TecharoHQ/anubis/lib.(*Server).issueChallenge","file":"github.com/TecharoHQ/anubis/lib/anubis.go","line":191},"msg":"new challenge issued","subsystem":"anubis","host":"127.0.0.1:18080","method":"GET","path":"/","user_agent":"Mozilla/5.0 Anubis4090LocalBenchmark/1.0","accept_language":"","priority":"","x-forwarded-for":"","x-real-ip":"192.168.160.1","challenge":"01a0f048-f63b-75e6-bbef-c90b440e2ccd","weight":0}
anubis-1   | {"time":"2026-09-30T03:08:31.925788334Z","level":"INFO","source":{"function":"github.com/TecharoHQ/anubis/lib.(*Server).issueChallenge","file":"github.com/TecharoHQ/anubis/lib/anubis.go","line":191},"msg":"new challenge issued","subsystem":"anubis","host":"127.0.0.1:18080","method":"GET","path":"/","user_agent":"Mozilla/5.0 Anubis4090LocalBenchmark/1.0","accept_language":"","priority":"","x-forwarded-for":"","x-real-ip":"192.168.160.1","challenge":"01a0f049-0335-7b90-a03c-87a5e90056d3","weight":0}
anubis-1   | {"time":"2026-09-30T03:08:33.095684508Z","level":"INFO","source":{"function":"github.com/TecharoHQ/anubis/lib.(*Server).issueChallenge","file":"github.com/TecharoHQ/anubis/lib/anubis.go","line":191},"msg":"new challenge issued","subsystem":"anubis","host":"127.0.0.1:18080","method":"GET","path":"/","user_agent":"Mozilla/5.0 Anubis4090LocalBenchmark/1.0","accept_language":"","priority":"","x-forwarded-for":"","x-real-ip":"192.168.160.1","challenge":"01a0f049-07c7-7a37-b99b-7256f9441890","weight":0}
anubis-1   | {"time":"2026-09-30T03:08:36.766882838Z","level":"INFO","source":{"function":"github.com/TecharoHQ/anubis/lib.(*Server).issueChallenge","file":"github.com/TecharoHQ/anubis/lib/anubis.go","line":191},"msg":"new challenge issued","subsystem":"anubis","host":"127.0.0.1:18080","method":"GET","path":"/","user_agent":"Mozilla/5.0 Anubis4090LocalBenchmark/1.0","accept_language":"","priority":"","x-forwarded-for":"","x-real-ip":"192.168.160.1","challenge":"01a0f049-161e-7d3f-8af6-b32552decdfb","weight":0}
anubis-1   | {"time":"2026-09-30T03:08:38.742978094Z","level":"INFO","source":{"function":"github.com/TecharoHQ/anubis/lib.(*Server).issueChallenge","file":"github.com/TecharoHQ/anubis/lib/anubis.go","line":191},"msg":"new challenge issued","subsystem":"anubis","host":"127.0.0.1:18080","method":"GET","path":"/","user_agent":"Mozilla/5.0 Anubis4090LocalBenchmark/1.0","accept_language":"","priority":"","x-forwarded-for":"","x-real-ip":"192.168.160.1","challenge":"01a0f049-1dd6-7eaf-ba23-3975d5db7a07","weight":0}
anubis-1   | {"time":"2026-09-30T03:08:40.492917984Z","level":"INFO","source":{"function":"github.com/TecharoHQ/anubis/lib.(*Server).issueChallenge","file":"github.com/TecharoHQ/anubis/lib/anubis.go","line":191},"msg":"new challenge issued","subsystem":"anubis","host":"127.0.0.1:18080","method":"GET","path":"/","user_agent":"Mozilla/5.0 Anubis4090LocalBenchmark/1.0","accept_language":"","priority":"","x-forwarded-for":"","x-real-ip":"192.168.160.1","challenge":"01a0f049-24ac-7d93-ad62-e6493fe9c327","weight":0}
anubis-1   | {"time":"2026-09-30T03:08:45.185220204Z","level":"INFO","source":{"function":"github.com/TecharoHQ/anubis/lib.(*Server).issueChallenge","file":"github.com/TecharoHQ/anubis/lib/anubis.go","line":191},"msg":"new challenge issued","subsystem":"anubis","host":"127.0.0.1:18080","method":"GET","path":"/","user_agent":"Mozilla/5.0 Anubis4090LocalBenchmark/1.0","accept_language":"","priority":"","x-forwarded-for":"","x-real-ip":"192.168.160.1","challenge":"01a0f049-3701-72ec-b8c8-54235e6daf0c","weight":0}
anubis-1   | {"time":"2026-09-30T03:08:48.233212707Z","level":"INFO","source":{"function":"github.com/TecharoHQ/anubis/lib.(*Server).issueChallenge","file":"github.com/TecharoHQ/anubis/lib/anubis.go","line":191},"msg":"new challenge issued","subsystem":"anubis","host":"127.0.0.1:18080","method":"GET","path":"/","user_agent":"Mozilla/5.0 Anubis4090LocalBenchmark/1.0","accept_language":"","priority":"","x-forwarded-for":"","x-real-ip":"192.168.160.1","challenge":"01a0f049-42e9-72c2-9f18-6039190cee97","weight":0}
anubis-1   | {"time":"2026-09-30T03:08:48.266575461Z","level":"INFO","source":{"function":"github.com/TecharoHQ/anubis/lib.(*Server).issueChallenge","file":"github.com/TecharoHQ/anubis/lib/anubis.go","line":191},"msg":"new challenge issued","subsystem":"anubis","host":"127.0.0.1:18080","method":"GET","path":"/","user_agent":"Mozilla/5.0 Anubis4090LocalBenchmark/1.0","accept_language":"","priority":"","x-forwarded-for":"","x-real-ip":"192.168.160.1","challenge":"01a0f049-430a-7850-a626-68d054ea7847","weight":0}
anubis-1   | {"time":"2026-09-30T03:08:49.459033618Z","level":"INFO","source":{"function":"github.com/TecharoHQ/anubis/lib.(*Server).issueChallenge","file":"github.com/TecharoHQ/anubis/lib/anubis.go","line":191},"msg":"new challenge issued","subsystem":"anubis","host":"127.0.0.1:18080","method":"GET","path":"/","user_agent":"Mozilla/5.0 Anubis4090LocalBenchmark/1.0","accept_language":"","priority":"","x-forwarded-for":"","x-real-ip":"192.168.160.1","challenge":"01a0f049-47b3-7042-9fc2-9c1990474ef3","weight":0}
anubis-1   | {"time":"2026-09-30T03:08:49.986827575Z","level":"INFO","source":{"function":"github.com/TecharoHQ/anubis/lib.(*Server).issueChallenge","file":"github.com/TecharoHQ/anubis/lib/anubis.go","line":191},"msg":"new challenge issued","subsystem":"anubis","host":"127.0.0.1:18080","method":"GET","path":"/","user_agent":"Mozilla/5.0 Anubis4090LocalBenchmark/1.0","accept_language":"","priority":"","x-forwarded-for":"","x-real-ip":"192.168.160.1","challenge":"01a0f049-49c2-7c35-99ca-168c71a4c64c","weight":0}
anubis-1   | {"time":"2026-09-30T03:08:52.855808367Z","level":"INFO","source":{"function":"github.com/TecharoHQ/anubis/lib.(*Server).issueChallenge","file":"github.com/TecharoHQ/anubis/lib/anubis.go","line":191},"msg":"new challenge issued","subsystem":"anubis","host":"127.0.0.1:18080","method":"GET","path":"/","user_agent":"Mozilla/5.0 Anubis4090LocalBenchmark/1.0","accept_language":"","priority":"","x-forwarded-for":"","x-real-ip":"192.168.160.1","challenge":"01a0f049-54f7-7c16-9e42-71b3f818a6af","weight":0}
anubis-1   | {"time":"2026-09-30T03:08:54.333730466Z","level":"INFO","source":{"function":"github.com/TecharoHQ/anubis/lib.(*Server).issueChallenge","file":"github.com/TecharoHQ/anubis/lib/anubis.go","line":191},"msg":"new challenge issued","subsystem":"anubis","host":"127.0.0.1:18080","method":"GET","path":"/","user_agent":"Mozilla/5.0 Anubis4090LocalBenchmark/1.0","accept_language":"","priority":"","x-forwarded-for":"","x-real-ip":"192.168.160.1","challenge":"01a0f049-5abd-7a88-a15b-e1ae0b3db1cc","weight":0}
anubis-1   | {"time":"2026-09-30T03:09:01.67888721Z","level":"INFO","source":{"function":"github.com/TecharoHQ/anubis/lib.(*Server).issueChallenge","file":"github.com/TecharoHQ/anubis/lib/anubis.go","line":191},"msg":"new challenge issued","subsystem":"anubis","host":"127.0.0.1:18080","method":"GET","path":"/","user_agent":"Mozilla/5.0 Anubis4090LocalBenchmark/1.0","accept_language":"","priority":"","x-forwarded-for":"","x-real-ip":"192.168.160.1","challenge":"01a0f049-776e-7d1b-8721-7ac21666d31b","weight":0}
anubis-1   | {"time":"2026-09-30T03:09:03.968113672Z","level":"INFO","source":{"function":"github.com/TecharoHQ/anubis/lib.(*Server).issueChallenge","file":"github.com/TecharoHQ/anubis/lib/anubis.go","line":191},"msg":"new challenge issued","subsystem":"anubis","host":"127.0.0.1:18080","method":"GET","path":"/","user_agent":"Mozilla/5.0 Anubis4090LocalBenchmark/1.0","accept_language":"","priority":"","x-forwarded-for":"","x-real-ip":"192.168.160.1","challenge":"01a0f049-8060-717a-9b8a-5f3029a6a418","weight":0}
anubis-1   | {"time":"2026-09-30T03:09:04.711237598Z","level":"INFO","source":{"function":"github.com/TecharoHQ/anubis/lib.(*Server).issueChallenge","file":"github.com/TecharoHQ/anubis/lib/anubis.go","line":191},"msg":"new challenge issued","subsystem":"anubis","host":"127.0.0.1:18080","method":"GET","path":"/","user_agent":"Mozilla/5.0 Anubis4090LocalBenchmark/1.0","accept_language":"","priority":"","x-forwarded-for":"","x-real-ip":"192.168.160.1","challenge":"01a0f049-8347-735c-9062-70af9b45e7b9","weight":0}
anubis-1   | {"time":"2026-09-30T03:09:10.15310035Z","level":"INFO","source":{"function":"github.com/TecharoHQ/anubis/lib.(*Server).issueChallenge","file":"github.com/TecharoHQ/anubis/lib/anubis.go","line":191},"msg":"new challenge issued","subsystem":"anubis","host":"127.0.0.1:18080","method":"GET","path":"/","user_agent":"Mozilla/5.0 Anubis4090LocalBenchmark/1.0","accept_language":"","priority":"","x-forwarded-for":"","x-real-ip":"192.168.160.1","challenge":"01a0f049-9889-7112-90ac-c5db3db35b09","weight":0}
anubis-1   | {"time":"2026-09-30T03:09:11.902953637Z","level":"INFO","source":{"function":"github.com/TecharoHQ/anubis/lib.(*Server).issueChallenge","file":"github.com/TecharoHQ/anubis/lib/anubis.go","line":191},"msg":"new challenge issued","subsystem":"anubis","host":"127.0.0.1:18080","method":"GET","path":"/","user_agent":"Mozilla/5.0 Anubis4090LocalBenchmark/1.0","accept_language":"","priority":"","x-forwarded-for":"","x-real-ip":"192.168.160.1","challenge":"01a0f049-9f5e-7e1f-9acb-7802c8b0f84e","weight":0}
nginx-1    | 2026-09-30T03:08:40+00:00 GET / 200 0.000 0.001
nginx-1    | 2026-09-30T03:08:40+00:00 GET / 200 0.001 0.000
nginx-1    | 2026-09-30T03:08:45+00:00 GET /.within.website/x/cmd/anubis/api/pass-challenge 302 0.001 0.000
nginx-1    | 2026-09-30T03:08:45+00:00 GET / 200 0.001 0.000
nginx-1    | 2026-09-30T03:08:45+00:00 GET / 200 0.000 0.001
nginx-1    | 2026-09-30T03:08:48+00:00 GET /.within.website/x/cmd/anubis/api/pass-challenge 302 0.001 0.000
nginx-1    | 2026-09-30T03:08:48+00:00 GET / 200 0.000 0.001
nginx-1    | 2026-09-30T03:08:48+00:00 GET / 200 0.000 0.001
nginx-1    | 2026-09-30T03:08:48+00:00 GET /.within.website/x/cmd/anubis/api/pass-challenge 302 0.001 0.001
nginx-1    | 2026-09-30T03:08:48+00:00 GET / 200 0.000 0.000
nginx-1    | 2026-09-30T03:08:48+00:00 GET / 200 0.001 0.001
nginx-1    | 2026-09-30T03:08:49+00:00 GET /.within.website/x/cmd/anubis/api/pass-challenge 302 0.001 0.001
nginx-1    | 2026-09-30T03:08:49+00:00 GET / 200 0.001 0.001
nginx-1    | 2026-09-30T03:08:49+00:00 GET / 200 0.001 0.000
nginx-1    | 2026-09-30T03:08:49+00:00 GET /.within.website/x/cmd/anubis/api/pass-challenge 302 0.001 0.001
nginx-1    | 2026-09-30T03:08:49+00:00 GET / 200 0.000 0.001
nginx-1    | 2026-09-30T03:08:49+00:00 GET / 200 0.001 0.001
nginx-1    | 2026-09-30T03:08:52+00:00 GET /.within.website/x/cmd/anubis/api/pass-challenge 302 0.000 0.001
nginx-1    | 2026-09-30T03:08:52+00:00 GET / 200 0.001 0.000
nginx-1    | 2026-09-30T03:08:52+00:00 GET / 200 0.001 0.001
nginx-1    | 2026-09-30T03:08:54+00:00 GET /.within.website/x/cmd/anubis/api/pass-challenge 302 0.001 0.001
nginx-1    | 2026-09-30T03:08:54+00:00 GET / 200 0.000 0.001
nginx-1    | 2026-09-30T03:08:54+00:00 GET / 200 0.001 0.001
nginx-1    | 2026-09-30T03:09:01+00:00 GET /.within.website/x/cmd/anubis/api/pass-challenge 302 0.001 0.001
nginx-1    | 2026-09-30T03:09:01+00:00 GET / 200 0.000 0.001
nginx-1    | 2026-09-30T03:09:01+00:00 GET / 200 0.001 0.000
nginx-1    | 2026-09-30T03:09:03+00:00 GET /.within.website/x/cmd/anubis/api/pass-challenge 302 0.001 0.000
nginx-1    | 2026-09-30T03:09:03+00:00 GET / 200 0.001 0.001
nginx-1    | 2026-09-30T03:09:03+00:00 GET / 200 0.001 0.000
nginx-1    | 2026-09-30T03:09:04+00:00 GET /.within.website/x/cmd/anubis/api/pass-challenge 302 0.001 0.000
nginx-1    | 2026-09-30T03:09:04+00:00 GET / 200 0.001 0.000
nginx-1    | 2026-09-30T03:09:04+00:00 GET / 200 0.000 0.000
nginx-1    | 2026-09-30T03:09:10+00:00 GET /.within.website/x/cmd/anubis/api/pass-challenge 302 0.000 0.001
nginx-1    | 2026-09-30T03:09:10+00:00 GET / 200 0.000 0.001
nginx-1    | 2026-09-30T03:09:10+00:00 GET / 200 0.001 0.000
nginx-1    | 2026-09-30T03:09:11+00:00 GET /.within.website/x/cmd/anubis/api/pass-challenge 302 0.000 0.001
nginx-1    | 2026-09-30T03:09:11+00:00 GET / 200 0.000 0.001
nginx-1    | 2026-09-30T03:09:11+00:00 GET / 200 0.001 0.000
