client,status,solve_ms,total_ms,error
3,accepted,16.500,36.015,
31,accepted,144.509,163.025,
10,accepted,165.466,184.524,
25,accepted,244.167,263.182,
4,accepted,556.692,576.207,
28,accepted,715.656,732.670,
16,accepted,795.503,815.216,
20,accepted,815.699,831.715,
16,accepted,893.024,898.525,
19,accepted,1716.225,1733.240,
7,accepted,1900.980,1916.996,
5,accepted,2047.042,2063.038,
11,accepted,2130.685,2149.699,
20,accepted,1469.381,1474.882,
16,accepted,640.092,645.591,
22,accepted,2470.139,2488.157,
12,accepted,3103.353,3122.869,
20,accepted,842.774,847.772,
11,accepted,1016.669,1021.170,
21,accepted,3293.611,3312.626,
19,accepted,1764.193,1769.196,
14,accepted,3666.383,3686.399,
11,accepted,641.213,646.713,
5,accepted,1763.524,1768.543,
23,accepted,3984.143,4000.158,
26,accepted,4043.659,4060.173,
16,accepted,1770.951,1776.451,
15,accepted,4205.951,4224.467,
25,accepted,4036.832,4042.331,
25,accepted,120.375,126.374,
23,accepted,538.098,544.097,
25,accepted,127.272,132.773,
11,accepted,787.577,793.079,
17,accepted,4704.308,4722.324,
23,accepted,446.444,452.444,
26,accepted,1092.340,1097.815,
25,accepted,682.922,688.922,
22,accepted,2813.427,2818.522,
12,accepted,2177.712,2183.309,
19,accepted,1835.557,1841.054,
14,accepted,1816.579,1821.580,
0,accepted,5699.201,5717.717,
11,accepted,1422.626,1428.127,
3,accepted,6078.719,6084.547,
29,accepted,6181.642,6197.156,
13,accepted,6645.648,6665.663,
24,accepted,6879.852,6895.367,
21,accepted,3683.474,3688.870,
21,accepted,387.420,392.425,
25,accepted,2354.213,2360.218,
21,accepted,434.511,440.286,
6,accepted,7920.790,7937.804,
11,accepted,1999.646,2005.163,
4,accepted,7501.342,7506.845,
21,accepted,267.903,273.400,
11,accepted,81.112,86.624,
17,accepted,3410.780,3415.820,
10,accepted,8043.652,8049.149,
5,accepted,4697.020,4702.021,
21,accepted,462.098,467.104,
5,accepted,276.969,282.468,
11,accepted,687.061,691.582,
22,accepted,3594.788,3600.287,
25,accepted,1344.705,1350.205,
21,accepted,527.262,532.760,
0,accepted,3607.850,3613.350,
26,accepted,4222.992,4229.141,
20,accepted,6309.889,6314.886,
6,accepted,1635.678,1641.176,
25,accepted,782.949,787.950,
5,accepted,955.145,960.648,
3,accepted,3674.158,3679.156,
13,accepted,3701.147,3707.147,
13,accepted,537.291,542.289,
2,accepted,10985.966,11003.981,
28,accepted,10303.678,10309.176,
29,accepted,5226.809,5232.312,
13,accepted,737.977,743.477,
14,accepted,6203.106,6208.106,
1,accepted,11762.172,11779.209,
18,accepted,12004.683,12023.199,
16,accepted,8000.931,8006.432,
28,accepted,1170.165,1174.666,
31,accepted,12319.040,12324.060,
17,accepted,4515.164,4521.162,
6,accepted,3122.828,3127.650,
16,accepted,645.131,650.632,
19,accepted,7488.100,7492.102,
24,accepted,5957.223,5962.222,
16,accepted,118.248,123.748,
12,accepted,7741.002,7779.816,
10,accepted,5053.640,5058.641,
19,accepted,461.224,466.223,
29,accepted,1890.348,1895.848,
30,accepted,13724.243,13741.257,
30,accepted,42.000,47.501,
18,accepted,1966.127,1971.631,
16,accepted,1392.911,1398.410,
17,accepted,1793.982,1799.483,
17,accepted,55.977,60.976,
2,accepted,3578.481,3583.939,
31,accepted,2249.992,2256.014,
21,accepted,5640.633,5645.144,
7,accepted,13188.456,13193.956,
1,accepted,3494.001,3499.002,
25,accepted,5648.213,5653.237,
18,accepted,1447.407,1452.401,
31,accepted,744.334,748.833,
23,accepted,10657.204,10662.702,
9,accepted,15850.733,15867.748,
12,accepted,2856.920,2861.418,
0,accepted,6703.406,6708.905,
2,accepted,1449.050,1453.051,
22,accepted,7500.127,7506.130,
27,accepted,16785.146,16805.162,
25,accepted,1410.501,1416.001,
2,accepted,929.784,935.287,
11,accepted,8232.195,8237.695,
15,accepted,12863.887,12869.387,
22,accepted,780.093,785.130,
22,accepted,3.001,8.000,
1,accepted,1930.014,1935.016,
10,accepted,4004.650,4009.650,
16,accepted,3020.853,3025.352,
2,accepted,418.780,423.279,
19,accepted,4150.738,4156.238,
8,accepted,17656.719,17672.734,
12,accepted,1763.833,1769.333,
19,accepted,353.893,359.316,
22,accepted,624.223,629.224,
21,accepted,3101.402,3106.409,
9,accepted,2059.166,2064.666,
14,accepted,6348.622,6354.620,
2,accepted,814.786,820.285,
16,accepted,993.432,997.933,
21,accepted,510.587,515.588,
26,accepted,9012.407,9017.907,
18,accepted,2984.353,2989.435,
5,accepted,8755.635,8761.510,
0,accepted,2753.556,2758.557,
3,accepted,9088.822,9093.322,
19,accepted,1179.074,1185.153,
23,accepted,3500.636,3506.137,
26,accepted,889.078,895.079,
22,accepted,1527.099,1532.600,
6,accepted,6670.768,6676.950,
13,accepted,7854.918,7860.418,
17,accepted,5368.833,5374.831,
19,accepted,931.177,937.186,
14,accepted,1975.712,1980.212,
26,accepted,747.302,751.801,
24,accepted,7453.828,7459.329,
9,accepted,2388.506,2393.004,
25,accepted,3641.896,3647.399,
14,accepted,504.204,508.704,
21,accepted,2265.887,2270.386,
20,accepted,11484.963,11490.462,
22,accepted,1679.843,1685.343,
21,accepted,466.156,471.701,
0,accepted,2474.638,2480.139,
20,accepted,326.451,331.450,
10,accepted,3999.214,4004.722,
23,accepted,2233.352,2238.352,
28,accepted,9362.765,9368.765,
9,accepted,1461.959,1467.960,
16,accepted,3530.333,3536.153,
6,accepted,2598.529,2604.029,
30,accepted,8324.546,8330.045,
24,accepted,1919.799,1925.297,
23,accepted,847.828,852.829,
7,accepted,7167.346,7172.345,
9,accepted,651.778,657.376,
11,accepted,5429.717,5434.716,
2,accepted,4310.303,4315.803,
14,accepted,2147.152,2152.650,
4,accepted,14633.721,14638.223,
24,accepted,478.557,483.558,
31,accepted,7372.499,7378.499,
15,accepted,5815.087,5820.085,
7,accepted,755.341,760.840,
8,accepted,5487.411,5493.911,
1,accepted,6063.378,6068.878,
6,accepted,1372.913,1378.325,
22,accepted,2489.039,2494.535,
1,accepted,455.572,461.067,
22,accepted,390.526,396.026,
7,accepted,1010.130,1016.629,
17,accepted,4203.671,4208.550,
24,accepted,1412.495,1417.997,
31,accepted,1829.368,1834.902,
9,accepted,2277.113,2282.642,
6,accepted,1480.991,1486.490,
28,accepted,3583.296,3588.796,
31,accepted,511.044,516.044,
12,accepted,7549.996,7554.998,
29,accepted,12055.679,12061.180,
7,accepted,1610.243,1615.745,
7,accepted,15.501,20.999,
1,accepted,2061.933,2067.433,
28,accepted,706.956,711.957,
31,accepted,688.304,693.847,
9,accepted,1292.469,1297.471,
21,accepted,4960.555,4966.061,
13,accepted,6935.509,6941.508,
20,accepted,5686.476,5691.975,
11,accepted,4534.978,4539.975,
6,accepted,2189.139,2193.640,
4,accepted,4509.725,4515.227,
12,accepted,1997.290,2002.791,
8,accepted,4310.978,4316.479,
11,accepted,557.045,562.545,
10,accepted,6363.011,6368.021,
26,accepted,7658.127,7699.156,
10,accepted,136.040,140.946,
14,accepted,5130.068,5135.568,
29,accepted,2481.345,2486.843,
3,accepted,9200.223,9205.724,
9,accepted,2099.398,2104.399,
16,accepted,6576.159,6582.159,
21,accepted,2424.854,2429.856,
10,accepted,1320.839,1326.338,
24,accepted,5172.612,5177.612,
30,accepted,7232.119,7236.623,
17,accepted,5325.186,5330.809,
7,accepted,3848.193,3854.196,
8,accepted,2534.499,2539.498,
28,accepted,4182.385,4188.400,
15,accepted,7205.836,7211.335,
29,accepted,2821.781,2827.781,
25,accepted,10374.996,10380.497,
11,accepted,3420.026,3425.026,
0,accepted,9868.551,9875.056,
21,accepted,2685.803,2690.302,
5,accepted,12845.540,12850.541,
15,accepted,1411.691,1416.693,
30,accepted,2369.745,2376.270,
25,accepted,1029.487,1034.986,
9,accepted,4026.357,4032.356,
0,accepted,1098.416,1103.414,
10,accepted,3132.803,3138.311,
18,accepted,14077.747,14083.757,
10,accepted,391.789,397.289,
28,accepted,2861.175,2867.174,
28,accepted,221.209,227.215,
15,accepted,1695.167,1700.669,
9,accepted,1274.601,1280.101,
10,accepted,1140.068,1145.409,
4,accepted,6594.000,6598.500,
21,accepted,2759.756,2764.756,
9,accepted,922.523,928.020,
22,accepted,10447.791,10453.795,
31,accepted,8544.206,8548.859,
2,accepted,11950.955,11955.454,
18,accepted,1982.657,1988.155,
17,accepted,5308.492,5313.577,
13,accepted,8491.180,8496.713,
1,accepted,9149.116,9153.620,
21,accepted,1150.342,1156.346,
28,accepted,1957.200,1962.199,
15,accepted,1988.742,1993.242,
17,accepted,610.969,616.468,
3,accepted,7280.268,7285.274,
25,accepted,3531.516,3536.517,
3,accepted,182.514,187.679,
4,accepted,1750.715,1755.715,
25,accepted,347.791,354.290,
23,accepted,13984.736,13990.736,
0,accepted,4282.439,4286.938,
18,accepted,2163.340,2168.340,
2,accepted,2483.675,2489.203,
26,accepted,9372.482,9378.480,
14,accepted,9445.970,9451.470,
13,accepted,2372.608,2377.608,
2,accepted,659.148,665.187,
21,accepted,2702.002,2708.002,
22,accepted,3843.184,3848.855,
1,accepted,3354.451,3359.451,
17,accepted,3042.753,3048.754,
13,accepted,1170.988,1176.488,
22,accepted,562.445,568.583,
16,accepted,10847.506,10852.507,
1,accepted,1054.444,1059.944,
17,accepted,1057.772,1063.271,
30,accepted,7767.329,7771.830,
1,accepted,127.908,132.908,
20,accepted,12756.373,12762.877,
16,accepted,498.948,504.448,
7,accepted,10288.204,10293.702,
5,accepted,8633.808,8639.320,
31,accepted,6022.052,6027.580,
14,accepted,3217.290,3222.792,
7,accepted,853.280,859.782,
19,accepted,20927.515,20932.514,
10,accepted,7141.441,7146.942,
15,accepted,5864.691,5870.954,
5,accepted,1105.543,1110.543,
9,accepted,6774.888,6780.390,
27,accepted,24461.337,24466.838,
4,accepted,5983.123,5989.124,
11,accepted,10573.234,10578.117,
2,accepted,3982.375,3987.383,
18,accepted,4962.932,4968.434,
0,accepted,5161.872,5167.373,
17,accepted,2390.332,2394.832,
16,accepted,2059.301,2064.300,
22,accepted,3304.136,3310.139,
1,accepted,2790.653,2796.153,
10,accepted,1359.760,1364.759,
14,accepted,2069.361,2074.362,
24,accepted,13363.004,13368.506,
2,accepted,1130.929,1135.930,
0,accepted,1178.820,1183.821,
11,accepted,1381.456,1386.544,
11,accepted,10.999,16.499,
15,accepted,1944.446,1949.946,
28,accepted,7971.163,7976.754,
24,accepted,626.373,632.373,
3,accepted,7934.757,7940.760,
5,accepted,2583.657,2589.157,
8,accepted,13736.695,13741.691,
10,accepted,1652.514,1658.013,
7,accepted,3296.044,3300.542,
13,accepted,5615.095,5620.095,
16,accepted,2253.051,2257.051,
8,accepted,733.677,739.185,
7,accepted,995.902,1001.402,
1,accepted,2727.432,2731.955,
18,accepted,4017.655,4022.661,
13,accepted,1739.819,1745.320,
21,accepted,8201.309,8206.310,
30,accepted,6586.355,6591.855,
30,accepted,312.536,318.040,
30,accepted,454.735,460.236,
9,accepted,5748.623,5753.122,
18,accepted,1729.767,1735.266,
16,accepted,3361.387,3366.385,
4,accepted,6051.136,6056.142,
29,accepted,16973.992,16979.491,
25,accepted,12114.404,12119.905,
22,accepted,6090.408,6095.908,
31,accepted,7734.571,7739.571,
22,accepted,31.152,36.155,
1,accepted,3263.757,3269.255,
14,accepted,6016.407,6022.407,
8,accepted,4240.903,4246.137,
23,accepted,12566.847,12572.346,
5,accepted,5110.580,5115.579,
26,accepted,11739.828,11745.329,
2,accepted,6238.148,6243.647,
11,accepted,6028.155,6033.155,
17,accepted,7559.656,7565.153,
11,accepted,475.683,480.683,
19,accepted,8783.992,8789.492,
12,accepted,22645.088,22650.693,
9,accepted,3584.578,3590.578,
23,accepted,1726.908,1732.043,
27,accepted,9291.344,9297.347,
17,accepted,1203.383,1208.382,
2,accepted,1672.963,1678.461,
30,accepted,4185.558,4191.559,
13,accepted,5679.044,5684.045,
9,accepted,1085.999,1090.997,
2,accepted,1047.040,1052.040,
1,accepted,3668.987,3676.487,
12,accepted,2268.223,2273.727,
29,accepted,4699.995,4703.997,
0,accepted,9605.892,9610.912,
21,accepted,6498.667,6503.667,
9,accepted,946.169,951.669,
29,accepted,737.737,743.740,
25,accepted,5770.079,5775.580,
17,accepted,3334.005,3339.005,
8,accepted,5374.664,5380.172,
25,accepted,456.940,460.940,
18,accepted,6810.733,6815.235,
27,accepted,3813.514,3820.012,
5,accepted,5598.014,5603.015,
23,accepted,3971.258,3976.258,
3,accepted,11262.594,11267.594,
13,accepted,3541.136,3546.640,
14,accepted,6508.038,6512.040,
9,accepted,2600.414,2630.916,
12,accepted,3021.097,3026.596,
14,accepted,165.020,169.519,
30,accepted,4481.717,4494.215,
19,accepted,5942.217,5955.238,
27,accepted,1471.048,1482.549,
16,accepted,8426.095,8439.596,
13,accepted,828.475,842.477,
25,accepted,1947.097,1960.625,
28,accepted,13197.174,13209.674,
2,accepted,4668.244,4681.755,
13,accepted,497.848,515.855,
24,accepted,13556.631,13569.686,
4,accepted,9332.973,9346.473,
17,accepted,3082.916,3095.584,
13,accepted,784.516,802.017,
22,accepted,9095.474,9110.389,
23,accepted,2835.175,2848.678,
21,accepted,5010.750,5023.749,
19,accepted,1980.146,1998.148,
26,accepted,8753.817,8766.317,
3,accepted,2908.644,2923.144,
2,accepted,1359.515,1375.959,
5,accepted,3512.662,3526.661,
29,accepted,4848.189,4861.196,
3,accepted,471.432,489.433,
22,accepted,859.369,876.369,
12,accepted,3075.087,3088.119,
29,accepted,325.122,342.665,
31,accepted,10574.070,10587.071,
20,accepted,19326.538,19331.537,
26,accepted,1496.852,1506.365,
29,accepted,959.535,969.013,
14,accepted,4093.842,4098.839,
5,accepted,1561.582,1571.582,
19,accepted,2070.341,2079.937,
16,accepted,3888.288,3897.787,
27,accepted,4078.126,4088.627,
1,accepted,8352.712,8358.216,
12,accepted,2234.465,2243.481,
19,accepted,1043.132,1049.132,
21,accepted,3283.452,3293.455,
14,accepted,1557.704,1562.702,
13,accepted,3870.658,3880.298,
9,accepted,5993.146,5997.645,
17,accepted,4164.166,4174.167,
3,accepted,3219.471,3228.971,
20,accepted,2637.083,2642.583,
27,accepted,1901.106,1907.105,
1,accepted,1549.175,1555.177,
5,accepted,2638.416,2644.415,
31,accepted,3492.877,3503.378,
13,accepted,1258.918,1264.419,
25,accepted,6458.795,6468.796,
2,accepted,4757.583,4768.083,
1,accepted,744.123,749.622,
8,accepted,8578.131,8583.131,
6,accepted,35835.670,35840.709,
31,accepted,610.847,616.349,
24,accepted,6327.373,6337.875,
11,accepted,13727.711,13733.209,
22,accepted,5112.390,5121.890,
9,accepted,2405.728,2411.227,
28,accepted,7279.852,7288.850,
26,accepted,4524.456,4529.955,
6,accepted,953.159,958.660,
29,accepted,4565.209,4570.708,
20,accepted,2222.805,2228.302,
14,accepted,3011.492,3016.796,
7,accepted,18978.830,18984.331,
7,accepted,142.684,148.684,
27,accepted,2292.942,2297.941,
17,accepted,3082.504,3088.006,
22,accepted,1249.182,1254.682,
31,accepted,1801.395,1806.893,
22,accepted,227.081,232.261,
7,accepted,729.830,734.830,
11,accepted,1829.056,1834.556,
19,accepted,4400.296,4405.796,
21,accepted,4309.367,4314.867,
7,accepted,400.806,405.810,
20,accepted,1355.590,1360.089,
12,accepted,5200.841,5206.351,
22,accepted,1065.700,1071.199,
15,accepted,23018.357,23024.355,
11,accepted,1130.034,1134.623,
16,accepted,6931.256,6937.255,
13,accepted,4663.441,4668.941,
10,accepted,23392.664,23397.664,
17,accepted,3073.524,3079.023,
5,accepted,5387.880,5392.381,
25,accepted,5017.195,5021.696,
21,accepted,2406.853,2410.853,
10,accepted,283.106,288.606,
18,accepted,13506.013,13511.511,
28,accepted,4170.737,4176.237,
22,accepted,1862.857,1867.857,
14,accepted,4077.357,4082.476,
2,accepted,5544.217,5549.309,
29,accepted,4345.402,4350.902,
30,accepted,12750.302,12759.302,
31,accepted,3571.792,3576.809,
7,accepted,3077.450,3081.950,
3,accepted,6987.611,6993.112,
30,accepted,119.496,124.496,
13,accepted,1486.185,1491.681,
11,accepted,2434.187,2438.684,
2,accepted,701.602,706.601,
28,accepted,1047.602,1052.603,
26,accepted,5161.620,5166.120,
27,accepted,4725.795,4730.796,
11,accepted,302.710,308.709,
13,accepted,398.794,404.295,
29,accepted,759.061,764.062,
15,accepted,2954.066,2959.066,
24,accepted,6036.414,6041.412,
27,accepted,435.299,440.299,
18,accepted,1618.647,1623.648,
29,accepted,382.779,388.278,
10,accepted,1722.919,1727.920,
15,accepted,370.207,375.207,
2,accepted,704.940,710.441,
30,accepted,1153.351,1159.352,
19,accepted,4486.892,4491.396,
22,accepted,1867.325,1871.824,
0,accepted,17246.172,17250.839,
30,accepted,182.438,186.938,
10,accepted,380.614,385.112,
30,accepted,50.024,55.248,
22,accepted,181.410,184.911,
25,accepted,2270.347,2275.346,
23,accepted,12549.623,12559.120,
23,accepted,55.508,60.509,
4,accepted,13098.302,13107.806,
26,accepted,1329.212,1334.712,
31,accepted,1842.113,1876.150,
28,accepted,1424.901,1430.402,
30,accepted,550.240,555.743,
10,accepted,615.992,620.492,
27,accepted,1087.123,1091.623,
5,accepted,2841.874,2846.374,
16,accepted,3741.214,3746.213,
10,accepted,134.859,140.133,
2,accepted,1033.067,1038.067,
24,accepted,1480.906,1486.083,
18,accepted,1468.147,1473.650,
29,accepted,1500.649,1505.648,
8,accepted,8264.124,8268.623,
30,accepted,622.067,627.567,
12,accepted,5294.604,5299.103,
13,accepted,2089.207,2094.710,
7,accepted,2949.511,2955.515,
31,accepted,1175.247,1180.254,
23,accepted,1436.944,1442.192,
13,accepted,389.500,394.360,
17,accepted,4051.427,4055.928,
13,accepted,50.065,55.205,
28,accepted,1424.460,1429.459,
22,accepted,1871.002,1876.001,
2,accepted,1213.637,1218.137,
31,accepted,446.158,450.664,
28,accepted,140.799,145.800,
5,accepted,1414.463,1463.507,
8,accepted,950.168,955.177,
17,accepted,514.947,519.947,
24,accepted,1235.231,1239.735,
5,accepted,243.990,249.997,
0,accepted,2512.753,2517.753,
6,accepted,8478.045,8483.044,
16,accepted,1809.832,1814.331,
15,accepted,3103.856,3108.858,
28,accepted,705.832,710.833,
1,accepted,9904.325,9909.330,
11,accepted,3705.473,3711.058,
5,accepted,729.688,734.691,
11,accepted,192.039,197.041,
29,accepted,1999.169,2004.169,
13,accepted,1607.887,1613.886,
31,accepted,1325.256,1330.116,
25,accepted,3317.787,3322.785,
2,accepted,1552.779,1558.279,
29,accepted,466.072,469.072,
23,accepted,1997.992,2002.996,
22,accepted,1742.833,1747.833,
31,accepted,318.049,322.191,
5,accepted,807.509,812.040,
23,accepted,287.993,292.490,
23,accepted,2.500,8.000,
11,accepted,863.596,874.594,
5,accepted,59.555,63.554,
30,accepted,2796.896,2802.897,
17,accepted,1851.948,1856.448,
3,accepted,5436.272,5441.270,
20,accepted,8604.417,8609.470,
5,accepted,192.955,198.462,
18,accepted,3150.727,3155.224,
15,accepted,1460.287,1465.287,
13,accepted,853.493,858.493,
18,accepted,124.465,128.967,
20,accepted,217.160,222.182,
0,accepted,1889.910,1894.410,
14,accepted,6299.521,6305.524,
20,accepted,260.587,265.087,
27,accepted,4022.470,4026.971,
4,accepted,4360.007,4365.007,
14,accepted,109.504,114.314,
25,accepted,1339.023,1344.023,
13,accepted,530.030,535.032,
16,accepted,2267.109,2272.109,
14,accepted,124.505,129.003,
4,accepted,157.814,162.316,
12,accepted,3569.479,3573.979,
9,accepted,11079.878,11084.878,
5,accepted,850.694,855.694,
18,accepted,719.222,725.228,
13,accepted,323.165,327.162,
31,accepted,1513.641,1518.638,
28,accepted,2471.114,2476.114,
13,accepted,208.002,213.004,
25,accepted,597.167,601.667,
11,accepted,1460.194,1465.195,
17,accepted,1387.783,1392.281,
29,accepted,2020.350,2025.349,
28,accepted,484.786,489.786,
13,accepted,444.287,448.786,
0,accepted,1354.851,1359.350,
20,accepted,1229.580,1235.080,
15,accepted,1682.296,1687.294,
14,accepted,1071.260,1075.759,
7,accepted,4369.092,4373.092,
30,accepted,2011.909,2017.410,
2,accepted,2610.669,2615.669,
10,accepted,5597.106,5602.106,
9,accepted,1523.592,1528.592,
27,accepted,1765.988,1770.488,
6,accepted,3899.782,3904.782,
20,accepted,619.411,623.910,
4,accepted,1653.781,1658.781,
10,accepted,138.114,142.617,
26,accepted,6116.011,6120.015,
10,accepted,6.499,10.999,
16,accepted,1737.569,1742.070,
15,accepted,966.115,970.613,
24,accepted,4617.409,4659.404,
31,accepted,1675.213,1680.214,
28,accepted,1226.707,1231.710,
17,accepted,1665.424,1670.925,
20,accepted,748.488,753.493,
6,accepted,817.503,822.002,
23,accepted,3544.421,3549.430,
28,accepted,875.014,880.514,
21,accepted,10076.367,10081.366,
23,accepted,414.943,419.952,
8,accepted,5814.732,5819.729,
6,accepted,720.392,724.905,
11,accepted,2687.566,2692.588,
26,accepted,1878.003,1891.050,
23,accepted,553.606,558.107,
0,accepted,2916.417,2921.419,
30,accepted,2602.043,2606.542,
11,accepted,587.932,592.396,
29,accepted,3156.781,3161.782,
25,accepted,3503.184,3508.185,
31,accepted,1992.714,1997.714,
30,accepted,320.494,325.495,
9,accepted,2596.179,2600.680,
17,accepted,1929.732,1934.233,
0,accepted,784.066,789.036,
17,accepted,463.101,468.601,
17,accepted,2.500,7.500,
13,accepted,3798.008,3808.508,
9,accepted,634.541,638.669,
7,accepted,3821.590,3827.090,
21,accepted,1964.794,1970.795,
22,accepted,6163.480,6166.980,
22,accepted,54.824,59.827,
8,accepted,1945.944,1949.942,
30,accepted,967.444,971.946,
2,accepted,3787.635,3792.635,
24,accepted,3157.180,3161.677,
20,accepted,2874.892,2879.897,
12,accepted,5484.663,5490.161,
7,accepted,713.104,718.104,
29,accepted,1781.065,1786.075,
6,accepted,2714.160,2719.164,
26,accepted,2492.896,2498.093,
19,accepted,11243.821,11249.322,
25,accepted,2322.583,2327.584,
31,accepted,2410.012,2414.517,
18,accepted,6367.102,6372.601,
27,accepted,5017.598,5022.098,
29,accepted,1005.243,1010.243,
28,accepted,3713.255,3718.755,
6,accepted,959.255,964.753,
12,accepted,1375.858,1380.542,
14,accepted,5821.945,5826.447,
26,accepted,887.826,893.275,
17,accepted,2296.827,2301.828,
18,accepted,612.132,617.134,
20,accepted,1937.833,1941.833,
13,accepted,2747.171,2752.170,
19,accepted,1187.530,1192.030,
14,accepted,641.773,646.275,
18,accepted,358.595,363.094,
31,accepted,1323.937,1329.292,
1,accepted,9884.267,9888.771,
4,accepted,6410.530,6415.531,
20,accepted,1017.968,1022.969,
31,accepted,451.973,456.973,
23,accepted,4608.378,4612.879,
20,accepted,31.000,35.003,
21,accepted,3285.870,3290.869,
14,accepted,764.388,768.888,
24,accepted,3137.819,3142.823,
2,accepted,3248.589,3253.091,
30,accepted,3368.979,3374.159,
28,accepted,1803.514,1808.021,
24,accepted,235.599,240.097,
2,accepted,216.526,222.095,
11,accepted,4782.801,4788.300,
20,accepted,496.114,501.613,
17,accepted,1885.893,1890.893,
14,accepted,601.927,636.427,
3,accepted,9711.377,9715.381,
13,accepted,1508.669,1513.670,
12,accepted,2110.138,2114.642,
13,accepted,91.051,95.552,
8,accepted,3987.521,3992.522,
26,accepted,2209.594,2214.146,
3,accepted,246.146,251.145,
13,accepted,129.596,135.595,
22,accepted,4206.154,4211.655,
24,accepted,782.513,787.513,
20,accepted,596.588,600.587,
1,accepted,1634.401,1638.929,
20,accepted,135.796,140.299,
26,accepted,451.617,457.117,
28,accepted,1108.016,1112.516,
19,accepted,2317.306,2322.306,
8,accepted,748.093,753.092,
2,accepted,1220.470,1224.971,
18,accepted,2295.004,2300.512,
22,accepted,636.621,641.620,
10,accepted,8245.321,8249.322,
5,accepted,9785.339,9790.840,
30,accepted,1471.059,1475.559,
26,accepted,362.035,366.534,
22,accepted,284.488,289.989,
6,accepted,3378.094,3382.094,
28,accepted,709.661,714.662,
19,accepted,638.715,643.215,
13,accepted,1312.543,1317.550,
21,accepted,2216.627,2221.127,
15,accepted,8525.913,8530.914,
23,accepted,2316.449,2320.949,
16,accepted,9136.325,9141.822,
25,accepted,4656.987,4661.986,
11,accepted,2334.934,2339.435,
19,accepted,604.769,609.768,
0,accepted,6426.511,6431.013,
19,accepted,80.035,84.535,
5,accepted,1199.453,1203.952,
19,accepted,104.009,109.009,
24,accepted,1884.485,1889.488,
24,accepted,19.500,24.001,
31,accepted,3097.268,3102.267,
0,accepted,330.720,335.220,
20,accepted,1896.672,1901.671,
31,accepted,70.963,75.467,
20,accepted,225.752,230.254,
13,accepted,1157.797,1162.802,
29,accepted,5109.467,5114.967,
29,accepted,15.105,19.106,
19,accepted,706.998,711.999,
25,accepted,934.043,939.043,
17,accepted,3044.282,3048.282,
25,accepted,11.001,17.499,
20,accepted,315.666,320.167,
24,accepted,813.809,818.309,
11,accepted,1105.037,1109.576,
2,accepted,2305.296,2310.795,
25,accepted,270.295,275.297,
28,accepted,2013.321,2018.822,
22,accepted,2181.222,2185.357,
9,accepted,7610.614,7615.614,
13,accepted,974.913,979.913,
9,accepted,256.073,260.573,
8,accepted,2857.267,2861.767,
0,accepted,1392.828,1397.828,
14,accepted,3833.667,3837.668,
21,accepted,2436.735,2441.235,
7,accepted,7368.501,7373.502,
26,accepted,3006.986,3011.498,
23,accepted,2608.316,2614.815,
28,accepted,814.187,818.186,
28,accepted,248.294,254.294,
11,accepted,1370.190,1374.688,
3,accepted,4353.986,4357.986,
13,accepted,994.772,1000.140,
21,accepted,777.344,782.844,
16,accepted,3495.485,3500.485,
6,accepted,4270.101,4275.600,
18,accepted,4716.293,4720.794,
3,accepted,1064.365,1069.722,
21,accepted,1079.968,1085.468,
11,accepted,1378.596,1383.597,
4,accepted,6905.208,6910.208,
14,accepted,2167.229,2200.056,
21,accepted,246.480,250.979,
19,accepted,3159.675,3163.182,
19,accepted,60.776,66.298,
15,accepted,4743.221,4748.218,
10,accepted,5564.722,5569.771,
21,accepted,459.935,464.437,
18,accepted,987.907,992.407,
8,accepted,2893.996,2897.995,
28,accepted,2206.315,2210.316,
2,accepted,3797.196,3801.696,
23,accepted,2822.377,2827.248,
8,accepted,447.808,452.817,
10,accepted,586.985,591.985,
27,accepted,9510.766,9515.766,
15,accepted,983.339,987.839,
5,accepted,5128.891,5133.893,
13,accepted,2751.344,2756.977,
9,accepted,3846.702,3851.203,
30,accepted,6584.914,6588.914,
4,accepted,1933.666,1938.166,
2,accepted,966.756,970.756,
3,accepted,2344.262,2348.760,
13,accepted,567.150,571.657,
5,accepted,743.764,748.263,
9,accepted,533.889,538.389,
17,accepted,5154.397,5159.394,
5,accepted,66.779,72.781,
8,accepted,1118.369,1122.868,
26,accepted,4263.395,4268.406,
17,accepted,180.068,184.076,
9,accepted,336.478,340.479,
31,accepted,6241.736,6247.236,
29,accepted,5885.173,5890.680,
11,accepted,2895.439,2899.943,
25,accepted,5645.587,5650.087,
27,accepted,2009.277,2014.278,
18,accepted,2672.986,2677.975,
9,accepted,912.950,918.449,
6,accepted,3906.793,3911.295,
28,accepted,2852.059,2857.559,
14,accepted,3538.782,3581.304,
10,accepted,2578.494,2583.494,
29,accepted,1007.818,1012.821,
16,accepted,4439.315,4444.322,
4,accepted,1957.994,1961.994,
23,accepted,2856.669,2860.800,
0,accepted,6167.218,6171.219,
15,accepted,2696.863,2702.364,
17,accepted,1829.200,1833.199,
15,accepted,345.680,350.679,
4,accepted,503.214,507.715,
2,accepted,2509.985,2549.210,
5,accepted,2551.582,2556.659,
1,accepted,10261.711,10266.714,
27,accepted,1623.808,1628.309,
14,accepted,1348.036,1353.042,
15,accepted,673.756,678.255,
16,accepted,1323.877,1328.876,
3,accepted,3181.666,3186.665,
14,accepted,261.709,266.210,
24,accepted,8196.256,8200.757,
1,accepted,684.153,689.153,
1,accepted,18.751,23.251,
14,accepted,292.532,297.532,
26,accepted,3209.197,3214.706,
9,accepted,2177.102,2182.101,
5,accepted,826.780,830.780,
4,accepted,1561.614,1567.614,
6,accepted,2550.537,2555.765,
17,accepted,1896.683,1901.684,
25,accepted,3216.502,3221.577,
31,accepted,3433.344,3438.344,
10,accepted,2575.512,2581.013,
20,accepted,9638.209,9643.209,
26,accepted,1284.082,1290.091,
11,accepted,4046.529,4051.528,
8,accepted,4810.964,4815.964,
8,accepted,207.369,212.371,
4,accepted,1328.010,1333.017,
16,accepted,2299.305,2304.987,
7,accepted,9527.226,9532.726,
25,accepted,1425.259,1429.762,
29,accepted,3873.084,3877.585,
26,accepted,867.502,872.003,
19,accepted,7560.777,7565.284,
17,accepted,1736.912,1741.412,
30,accepted,6278.294,6283.318,
8,accepted,695.534,701.040,
4,accepted,608.751,613.752,
18,accepted,4651.602,4656.103,
3,accepted,2884.309,2888.809,
24,accepted,2827.037,2832.037,
6,accepted,2199.351,2204.858,
9,accepted,2690.305,2694.806,
25,accepted,784.614,789.622,
4,accepted,503.110,508.110,
25,accepted,122.596,128.097,
5,accepted,2911.069,2939.573,
21,accepted,7958.792,7963.292,
26,accepted,872.549,877.550,
22,accepted,11324.080,11329.751,
11,accepted,1911.449,1915.948,
10,accepted,2504.045,2508.048,
1,accepted,3364.483,3369.983,
9,accepted,702.149,707.645,
16,accepted,1501.726,1506.727,
22,accepted,246.140,250.640,
24,accepted,873.628,878.263,
29,accepted,1480.374,1485.375,
24,accepted,128.675,133.176,
28,accepted,5629.712,5634.713,
22,accepted,314.707,320.209,
24,accepted,196.171,200.674,
15,accepted,4335.059,4339.058,
30,accepted,1537.446,1542.447,
22,accepted,351.594,356.598,
3,accepted,1620.260,1625.261,
0,accepted,6062.888,6067.389,
21,accepted,1525.820,1530.320,
28,accepted,955.566,960.871,
25,accepted,1753.702,1758.203,
3,accepted,599.365,603.449,
0,accepted,372.653,378.153,
1,accepted,1644.876,1649.878,
24,accepted,1514.495,1520.505,
11,accepted,2214.026,2219.027,
6,accepted,2937.174,2942.177,
28,accepted,1044.332,1049.141,
26,accepted,2727.283,2732.784,
28,accepted,124.509,129.006,
5,accepted,2899.638,2904.137,
22,accepted,1841.983,1847.482,
23,accepted,7671.528,7677.027,
6,accepted,487.644,493.142,
5,accepted,386.573,392.072,
9,accepted,2842.329,2847.829,
18,accepted,4184.790,4189.649,
22,accepted,590.802,594.802,
31,accepted,6131.580,6136.707,
8,accepted,4368.114,4372.630,
13,accepted,10331.452,10335.603,
25,accepted,2240.157,2245.761,
16,accepted,3505.573,3510.574,
3,accepted,2333.427,2337.927,
20,accepted,6200.266,6206.265,
14,accepted,7369.614,7374.713,
7,accepted,5421.123,5425.624,
19,accepted,5229.082,5234.581,
22,accepted,869.352,912.379,
12,accepted,19110.360,19115.360,
7,accepted,197.317,202.317,
29,accepted,4263.163,4267.748,
24,accepted,2516.517,2521.017,
23,accepted,1864.395,1868.395,
19,accepted,524.173,529.176,
17,accepted,5865.696,5870.696,
11,accepted,2691.696,2697.197,
8,accepted,1633.026,1638.025,
31,accepted,1729.535,1734.534,
28,accepted,2783.274,2788.277,
18,accepted,2335.436,2340.436,
25,accepted,2013.596,2018.595,
5,accepted,2738.657,2743.158,
2,accepted,10026.872,10031.371,
13,accepted,2236.139,2241.139,
22,accepted,1601.059,1605.059,
18,accepted,224.302,229.302,
21,accepted,4708.936,4713.684,
19,accepted,1263.276,1267.276,
24,accepted,1368.651,1415.048,
26,accepted,3587.010,3591.517,
26,accepted,179.718,184.719,
21,accepted,284.017,288.515,
21,accepted,346.133,351.635,
28,accepted,1421.704,1427.238,
5,accepted,1283.680,1288.679,
13,accepted,1319.517,1324.017,
8,accepted,2078.496,2083.495,
24,accepted,1348.698,1353.698,
4,accepted,7781.283,7785.783,
9,accepted,4495.090,4500.091,
31,accepted,2349.469,2353.974,
15,accepted,7018.203,7022.703,
15,accepted,155.619,160.617,
20,accepted,3725.684,3730.749,
27,accepted,11778.573,11783.073,
12,accepted,3486.521,3491.522,
27,accepted,450.648,456.148,
21,accepted,1689.398,1694.397,
22,accepted,2665.349,2669.849,
15,accepted,1445.005,1450.510,
16,accepted,5553.162,5557.661,
6,accepted,6549.967,6554.967,
11,accepted,4604.838,4609.340,
16,accepted,327.764,333.764,
9,accepted,2222.408,2226.908,
19,accepted,3776.331,3781.831,
1,accepted,8215.167,8219.902,
26,accepted,3729.533,3734.038,
22,accepted,1504.592,1509.094,
5,accepted,3044.513,3049.911,
19,accepted,300.770,305.270,
22,accepted,77.553,83.057,
27,accepted,1878.524,1883.187,
1,accepted,757.668,763.169,
9,accepted,1142.342,1148.345,
6,accepted,1704.054,1709.551,
23,accepted,6456.850,6461.850,
24,accepted,3930.782,3935.283,
4,accepted,4265.173,4270.674,
12,accepted,3971.627,3976.295,
20,accepted,4092.800,4097.373,
8,accepted,4661.644,4666.144,
23,accepted,800.964,805.113,
3,accepted,8346.117,8351.659,
9,accepted,1323.728,1328.226,
2,accepted,6491.872,6525.412,
9,accepted,267.169,272.169,
30,accepted,12037.703,12043.609,
18,accepted,6977.353,6982.354,
0,accepted,11327.998,11332.501,
23,accepted,1057.028,1061.161,
26,accepted,3179.594,3185.094,
31,accepted,5867.003,5872.004,
31,accepted,96.373,101.373,
22,accepted,3778.512,3783.511,
1,accepted,4072.111,4077.610,
11,accepted,5400.001,5405.996,
0,accepted,2279.190,2284.687,
29,accepted,10647.804,10651.811,
30,accepted,2640.818,2645.814,
6,accepted,4214.159,4218.661,
10,accepted,15876.059,15880.573,
10,accepted,601.941,607.945,
21,accepted,8238.153,8243.668,
0,accepted,1412.826,1417.843,
27,accepted,6623.077,6627.575,
21,accepted,227.555,233.057,
15,accepted,7596.068,7601.064,
31,accepted,3433.740,3438.242,
23,accepted,4028.032,4033.530,
21,accepted,307.953,312.953,
20,accepted,5258.797,5263.798,
25,accepted,12465.407,12470.909,
1,accepted,4190.005,4195.504,
1,accepted,311.643,316.144,
8,accepted,7401.961,7407.462,
22,accepted,5463.144,5468.646,
7,accepted,15057.453,15062.455,
18,accepted,6591.596,6596.597,
21,accepted,2383.650,2389.151,
2,accepted,7250.952,7255.952,
23,accepted,2540.175,2544.804,
13,accepted,12553.716,12558.714,
19,accepted,9659.604,9664.610,
25,accepted,1887.838,1893.340,
24,accepted,8775.986,8780.985,
15,accepted,3313.190,3318.191,
24,accepted,377.287,382.786,
19,accepted,781.589,787.083,
21,accepted,1312.153,1316.654,
16,accepted,11300.602,11305.108,
23,accepted,1375.975,1380.974,
1,accepted,1899.854,1904.857,
12,accepted,9741.238,9746.238,
3,accepted,9455.574,9461.075,
27,accepted,5158.901,5164.497,
9,accepted,9583.318,9587.817,
6,accepted,6822.043,6826.701,
28,accepted,15440.585,15445.083,
7,accepted,2786.704,2791.203,
9,accepted,172.615,177.616,
25,accepted,2227.260,2231.781,
22,accepted,3318.767,3324.264,
20,accepted,5594.986,5599.485,
6,accepted,626.536,631.037,
12,accepted,1355.828,1361.330,
4,accepted,11254.970,11259.867,
0,accepted,6523.792,6529.830,
15,accepted,3069.430,3074.431,
30,accepted,7906.112,7910.111,
9,accepted,1084.854,1089.355,
28,accepted,1157.043,1161.601,
8,accepted,4362.272,4367.269,
4,accepted,800.795,806.294,
10,accepted,7282.072,7287.073,
17,accepted,18928.489,18933.488,
20,accepted,1130.285,1135.784,
30,accepted,654.912,659.412,
7,accepted,1659.844,1664.345,
27,accepted,2177.759,2183.260,
19,accepted,3651.901,3656.400,
10,accepted,581.019,586.018,
0,accepted,1456.211,1461.583,
29,accepted,9399.790,9405.289,
12,accepted,1745.721,1750.219,
5,accepted,14715.245,14720.244,
14,accepted,20727.164,20731.664,
31,accepted,7876.122,7881.623,
13,accepted,5337.504,5343.036,
2,accepted,5508.360,5513.360,
25,accepted,2777.398,2782.896,
10,accepted,904.470,909.470,
9,accepted,1940.359,1945.358,
14,accepted,505.509,511.009,
10,accepted,129.433,134.935,
0,accepted,770.619,776.262,
7,accepted,1584.617,1590.389,
28,accepted,2271.914,2276.916,
2,accepted,607.632,612.156,
7,accepted,159.132,163.633,
20,accepted,1905.510,1910.539,
10,accepted,414.234,418.734,
27,accepted,2130.739,2136.742,
1,accepted,5201.997,5206.755,
25,accepted,1346.396,1351.398,
10,accepted,709.121,714.620,
26,accepted,13401.446,13406.947,
17,accepted,2816.943,2821.942,
31,accepted,1777.712,1783.211,
8,accepted,2987.066,2991.566,
29,accepted,2124.786,2129.290,
31,accepted,663.998,669.497,
22,accepted,5106.166,5111.668,
18,accepted,8487.920,8492.920,
10,accepted,1447.755,1452.568,
7,accepted,2400.707,2405.208,
26,accepted,1661.079,1666.578,
21,accepted,7497.702,7502.702,
19,accepted,4384.014,4390.015,
29,accepted,1827.497,1833.022,
21,accepted,451.713,457.214,
31,accepted,1570.518,1575.519,
10,accepted,1069.944,1075.943,
3,accepted,7719.321,7724.319,
13,accepted,4706.107,4711.128,
6,accepted,7241.469,7246.026,
6,accepted,8.026,12.535,
25,accepted,3725.684,3731.682,
2,accepted,4532.819,4537.820,
15,accepted,7265.393,7270.891,
7,accepted,2556.878,2562.878,
28,accepted,5058.993,5064.494,
2,accepted,561.674,566.174,
8,accepted,4154.571,4159.070,
7,accepted,286.039,291.539,
11,accepted,16085.488,16090.489,
9,accepted,5844.264,5848.763,
25,accepted,1016.858,1021.357,
11,accepted,323.776,328.776,
16,accepted,10628.857,10633.357,
1,accepted,5362.243,5368.653,
15,accepted,1266.798,1271.800,
5,accepted,7105.670,7110.670,
31,accepted,3050.383,3055.883,
1,accepted,333.814,338.816,
28,accepted,1508.151,1512.650,
25,accepted,1129.005,1134.505,
7,accepted,1434.056,1439.059,
6,accepted,2383.566,2388.564,
26,accepted,4175.719,4180.721,
0,accepted,7062.220,7067.220,
22,accepted,4714.694,4719.196,
19,accepted,3939.686,3943.186,
3,accepted,3581.153,3586.157,
11,accepted,1781.929,1787.429,
21,accepted,4334.751,4338.749,
12,accepted,8458.046,8462.046,
13,accepted,3744.022,3749.522,
10,accepted,4595.310,4600.808,
16,accepted,2836.278,2841.279,
24,accepted,14011.041,14016.545,
12,accepted,1603.543,1608.543,
2,accepted,4181.424,4186.964,
24,accepted,455.091,460.591,
11,accepted,2017.598,2022.602,
10,accepted,1550.655,1556.190,
17,accepted,8630.644,8635.642,
24,accepted,449.594,455.093,
26,accepted,3069.863,3074.865,
8,accepted,4892.843,4898.342,
9,accepted,4727.875,4733.377,
3,accepted,2882.404,2886.902,
29,accepted,7651.831,7656.331,
8,accepted,586.184,590.685,
21,accepted,3335.255,3340.257,
8,accepted,231.638,236.142,
20,accepted,10759.958,10764.959,
19,accepted,4299.128,4304.129,
1,accepted,4751.614,4756.616,
11,accepted,1928.529,1934.029,
17,accepted,1845.256,1850.256,
5,accepted,5310.427,5315.429,
29,accepted,931.249,936.250,
4,accepted,13459.195,13463.195,
22,accepted,4766.266,4771.267,
25,accepted,5210.867,5215.367,
2,accepted,2660.767,2666.796,
19,accepted,1119.704,1125.205,
5,accepted,947.410,952.910,
6,accepted,6028.646,6034.147,
12,accepted,3905.281,3910.804,
8,accepted,2124.107,2128.608,
27,accepted,12442.011,12446.597,
14,accepted,13393.208,13398.207,
20,accepted,2295.538,2300.718,
14,accepted,472.650,478.152,
15,accepted,7708.571,7714.074,
11,accepted,2425.399,2429.898,
19,accepted,1575.449,1580.838,
17,accepted,2454.084,2458.584,
15,accepted,134.890,140.391,
22,accepted,2482.976,2487.497,
28,accepted,7672.238,7677.737,
12,accepted,1234.827,1239.328,
0,accepted,7420.882,7425.881,
20,accepted,1581.079,1586.581,
21,accepted,4138.104,4142.605,
20,accepted,369.589,374.091,
8,accepted,2248.970,2252.972,
15,accepted,1919.828,1924.828,
20,accepted,732.188,737.189,
24,accepted,6173.466,6177.964,
27,accepted,2925.110,2929.610,
12,accepted,1819.562,1825.064,
16,accepted,7378.671,7383.672,
15,accepted,213.507,218.507,
0,accepted,1944.266,1949.266,
7,accepted,9546.966,9552.015,
6,accepted,3818.774,3824.853,
5,accepted,4203.896,4209.394,
17,accepted,2831.965,2837.004,
24,accepted,858.148,863.650,
1,accepted,5692.227,5697.227,
26,accepted,7050.556,7055.051,
7,accepted,800.864,805.963,
6,accepted,465.894,470.892,
5,accepted,423.865,428.365,
28,accepted,3035.350,3040.351,
11,accepted,3494.104,3499.105,
27,accepted,1675.419,1679.918,
31,accepted,11655.727,11661.227,
17,accepted,1252.143,1257.142,
8,accepted,3102.659,3108.159,
17,accepted,423.900,428.900,
19,accepted,4559.045,4564.555,
21,accepted,3544.323,3549.824,
17,accepted,167.108,172.610,
31,accepted,718.519,723.935,
10,accepted,9267.543,9272.848,
31,accepted,177.922,182.421,
6,accepted,1943.089,1948.589,
31,accepted,486.308,491.986,
24,accepted,3295.612,3300.610,
11,accepted,2963.527,2969.027,
11,accepted,27.007,31.506,
1,accepted,3728.140,3733.641,
13,accepted,12843.407,12848.406,
12,accepted,4682.832,4687.830,
17,accepted,2329.960,2334.959,
11,accepted,636.779,641.778,
23,accepted,25962.483,25967.984,
10,accepted,2562.263,2567.959,
3,accepted,11288.087,11326.267,
11,accepted,614.510,620.010,
10,accepted,226.859,232.359,
16,accepted,5662.596,5668.155,
12,accepted,1093.050,1097.550,
18,accepted,19599.500,19605.000,
6,accepted,2888.589,2893.088,
6,accepted,2.499,7.501,
2,accepted,10020.136,10024.638,
1,accepted,2008.922,2014.421,
26,accepted,5986.588,5992.089,
11,accepted,1314.248,1319.251,
1,accepted,381.974,387.483,
16,accepted,1424.162,1429.705,
10,accepted,1549.186,1553.191,
5,accepted,6189.609,6194.608,
11,accepted,506.851,511.351,
20,accepted,7604.261,7609.260,
7,accepted,6736.618,6742.239,
15,accepted,7753.358,7758.094,
13,accepted,3423.496,3428.995,
9,accepted,14029.360,14033.857,
6,accepted,2292.952,2297.953,
14,accepted,10762.639,10767.661,
28,accepted,7224.195,7229.695,
31,accepted,5216.822,5222.823,
4,accepted,13227.853,13232.353,
4,accepted,6.999,12.001,
7,accepted,1236.870,1241.872,
8,accepted,7087.526,7093.526,
10,accepted,2273.709,2278.710,
1,accepted,2573.250,2578.749,
14,accepted,1459.162,1464.163,
19,accepted,7423.901,7428.434,
23,accepted,4668.239,4673.772,
18,accepted,4224.175,4228.675,
6,accepted,1981.655,1986.653,
10,accepted,770.966,776.469,
21,accepted,7819.197,7824.202,
12,accepted,4627.337,4632.838,
28,accepted,1992.736,1997.735,
27,accepted,8854.580,8859.081,
23,accepted,616.461,620.461,
4,accepted,1790.700,1795.032,
24,accepted,6636.576,6641.597,
23,accepted,256.810,261.308,
9,accepted,2878.703,2884.140,
0,accepted,10909.334,10914.834,
4,accepted,566.073,571.575,
9,accepted,334.895,339.896,
19,accepted,1709.371,1715.377,
9,accepted,251.303,256.810,
26,accepted,4896.248,4900.748,
17,accepted,7048.858,7053.357,
5,accepted,4700.327,4705.434,
15,accepted,4531.619,4537.120,
16,accepted,5327.289,5332.371,
10,accepted,2538.237,2543.238,
0,accepted,1796.511,1801.511,
18,accepted,2861.271,2866.501,
26,accepted,1265.656,1271.156,
7,accepted,4218.760,4223.260,
17,accepted,1519.899,1524.400,
6,accepted,3442.801,3447.818,
5,accepted,2185.245,2191.250,
9,accepted,2734.223,2739.220,
27,accepted,4021.543,4026.543,
8,accepted,5233.186,5238.185,
29,accepted,19205.010,19210.010,
11,accepted,7551.497,7556.997,
9,accepted,677.654,683.157,
10,accepted,2482.580,2487.578,
24,accepted,4622.978,4627.979,
16,accepted,2976.411,2980.918,
25,accepted,19874.027,19879.526,
11,accepted,891.197,895.698,
7,accepted,2834.615,2839.615,
12,accepted,5635.993,5640.493,
21,accepted,5906.350,5911.349,
24,accepted,916.202,921.203,
20,accepted,8811.190,8817.690,
1,accepted,6726.790,6731.293,
8,accepted,1646.605,1651.606,
2,accepted,10494.115,10499.615,
28,accepted,5982.344,5986.345,
1,accepted,299.971,304.832,
23,accepted,5860.266,5865.266,
1,accepted,94.860,99.862,
4,accepted,5647.934,5652.926,
28,accepted,696.085,701.084,
23,accepted,766.924,772.926,
3,accepted,12004.383,12009.882,
22,accepted,19432.867,19436.871,
14,accepted,7845.139,7849.637,
29,accepted,2888.601,2893.102,
25,accepted,2194.110,2200.017,
3,accepted,717.899,723.399,
13,accepted,10388.810,10394.819,
16,accepted,3029.820,3034.316,
26,accepted,5620.176,5625.674,
8,accepted,2868.928,2874.429,
21,accepted,3142.030,3147.035,
1,accepted,2733.403,2737.903,
20,accepted,3271.184,3276.684,
7,accepted,3801.468,3806.967,
24,accepted,3641.110,3646.113,
14,accepted,2310.539,2315.294,
11,accepted,4074.908,4080.407,
20,accepted,374.779,379.278,
19,accepted,8400.422,8404.921,
26,accepted,1328.274,1332.403,
27,accepted,5616.450,5621.951,
16,accepted,1693.525,1699.026,
12,accepted,4130.915,4135.916,
10,accepted,5059.063,5064.064,
20,accepted,453.466,458.463,
3,accepted,2197.421,2202.422,
21,accepted,1414.337,1418.812,
18,accepted,7856.857,7861.857,
16,accepted,691.392,696.414,
28,accepted,3825.078,3831.080,
0,accepted,8328.532,8334.032,
0,accepted,123.725,128.228,
20,accepted,1048.915,1053.416,
29,accepted,3946.450,3951.948,
7,accepted,1797.447,1803.005,
8,accepted,2491.743,2496.743,
15,accepted,9536.610,9542.110,
16,accepted,1231.275,1236.277,
17,accepted,8696.186,8700.698,
27,accepted,2189.849,2194.845,
11,accepted,2441.800,2446.800,
13,accepted,3939.052,3944.552,
22,accepted,4945.635,4950.635,
5,accepted,8413.624,8418.641,
7,accepted,1032.386,1037.390,
10,accepted,2403.452,2408.949,
9,accepted,7737.902,7742.906,
24,accepted,3235.300,3240.799,
1,accepted,3726.408,3731.407,
28,accepted,2213.940,2218.440,
0,accepted,1975.862,1981.360,
27,accepted,1273.625,1278.625,
1,accepted,444.007,449.006,
5,accepted,1279.905,1285.301,
13,accepted,1839.772,1845.271,
27,accepted,700.212,704.711,
13,accepted,147.854,152.354,
26,accepted,4649.234,4654.233,
28,accepted,1768.551,1774.051,
27,accepted,667.324,698.615,
0,accepted,1665.841,1670.753,
29,accepted,3990.973,3995.975,
22,accepted,3114.817,3119.312,
19,accepted,5644.623,5649.624,
25,accepted,7940.526,7945.617,
22,accepted,321.966,326.467,
9,accepted,3163.590,3168.685,
25,accepted,389.555,395.054,
28,accepted,1298.600,1303.100,
24,accepted,3224.768,3228.766,
25,accepted,317.918,321.917,
22,accepted,694.129,698.628,
31,accepted,18127.713,18132.716,
4,accepted,9967.328,9972.828,
23,accepted,9471.735,9477.250,
6,accepted,13316.142,13320.644,
24,accepted,763.170,768.172,
5,accepted,3277.101,3282.100,
19,accepted,1587.469,1591.469,
28,accepted,1112.914,1117.414,
24,accepted,517.820,523.319,
18,accepted,6830.846,6835.345,
15,accepted,5969.020,5973.520,
29,accepted,2438.527,2442.526,
10,accepted,5412.425,5417.427,
12,accepted,8335.610,8341.109,
11,accepted,6287.542,6293.040,
20,accepted,7310.618,7315.619,
17,accepted,6596.201,6600.709,
27,accepted,3826.620,3831.623,
12,accepted,406.969,411.969,
12,accepted,150.790,155.287,
22,accepted,2772.815,2778.843,
19,accepted,2329.799,2335.296,
31,accepted,3517.425,3522.423,
13,accepted,5845.408,5849.906,
18,accepted,2596.658,2601.157,
27,accepted,1593.361,1597.861,
28,accepted,3096.270,3101.769,
15,accepted,2808.347,2813.346,
11,accepted,2309.520,2314.020,
7,accepted,8593.058,8598.058,
12,accepted,2264.508,2269.006,
25,accepted,4877.126,4881.775,
19,accepted,2037.585,2042.584,
17,accepted,3293.721,3298.722,
27,accepted,1782.339,1787.353,
9,accepted,6617.700,6622.698,
28,accepted,2161.919,2166.919,
11,accepted,1867.476,1873.050,
4,accepted,6099.105,6103.605,
4,accepted,113.984,118.984,
21,accepted,12276.947,12282.472,
19,accepted,1629.610,1634.611,
22,accepted,3958.380,3963.383,
29,accepted,5443.821,5449.854,
7,accepted,2227.950,2233.453,
9,accepted,990.367,995.868,
24,accepted,6061.680,6066.681,
0,accepted,8958.047,8962.132,
25,accepted,2643.211,2649.245,
20,accepted,5405.740,5410.227,
24,accepted,563.309,568.804,
14,accepted,14396.286,14401.289,
23,accepted,8084.068,8089.164,
20,accepted,911.893,916.907,
15,accepted,4521.039,4525.539,
7,accepted,1747.821,1752.828,
26,accepted,10674.201,10679.200,
10,accepted,7334.655,7340.050,
5,accepted,8395.038,8400.038,
2,accepted,19258.699,19263.699,
24,accepted,1680.452,1685.452,
29,accepted,2501.733,2507.231,
3,accepted,15866.124,15871.645,
1,accepted,12737.597,12742.597,
28,accepted,3754.187,3758.696,
12,accepted,5118.645,5124.145,
14,accepted,2540.252,2545.750,
26,accepted,2146.960,2151.962,
16,accepted,15416.241,15422.084,
25,accepted,3461.530,3466.531,
27,accepted,5460.474,5464.986,
18,accepted,7413.844,7418.851,
23,accepted,2721.759,2726.256,
28,accepted,1677.211,1683.220,
28,accepted,483.416,487.916,
19,accepted,5382.148,5387.147,
8,accepted,17034.250,17039.748,
31,accepted,8607.300,8612.801,
13,accepted,8687.795,8692.795,
3,accepted,2874.212,2880.212,
15,accepted,4082.652,4088.152,
28,accepted,993.208,998.709,
22,accepted,6334.558,6339.557,
25,accepted,2130.235,2135.236,
19,accepted,1123.767,1128.266,
27,accepted,2572.714,2577.713,
22,accepted,802.868,807.868,
16,accepted,3192.441,3197.099,
1,accepted,4566.492,4571.492,
4,accepted,7970.251,7975.576,
2,accepted,5368.907,5374.240,
25,accepted,1344.651,1350.149,
27,accepted,867.134,872.133,
7,accepted,5900.864,5905.867,
8,accepted,2664.691,2670.192,
22,accepted,1222.480,1227.482,
31,accepted,2947.420,2952.919,
4,accepted,799.758,804.433,
21,accepted,9030.750,9036.249,
25,accepted,1360.039,1365.539,
6,accepted,15526.940,15531.941,
9,accepted,9409.731,9415.232,
2,accepted,3031.920,3037.588,
5,accepted,8699.382,8704.881,
1,accepted,3364.873,3369.373,
20,accepted,9326.952,9331.453,
2,accepted,643.355,648.856,
5,accepted,530.977,536.478,
27,accepted,4536.205,4541.203,
4,accepted,3917.226,3922.726,
1,accepted,1691.728,1696.726,
26,accepted,8628.510,8634.011,
2,accepted,1375.004,1379.501,
31,accepted,4380.536,4385.536,
0,accepted,12205.900,12210.400,
8,accepted,4932.940,4937.939,
0,accepted,262.257,266.756,
13,accepted,7553.308,7558.307,
18,accepted,9141.742,9146.742,
31,accepted,928.230,933.229,
10,accepted,11610.330,11614.838,
11,accepted,14235.956,14240.958,
19,accepted,7508.412,7512.912,
7,accepted,6271.979,6277.480,
23,accepted,9863.860,9869.356,
0,accepted,1281.859,1288.357,
2,accepted,1701.724,1706.772,
10,accepted,898.119,903.128,
8,accepted,1740.008,1745.008,
2,accepted,253.896,258.899,
11,accepted,1057.669,1063.168,
30,accepted,66251.960,66257.005,
9,accepted,5445.029,5450.528,
30,accepted,238.012,242.512,
31,accepted,1766.995,1771.534,
1,accepted,3323.409,3329.100,
27,accepted,4066.508,4071.509,
30,accepted,1104.390,1109.888,
24,accepted,13834.890,13839.392,
31,accepted,985.935,990.935,
31,accepted,14.500,19.501,
19,accepted,2647.207,2652.561,
27,accepted,320.869,326.375,
9,accepted,1575.723,1580.224,
2,accepted,2039.145,2045.145,
10,accepted,2308.284,2313.783,
30,accepted,538.575,543.576,
16,accepted,9735.800,9741.302,
19,accepted,750.658,755.158,
8,accepted,2744.112,2750.259,
27,accepted,946.026,951.492,
24,accepted,1326.890,1331.890,
26,accepted,5036.091,5040.587,
25,accepted,8805.933,8811.432,
20,accepted,6939.552,6945.053,
0,accepted,3851.732,3856.733,
1,accepted,2307.296,2312.295,
17,accepted,19585.918,19590.918,
17,accepted,58.513,63.513,
8,accepted,1361.671,1367.174,
2,accepted,2114.778,2119.777,
22,accepted,10584.530,10589.531,
31,accepted,2559.477,2564.477,
14,accepted,15679.789,15685.288,
15,accepted,13295.478,13301.479,
9,accepted,2631.057,2636.055,
27,accepted,1761.586,1766.121,
28,accepted,13383.866,13389.366,
3,accepted,13797.279,13802.287,
17,accepted,1423.489,1428.989,
19,accepted,2889.302,2894.302,
26,accepted,2459.964,2464.965,
9,accepted,921.684,926.279,
31,accepted,1584.121,1589.621,
1,accepted,2409.092,2414.091,
18,accepted,7560.020,7565.028,
22,accepted,2156.965,2162.467,
21,accepted,12762.330,12767.329,
28,accepted,1990.148,1995.148,
1,accepted,988.142,993.141,
9,accepted,1549.437,1553.439,
20,accepted,3847.120,3851.622,
3,accepted,2316.685,2322.197,
15,accepted,2700.878,2705.378,
12,accepted,18920.150,18924.659,
26,accepted,1900.994,1905.992,
7,accepted,8083.242,8088.242,
25,accepted,4618.407,4622.407,
23,accepted,8293.358,8297.533,
2,accepted,3682.209,3688.709,
16,accepted,5642.177,5647.297,
18,accepted,1913.821,1919.330,
20,accepted,1124.154,1128.653,
13,accepted,10023.784,10029.733,
16,accepted,481.155,486.156,
28,accepted,1667.258,1672.258,
22,accepted,2209.979,2214.370,
5,accepted,11926.253,11931.567,
15,accepted,1577.539,1582.539,
16,accepted,273.640,278.159,
31,accepted,2904.647,2909.148,
4,accepted,11430.625,11436.147,
2,accepted,1249.420,1254.420,
3,accepted,2150.101,2155.102,
8,accepted,5530.622,5536.119,
21,accepted,3197.331,3201.931,
2,accepted,939.346,944.847,
27,accepted,5405.013,5410.523,
4,accepted,1722.961,1727.962,
8,accepted,1320.291,1325.295,
27,accepted,893.151,898.651,
17,accepted,6166.543,6171.541,
20,accepted,3082.303,3087.304,
22,accepted,3367.521,3372.021,
18,accepted,3788.872,3793.872,
1,accepted,5156.294,5161.796,
7,accepted,4945.689,4950.690,
20,accepted,1613.593,1618.591,
27,accepted,2114.938,2119.939,
18,accepted,1101.517,1107.518,
22,accepted,1333.386,1338.387,
27,accepted,222.925,227.425,
16,accepted,4671.265,4675.773,
14,accepted,9051.320,9056.820,
2,accepted,3792.664,3797.667,
27,accepted,675.524,680.302,
23,accepted,6252.992,6257.993,
25,accepted,6343.574,6349.077,
7,accepted,1714.945,1719.443,
8,accepted,3190.664,3195.662,
10,accepted,12498.433,12503.432,
14,accepted,1326.209,1330.843,
16,accepted,1473.358,1478.857,
16,accepted,115.424,120.425,
17,accepted,3936.749,3941.747,
21,accepted,5308.586,5314.095,
16,accepted,182.073,187.073,
9,accepted,8435.686,8441.192,
27,accepted,1602.869,1607.868,
18,accepted,2496.762,2501.262,
3,accepted,6333.258,6338.258,
6,accepted,21357.141,21361.638,
5,accepted,7260.698,7264.883,
7,accepted,1805.326,1810.827,
24,accepted,12924.613,12929.613,
13,accepted,7831.424,7835.923,
8,accepted,2208.333,2213.832,
23,accepted,2340.242,2345.243,
18,accepted,1157.267,1162.266,
4,accepted,6380.927,6386.927,
4,accepted,1.000,4.999,
9,accepted,2192.954,2197.455,
27,accepted,2194.943,2200.444,
28,accepted,9386.599,9391.099,
4,accepted,1120.745,1125.744,
7,accepted,2331.475,2335.476,
12,accepted,11146.476,11152.626,
18,accepted,2069.378,2074.880,
29,accepted,31105.061,31154.074,
3,accepted,3370.724,3376.225,
27,accepted,1283.743,1288.743,
0,accepted,15929.737,15936.232,
5,accepted,3541.669,3546.671,
27,accepted,732.730,738.167,
7,accepted,1685.373,1690.022,
9,accepted,2318.425,2323.867,
11,accepted,20117.648,20123.019,
15,accepted,11394.684,11399.684,
29,accepted,1476.820,1482.378,
4,accepted,2296.278,2300.278,
12,accepted,2400.318,2405.494,
22,accepted,7656.784,7661.784,
13,accepted,4841.901,4846.901,
25,accepted,7113.926,7118.935,
6,accepted,5839.409,5844.410,
9,accepted,1546.898,1551.317,
20,accepted,8753.681,8759.210,
1,accepted,9941.909,9946.908,
12,accepted,1232.674,1238.175,
25,accepted,915.059,919.553,
24,accepted,6264.732,6269.232,
11,accepted,2350.282,2355.783,
13,accepted,1512.774,1517.774,
26,accepted,15259.866,15264.365,
6,accepted,1520.178,1525.678,
14,accepted,8318.174,8322.675,
27,accepted,3320.740,3325.242,
30,accepted,20961.176,20966.176,
24,accepted,1075.853,1081.354,
30,accepted,250.589,255.588,
5,accepted,4049.682,4054.681,
24,accepted,240.704,244.704,
19,accepted,18412.692,18417.692,
30,accepted,405.363,409.863,
0,accepted,4527.850,4532.401,
5,accepted,730.036,736.037,
25,accepted,2332.255,2337.758,
17,accepted,9461.812,9466.313,
28,accepted,6786.204,6791.220,
29,accepted,4347.707,4353.207,
21,accepted,9635.261,9640.261,
20,accepted,3372.223,3377.724,
21,accepted,212.479,217.981,
25,accepted,621.890,625.890,
29,accepted,275.980,280.979,
25,accepted,206.624,211.744,
3,accepted,6535.199,6539.700,
30,accepted,1751.693,1756.704,
26,accepted,3217.924,3222.924,
14,accepted,3193.444,3198.944,
26,accepted,607.425,612.925,
3,accepted,1140.319,1145.319,
10,accepted,12121.988,12126.988,
20,accepted,2076.851,2081.852,
12,accepted,5326.630,5331.628,
15,accepted,7364.268,7370.269,
21,accepted,2445.085,2449.083,
30,accepted,1995.532,2000.030,
2,accepted,13830.699,13835.199,
26,accepted,1213.939,1218.945,
28,accepted,3478.472,3484.483,
16,accepted,13332.910,13337.909,
29,accepted,3452.538,3456.092,
9,accepted,7028.871,7034.007,
17,accepted,4024.848,4029.849,
3,accepted,1920.161,1924.660,
9,accepted,78.711,83.710,
19,accepted,5165.525,5171.025,
2,accepted,1427.466,1432.966,
23,accepted,13010.199,13014.700,
11,accepted,6956.160,6961.660,
28,accepted,1372.048,1377.077,
4,accepted,9182.663,9187.665,
4,accepted,337.089,342.091,
31,accepted,21360.993,21365.996,
29,accepted,1621.721,1627.534,
14,accepted,3994.310,4000.311,
16,accepted,1869.135,1874.644,
1,accepted,8727.935,8733.439,
26,accepted,3044.874,3049.373,
13,accepted,8829.942,8835.442,
12,accepted,4175.058,4180.557,
29,accepted,1783.135,1787.635,
12,accepted,746.986,751.988,
6,accepted,9353.702,9358.703,
4,accepted,2379.423,2383.922,
10,accepted,5968.583,5973.082,
4,accepted,1364.760,1370.270,
19,accepted,4909.520,4914.558,
11,accepted,4450.209,4454.708,
9,accepted,5332.988,5337.558,
5,accepted,9837.847,9843.349,
22,accepted,13248.327,13253.329,
0,accepted,10308.782,10312.780,
29,accepted,2248.987,2252.991,
7,accepted,14378.741,14384.240,
26,accepted,3993.463,3998.577,
20,accepted,7767.937,7772.937,
22,accepted,934.759,940.258,
9,accepted,1162.461,1167.963,
26,accepted,749.512,754.515,
4,accepted,2059.375,2064.873,
3,accepted,7517.061,7522.562,
30,accepted,8620.735,8625.806,
17,accepted,7752.979,7757.983,
22,accepted,1305.346,1311.388,
0,accepted,2261.266,2267.195,
9,accepted,1562.657,1567.656,
13,accepted,5323.536,5328.035,
6,accepted,4400.007,4405.008,
1,accepted,6367.952,6372.951,
31,accepted,7160.417,7165.422,
16,accepted,7215.898,7221.403,
15,accepted,10274.885,10280.385,
4,accepted,2072.689,2078.189,
22,accepted,2147.981,2152.486,
27,accepted,15512.917,15518.917,
22,accepted,250.222,255.809,
30,accepted,2835.310,2840.309,
25,accepted,13914.132,13919.132,
19,accepted,5436.316,5441.318,
7,accepted,5123.347,5128.848,
6,accepted,2622.157,2626.155,
18,accepted,20746.598,20752.098,
31,accepted,2295.485,2300.673,
30,accepted,570.991,575.991,
29,accepted,5399.341,5403.838,
14,accepted,9516.980,9522.304,
8,accepted,23586.876,23591.375,
18,accepted,346.144,351.145,
16,accepted,2438.767,2443.302,
26,accepted,4687.777,4692.776,
25,accepted,2300.285,2305.284,
7,accepted,2144.606,2150.105,
18,accepted,1689.198,1694.903,
1,accepted,4634.081,4639.083,
4,accepted,3799.845,3804.356,
24,accepted,18356.902,18362.904,
26,accepted,1708.449,1713.450,
21,accepted,14445.374,14450.375,
8,accepted,2421.179,2426.181,
12,accepted,10082.282,10087.282,
30,accepted,3036.278,3042.095,
28,accepted,13251.972,13256.471,
24,accepted,1060.313,1065.814,
30,accepted,354.505,359.506,
29,accepted,3411.456,3415.962,
1,accepted,1311.883,1316.882,
22,accepted,4511.272,4517.239,
15,accepted,5680.334,5684.845,
6,accepted,4244.624,4250.151,
23,accepted,14783.652,14789.154,
19,accepted,4816.767,4822.269,
9,accepted,7465.572,7470.073,
16,accepted,4352.948,4358.947,
3,accepted,8398.270,8402.771,
15,accepted,1178.918,1184.424,
23,accepted,550.188,556.187,
18,accepted,3410.326,3415.833,
10,accepted,12462.548,12467.551,
23,accepted,555.843,560.341,
17,accepted,9015.046,9020.048,
9,accepted,1287.499,1293.001,
26,accepted,3622.865,3627.364,
17,accepted,388.586,393.599,
19,accepted,1936.196,1941.195,
2,accepted,17173.884,17178.884,
4,accepted,4539.344,4543.873,
28,accepted,3896.163,3901.226,
31,accepted,7101.822,7106.823,
1,accepted,3876.981,3882.480,
5,accepted,13133.439,13138.437,
7,accepted,5632.314,5637.322,
8,accepted,5150.034,5155.034,
5,accepted,329.604,333.603,
0,accepted,11134.131,11138.632,
0,accepted,79.885,84.885,
15,accepted,3261.639,3266.639,
20,accepted,13064.599,13069.097,
30,accepted,4949.903,4953.583,
24,accepted,5161.807,5167.309,
21,accepted,6254.766,6260.267,
9,accepted,2766.285,2771.658,
26,accepted,2941.397,2946.896,
5,accepted,1559.033,1564.033,
14,accepted,9339.285,9344.234,
26,accepted,684.868,689.370,
1,accepted,2787.276,2792.777,
29,accepted,6827.621,6833.120,
31,accepted,3191.228,3196.285,
13,accepted,13138.812,13163.197,
19,accepted,3946.655,3952.154,
5,accepted,1089.938,1095.439,
19,accepted,146.042,150.543,
15,accepted,2459.618,2465.119,
19,accepted,375.444,380.945,
9,accepted,2917.555,2922.566,
16,accepted,7179.080,7185.079,
7,accepted,4451.082,4456.581,
30,accepted,3845.288,3850.803,
31,accepted,2261.043,2266.544,
23,accepted,7009.361,7014.362,
2,accepted,6075.117,6080.617,
13,accepted,2614.473,2619.607,
1,accepted,3103.084,3108.584,
19,accepted,2289.773,2294.781,
30,accepted,1235.661,1241.156,
3,accepted,8558.180,8564.181,
3,accepted,206.810,211.809,
10,accepted,8134.603,8139.102,
29,accepted,3521.766,3526.264,
24,accepted,5434.325,5439.825,
8,accepted,6086.243,6091.744,
17,accepted,7812.049,7817.175,
28,accepted,7033.779,7038.778,
7,accepted,2439.685,2445.184,
29,accepted,752.955,758.455,
6,accepted,10681.850,10687.261,
2,accepted,2177.894,2182.910,
23,accepted,2360.271,2365.272,
27,accepted,16163.553,16169.052,
24,accepted,1323.318,1327.818,
22,accepted,11568.683,11573.183,
26,accepted,5750.145,5755.146,
30,accepted,1895.534,1900.037,
29,accepted,820.885,825.383,
14,accepted,6445.795,6451.408,
15,accepted,5251.127,5256.127,
1,accepted,3350.021,3356.021,
15,accepted,602.922,606.921,
16,accepted,4700.224,4705.223,
17,accepted,2758.612,2763.111,
19,accepted,3520.758,3525.258,
19,accepted,298.064,302.564,
12,accepted,15408.324,15413.326,
21,accepted,10178.114,10182.614,
9,accepted,7585.020,7590.520,
16,accepted,2468.333,2473.334,
22,accepted,4006.775,4011.281,
24,accepted,4376.333,4381.342,
18,accepted,14360.329,14366.329,
28,accepted,6038.668,6044.167,
28,accepted,93.510,98.510,
0,accepted,12328.445,12333.950,
2,accepted,6274.416,6278.925,
19,accepted,4249.528,4255.028,
12,accepted,3534.065,3539.563,
5,accepted,11257.465,11262.962,
2,accepted,876.227,881.726,
6,accepted,7389.095,7394.092,
7,accepted,7743.975,7748.977,
2,accepted,513.791,518.791,
8,accepted,8627.409,8631.908,
24,accepted,3081.347,3085.848,
24,accepted,270.956,275.954,
14,accepted,7123.263,7128.763,
1,accepted,6581.613,6586.112,
16,accepted,4188.259,4193.760,
18,accepted,3638.288,3642.787,
3,accepted,9736.893,9741.892,
27,accepted,8324.685,8329.685,
3,accepted,273.770,278.771,
18,accepted,382.012,387.512,
15,accepted,7180.027,7185.029,
1,accepted,659.414,663.914,
26,accepted,8771.589,8808.104,
3,accepted,404.131,409.130,
31,accepted,11805.693,11811.193,
8,accepted,1838.128,1842.128,
14,accepted,1344.530,1350.032,
4,accepted,17811.732,17817.232,
30,accepted,9479.105,9484.107,
27,accepted,1671.439,1676.658,
18,accepted,1646.036,1650.537,
5,accepted,3663.207,3667.708,
23,accepted,10505.403,10509.903,
25,accepted,23723.403,23727.902,
24,accepted,2719.693,2724.296,
1,accepted,1916.239,1920.740,
0,accepted,5418.230,5422.730,
26,accepted,1741.385,1746.881,
14,accepted,1457.243,1462.745,
29,accepted,10595.767,10600.273,
20,accepted,17635.917,17640.916,
29,accepted,241.386,246.889,
4,accepted,1739.321,1744.322,
25,accepted,686.951,692.452,
19,accepted,5007.110,5012.610,
31,accepted,2611.621,2616.237,
7,accepted,4822.161,4827.162,
31,accepted,111.802,116.802,
25,accepted,822.594,827.093,
19,accepted,937.874,942.874,
19,accepted,329.115,334.116,
21,accepted,9094.470,9099.470,
16,accepted,4664.429,4669.948,
7,accepted,981.199,986.726,
14,accepted,2363.923,2368.423,
25,accepted,1556.003,1561.403,
21,accepted,1051.409,1056.409,
8,accepted,4630.617,4636.117,
29,accepted,3126.437,3131.433,
16,accepted,1773.507,1780.533,
21,accepted,1033.233,1038.730,
22,accepted,10665.308,10669.808,
3,accepted,5852.480,5857.480,
1,accepted,4565.323,4570.324,
29,accepted,1063.706,1068.206,
7,accepted,2594.235,2599.739,
26,accepted,4840.232,4845.233,
10,accepted,17395.215,17400.574,
4,accepted,5001.037,5007.036,
27,accepted,6254.469,6258.970,
14,accepted,3174.679,3179.181,
7,accepted,843.705,848.703,
18,accepted,6052.662,6057.663,
5,accepted,6021.659,6027.158,
24,accepted,5859.208,5864.209,
31,accepted,4799.549,4804.887,
21,accepted,2516.586,2521.086,
28,accepted,12294.791,12300.292,
14,accepted,1227.164,1232.167,
11,accepted,38541.849,38546.850,
25,accepted,4391.448,4395.950,
1,accepted,3166.007,3171.510,
16,accepted,3751.951,3756.951,
13,accepted,20795.974,20800.975,
3,accepted,3752.631,3757.157,
24,accepted,2153.602,2158.118,
9,accepted,14855.041,14861.040,
6,accepted,11921.872,11926.871,
4,accepted,2876.887,2881.887,
26,accepted,3587.737,3593.298,
13,accepted,832.944,838.443,
28,accepted,2213.264,2218.762,
5,accepted,3650.878,3655.489,
29,accepted,5127.932,5133.432,
25,accepted,2993.305,2997.804,
10,accepted,5084.217,5089.217,
9,accepted,2547.165,2553.164,
19,accepted,9153.441,9158.442,
25,accepted,807.077,812.586,
24,accepted,3145.228,3149.233,
7,accepted,5452.161,5457.161,
7,accepted,102.930,107.432,
8,accepted,8003.683,8007.183,
27,accepted,6011.902,6017.524,
29,accepted,1956.920,1961.921,
15,accepted,13864.460,13869.460,
25,accepted,912.375,916.875,
12,accepted,16067.868,16072.369,
11,accepted,5283.878,5289.379,
22,accepted,8127.246,8131.746,
12,accepted,521.696,526.196,
7,accepted,1349.907,1354.407,
31,accepted,7212.813,7218.312,
10,accepted,2917.832,2922.828,
12,accepted,1110.121,1116.119,
29,accepted,2008.732,2013.734,
29,accepted,8.000,13.497,
26,accepted,5481.391,5486.390,
0,accepted,13964.422,13969.924,
29,accepted,737.181,742.683,
20,accepted,14691.487,14696.987,
21,accepted,8221.527,8226.525,
7,accepted,2541.262,2546.263,
10,accepted,2213.397,2218.910,
15,accepted,3719.405,3723.540,
18,accepted,10068.719,10073.717,
17,accepted,24849.727,24854.727,
31,accepted,2674.149,2679.650,
16,accepted,8230.917,8235.416,
11,accepted,3909.049,3914.376,
27,accepted,4570.350,4575.850,
11,accepted,209.632,215.131,
25,accepted,4479.021,4484.023,
22,accepted,4637.546,4642.546,
5,accepted,7998.517,8004.048,
3,accepted,9628.902,9633.910,
20,accepted,2718.725,2723.228,
8,accepted,6374.776,6407.782,
4,accepted,9642.635,9648.135,
17,accepted,2258.002,2263.001,
30,accepted,19120.293,19125.795,
27,accepted,2145.745,2151.245,
0,accepted,4385.051,4389.549,
1,accepted,10707.177,10713.176,
28,accepted,9451.338,9455.839,
22,accepted,1481.168,1486.170,
16,accepted,2561.682,2566.185,
13,accepted,10097.091,10102.591,
24,accepted,9140.333,9146.098,
3,accepted,2756.267,2761.769,
15,accepted,4755.713,4760.554,
5,accepted,3215.783,3221.282,
26,accepted,6772.153,6777.654,
10,accepted,5184.704,5189.206,
23,accepted,21239.503,21244.002,
13,accepted,2166.634,2171.635,
23,accepted,108.320,112.828,
5,accepted,467.852,472.353,
19,accepted,10217.005,10222.504,
30,accepted,3261.948,3268.451,
25,accepted,5608.630,5614.632,
14,accepted,15247.050,15252.551,
1,accepted,3791.912,3807.988,
7,accepted,7197.379,7202.381,
19,accepted,1267.167,1271.667,
22,accepted,4056.335,4060.862,
13,accepted,1797.638,1803.137,
25,accepted,994.346,999.349,
22,accepted,1439.878,1444.879,
13,accepted,1374.315,1378.816,
14,accepted,2052.418,2057.419,
22,accepted,434.737,440.237,
13,accepted,655.908,661.408,
4,accepted,7156.962,7161.464,
26,accepted,4399.342,4403.839,
27,accepted,7099.966,7106.236,
24,accepted,5407.171,5413.174,
16,accepted,7311.175,7316.176,
6,accepted,17771.771,17777.224,
31,accepted,10110.929,10115.928,
24,accepted,797.861,803.359,
3,accepted,6286.186,6290.687,
20,accepted,9093.956,9099.457,
3,accepted,220.676,224.687,
9,accepted,16201.419,16205.920,
16,accepted,1258.029,1264.029,
7,accepted,5199.365,5204.921,
26,accepted,2509.623,2515.125,
7,accepted,237.587,242.588,
0,accepted,9416.607,9421.108,
8,accepted,10225.564,10231.063,
0,accepted,95.284,100.286,
16,accepted,1182.405,1187.904,
9,accepted,1633.720,1638.720,
14,accepted,4554.504,4560.003,
24,accepted,2351.850,2356.851,
16,accepted,551.515,557.016,
25,accepted,5942.516,5948.016,
19,accepted,6775.131,6780.131,
13,accepted,4579.331,4584.831,
13,accepted,273.236,278.736,
16,accepted,831.361,836.359,
18,accepted,14018.385,14022.388,
15,accepted,9449.257,9453.757,
22,accepted,5462.499,5467.000,
29,accepted,15400.915,15406.790,
2,accepted,33170.219,33175.218,
11,accepted,13658.108,13663.108,
28,accepted,12222.119,12227.119,
24,accepted,1938.769,1943.267,
29,accepted,932.713,937.341,
7,accepted,3178.194,3182.692,
20,accepted,4460.872,4466.141,
26,accepted,3525.235,3530.149,
31,accepted,5416.749,5422.249,
28,accepted,993.639,999.169,
25,accepted,2686.191,2690.691,
18,accepted,2021.220,2026.230,
0,accepted,4279.241,4284.240,
22,accepted,2597.727,2603.228,
14,accepted,3916.891,3922.393,
16,accepted,3125.561,3130.561,
7,accepted,2028.700,2034.200,
16,accepted,221.376,226.875,
8,accepted,5316.861,5321.949,
18,accepted,1711.693,1716.693,
19,accepted,4740.100,4746.108,
0,accepted,2204.168,2209.667,
25,accepted,2688.216,2693.717,
28,accepted,2976.673,2981.671,
19,accepted,672.075,676.574,
3,accepted,7937.162,7943.440,
14,accepted,2164.579,2170.080,
28,accepted,573.632,578.632,
18,accepted,1653.681,1658.182,
14,accepted,434.169,439.666,
27,accepted,9822.488,9827.988,
19,accepted,680.258,685.263,
13,accepted,5831.959,5837.459,
24,accepted,4808.736,4813.736,
7,accepted,2567.014,2572.016,
10,accepted,14850.504,14886.504,
11,accepted,5695.910,5700.909,
3,accepted,1091.669,1097.358,
18,accepted,696.970,701.971,
4,accepted,10773.698,10778.197,
18,accepted,258.523,264.523,
2,accepted,6389.392,6394.900,
31,accepted,4976.046,4981.047,
20,accepted,5393.555,5398.555,
15,accepted,6808.162,6813.661,
10,accepted,1211.529,1217.029,
26,accepted,5691.179,5695.800,
24,accepted,1361.518,1366.517,
27,accepted,1855.898,1860.898,
22,accepted,4806.345,4812.847,
31,accepted,786.856,792.363,
26,accepted,791.102,796.603,
10,accepted,881.724,887.368,
21,accepted,22986.769,22991.770,
16,accepted,4952.241,4957.742,
9,accepted,9543.969,9548.969,
1,accepted,16034.708,16039.708,
27,accepted,1059.072,1064.074,
1,accepted,77.599,82.600,
12,accepted,25138.635,25144.136,
27,accepted,569.987,574.985,
30,accepted,17474.327,17478.826,
8,accepted,5878.723,5883.722,
3,accepted,3211.927,3216.426,
21,accepted,1216.055,1220.554,
0,accepted,4913.065,4917.564,
2,accepted,3046.698,3052.197,
24,accepted,2604.172,2609.170,
5,accepted,18545.138,18550.139,
28,accepted,4571.841,4576.841,
28,accepted,203.692,208.690,
11,accepted,4325.849,4330.914,
23,accepted,19111.740,19116.740,
16,accepted,2125.131,2130.632,
25,accepted,5831.244,5835.745,
12,accepted,1793.314,1798.315,
25,accepted,363.920,368.420,
2,accepted,1329.122,1334.623,
19,accepted,5564.614,5570.115,
8,accepted,2070.100,2075.600,
9,accepted,3119.912,3124.912,
12,accepted,682.724,687.726,
0,accepted,2305.225,2310.793,
30,accepted,3260.213,3265.214,
17,accepted,24182.073,24187.074,
0,accepted,877.974,884.475,
16,accepted,2341.266,2345.766,
0,accepted,258.410,263.913,
2,accepted,2142.882,2147.883,
26,accepted,5173.324,5178.824,
2,accepted,127.589,133.089,
26,accepted,693.027,697.525,
24,accepted,4079.546,4084.046,
3,accepted,4519.187,4524.185,
2,accepted,702.354,707.854,
0,accepted,1010.148,1015.148,
30,accepted,1974.764,1980.265,
4,accepted,8240.200,8244.702,
14,accepted,9381.420,9386.420,
21,accepted,5603.818,5608.819,
23,accepted,4852.734,4858.233,
24,accepted,1480.407,1485.409,
18,accepted,9020.474,9025.474,
9,accepted,4491.347,4496.345,
28,accepted,6922.684,6927.686,
17,accepted,4700.138,4705.138,
22,accepted,9729.242,9733.754,
8,accepted,5911.434,5916.933,
26,accepted,3551.232,3557.234,
7,accepted,11685.357,11690.355,
7,accepted,213.964,218.988,
14,accepted,3652.314,3657.817,
16,accepted,6220.523,6226.025,
21,accepted,4184.433,4189.934,
26,accepted,1897.975,1902.975,
22,accepted,2455.306,2459.809,
5,accepted,10026.132,10032.696,
16,accepted,1052.442,1057.943,
23,accepted,4937.517,4943.019,
22,accepted,539.620,544.619,
8,accepted,2960.167,2964.666,
16,accepted,269.870,275.882,
24,accepted,5201.292,5206.289,
24,accepted,72.666,78.668,
5,accepted,780.157,784.156,
17,accepted,3621.532,3626.533,
24,accepted,382.115,386.614,
0,accepted,7257.760,7262.775,
20,accepted,14559.539,14565.040,
10,accepted,13402.386,13407.389,
12,accepted,9965.486,9969.992,
4,accepted,7568.966,7574.466,
26,accepted,2715.634,2720.134,
31,accepted,14531.469,14536.478,
6,accepted,25887.531,25892.532,
5,accepted,1565.504,1570.507,
16,accepted,2339.171,2344.172,
17,accepted,1884.364,1889.370,
15,accepted,16001.012,16006.019,
31,accepted,977.514,982.514,
19,accepted,11968.134,11973.133,
10,accepted,2084.927,2090.428,
14,accepted,5033.521,5038.746,
6,accepted,1508.550,1513.050,
7,accepted,6183.822,6189.321,
3,accepted,10086.926,10092.426,
22,accepted,3824.126,3829.936,
16,accepted,1499.939,1504.440,
7,accepted,376.230,381.732,
26,accepted,2506.548,2512.049,
1,accepted,16232.690,16237.188,
13,accepted,19143.560,19149.559,
27,accepted,15985.974,15990.976,
16,accepted,980.590,985.594,
29,accepted,24259.068,24264.568,
10,accepted,1913.831,1918.332,
8,accepted,5329.173,5334.175,
13,accepted,1028.036,1033.036,
17,accepted,3322.358,3328.360,
17,accepted,57.093,62.294,
16,accepted,1143.393,1148.890,
5,accepted,4085.452,4090.453,
28,accepted,9298.435,9303.934,
3,accepted,2506.118,2510.642,
12,accepted,5029.622,5034.626,
5,accepted,285.786,290.786,
31,accepted,3599.445,3604.445,
5,accepted,315.248,320.749,
15,accepted,4076.363,4081.371,
3,accepted,522.794,528.295,
16,accepted,1020.165,1026.666,
25,accepted,16533.769,16539.270,
16,accepted,88.602,93.603,
29,accepted,2270.654,2275.654,
11,accepted,17322.795,17327.827,
23,accepted,7536.483,7540.982,
9,accepted,11791.245,11796.246,
31,accepted,1336.692,1341.692,
20,accepted,6977.470,6982.974,
6,accepted,4732.283,4737.783,
27,accepted,3472.414,3477.416,
2,accepted,14635.833,14640.333,
2,accepted,136.617,142.116,
29,accepted,1233.983,1238.983,
1,accepted,4135.279,4140.279,
19,accepted,5839.599,5844.600,
26,accepted,4952.455,4956.874,
27,accepted,1015.120,1019.619,
21,accepted,10537.912,10543.412,
15,accepted,2770.119,2775.617,
20,accepted,1393.332,1398.892,
26,accepted,388.853,393.936,
11,accepted,2330.280,2335.280,
2,accepted,1394.003,1399.004,
27,accepted,657.723,663.723,
3,accepted,3306.785,3311.286,
31,accepted,2557.599,2562.599,
10,accepted,5199.805,5204.306,
25,accepted,3300.147,3305.148,
15,accepted,1035.186,1039.685,
7,accepted,6468.005,6472.508,
16,accepted,3865.936,3870.935,
17,accepted,5357.927,5362.935,
29,accepted,2706.277,2710.850,
9,accepted,3863.401,3868.402,
27,accepted,1495.267,1500.347,
16,accepted,410.479,414.980,
11,accepted,1724.842,1729.344,
14,accepted,8139.572,8145.081,
1,accepted,3198.995,3203.993,
14,accepted,384.467,389.468,
24,accepted,11167.532,11172.532,
30,accepted,17831.021,17836.022,
3,accepted,1942.370,1947.321,
22,accepted,8193.011,8197.007,
14,accepted,278.335,283.835,
17,accepted,1132.446,1137.952,
0,accepted,11869.487,11875.492,
29,accepted,1645.125,1649.626,
25,accepted,3182.581,3187.580,
28,accepted,7470.940,7476.943,
10,accepted,3376.867,3381.865,
22,accepted,1881.404,1886.405,
31,accepted,3835.497,3840.505,
18,accepted,19064.576,19069.376,
3,accepted,2273.586,2278.635,
29,accepted,1434.739,1440.261,
16,accepted,3137.629,3142.630,
6,accepted,6578.145,6583.948,
20,accepted,5285.312,5289.620,
31,accepted,840.070,845.070,
11,accepted,3503.762,3508.262,
25,accepted,1497.390,1502.889,
0,accepted,2232.426,2237.925,
15,accepted,4754.969,4759.971,
20,accepted,536.925,574.471,
22,accepted,1671.772,1676.773,
24,accepted,3645.523,3650.023,
20,accepted,701.534,706.533,
30,accepted,4098.118,4102.618,
27,accepted,4964.417,4970.416,
12,accepted,10258.067,10263.567,
23,accepted,9109.323,9115.427,
9,accepted,5613.817,5619.318,
26,accepted,7649.139,7654.639,
8,accepted,11985.285,11990.784,
3,accepted,3171.486,3176.484,
21,accepted,8678.306,8682.807,
30,accepted,2037.602,2078.653,
16,accepted,3693.921,3699.421,
18,accepted,4086.811,4092.309,
5,accepted,11928.311,11933.811,
19,accepted,10033.050,10038.551,
1,accepted,7023.995,7028.994,
15,accepted,3815.244,3820.742,
11,accepted,4469.661,4475.663,
10,accepted,5885.833,5890.834,
30,accepted,1569.350,1609.611,
10,accepted,146.992,151.990,
19,accepted,1039.756,1044.257,
21,accepted,1690.229,1695.229,
29,accepted,5458.036,5462.037,
9,accepted,3461.447,3466.945,
26,accepted,3459.403,3465.906,
22,accepted,5267.827,5273.329,
22,accepted,20.501,25.498,
6,accepted,6117.886,6121.895,
4,accepted,19229.467,19234.467,
16,accepted,2656.957,2661.959,
24,accepted,5489.238,5493.738,
1,accepted,2237.130,2242.630,
6,accepted,330.791,335.292,
21,accepted,1402.299,1406.800,
22,accepted,414.097,419.096,
7,accepted,10769.950,10774.650,
14,accepted,9191.511,9196.132,
2,accepted,11558.921,11564.419,
19,accepted,1739.674,1744.675,
13,accepted,15885.189,15891.325,
6,accepted,470.332,475.332,
0,accepted,6657.653,6662.654,
22,accepted,634.786,639.786,
9,accepted,1526.798,1532.299,
12,accepted,5811.754,5816.757,
8,accepted,5115.413,5119.915,
22,accepted,623.481,628.983,
10,accepted,2854.533,2860.033,
2,accepted,1243.423,1248.423,
18,accepted,4463.355,4467.859,
21,accepted,2067.129,2071.630,
5,accepted,4771.872,4776.873,
26,accepted,2893.434,2898.731,
26,accepted,157.347,162.879,
6,accepted,2085.926,2091.427,
13,accepted,2315.627,2320.629,
7,accepted,2620.997,2624.994,
16,accepted,3041.907,3047.407,
4,accepted,3150.299,3155.456,
13,accepted,184.165,189.165,
1,accepted,3008.848,3014.236,
30,accepted,4424.473,4428.972,
5,accepted,830.847,835.848,
11,accepted,4766.955,4771.955,
20,accepted,8239.190,8244.625,
13,accepted,373.657,378.657,
2,accepted,1845.208,1848.710,
22,accepted,2066.068,2070.782,
6,accepted,831.823,836.330,
25,accepted,9488.785,9493.791,
10,accepted,2039.503,2044.504,
20,accepted,424.619,429.194,
14,accepted,3360.488,3365.490,
6,accepted,159.561,164.059,
13,accepted,298.325,303.327,
22,accepted,257.952,263.176,
11,accepted,631.452,636.452,
1,accepted,818.431,823.432,
3,accepted,7562.726,7567.728,
7,accepted,1164.522,1169.082,
22,accepted,226.053,230.551,
31,accepted,10253.859,10258.859,
13,accepted,455.671,459.675,
31,accepted,25.000,29.499,
10,accepted,800.579,805.579,
4,accepted,1403.532,1408.033,
10,accepted,33.044,38.045,
1,accepted,578.368,583.869,
8,accepted,3134.796,3139.797,
30,accepted,1500.159,1538.400,
23,accepted,9181.164,9186.164,
14,accepted,1116.480,1121.479,
8,accepted,384.457,388.960,
15,accepted,6925.766,6930.787,
29,accepted,6241.091,6246.092,
20,accepted,1422.667,1428.173,
25,accepted,1515.196,1519.196,
19,accepted,4787.504,4791.005,
21,accepted,3108.654,3114.156,
16,accepted,2401.168,2405.669,
5,accepted,2252.237,2256.734,
15,accepted,708.502,713.000,
8,accepted,810.525,816.045,
30,accepted,1149.994,1154.494,
1,accepted,1351.984,1355.984,
13,accepted,1674.518,1678.514,
30,accepted,102.393,106.391,
18,accepted,4177.225,4181.775,
14,accepted,1188.930,1194.429,
31,accepted,1998.853,2004.353,
15,accepted,577.779,582.279,
27,accepted,10942.044,10946.550,
10,accepted,1926.521,1931.020,
14,accepted,391.203,396.204,
23,accepted,1694.056,1699.057,
29,accepted,1424.393,1429.394,
10,accepted,148.928,154.429,
2,accepted,3101.771,3106.367,
16,accepted,1228.898,1233.399,
7,accepted,2586.106,2590.603,
31,accepted,415.014,419.513,
25,accepted,1584.137,1589.137,
18,accepted,821.622,826.130,
19,accepted,1527.248,1531.755,
3,accepted,2846.514,2851.514,
19,accepted,213.165,217.678,
16,accepted,425.498,430.012,
16,accepted,28.004,58.506,
1,accepted,1537.582,1543.082,
28,accepted,14847.659,14852.160,
30,accepted,1592.381,1597.381,
23,accepted,1170.032,1175.033,
28,accepted,152.861,157.361,
19,accepted,739.034,743.035,
20,accepted,2728.422,2732.921,
15,accepted,1604.101,1608.099,
26,accepted,5286.804,5291.304,
24,accepted,8037.610,8042.610,
7,accepted,1493.903,1498.905,
24,accepted,76.023,81.023,
18,accepted,1427.074,1432.572,
6,accepted,4487.942,4492.443,
28,accepted,686.432,691.433,
1,accepted,891.729,897.731,
8,accepted,2588.604,2592.605,
3,accepted,1612.113,1616.612,
0,accepted,7689.154,7694.155,
28,accepted,424.389,429.889,
9,accepted,8264.852,8270.852,
24,accepted,1133.510,1138.920,
16,accepted,2290.259,2295.758,
5,accepted,3957.643,3961.144,
18,accepted,1223.372,1227.871,
26,accepted,1450.908,1455.908,
7,accepted,1334.888,1339.387,
12,accepted,8179.708,8184.707,
15,accepted,1629.079,1634.079,
16,accepted,132.850,137.350,
2,accepted,2956.621,2961.119,
31,accepted,2892.265,2897.765,
3,accepted,1118.822,1123.822,
7,accepted,161.585,166.590,
5,accepted,300.237,304.738,
7,accepted,50.127,54.128,
28,accepted,987.657,992.157,
2,accepted,257.955,262.953,
10,accepted,3281.361,3285.859,
24,accepted,629.798,634.920,
11,accepted,6151.621,6198.640,
15,accepted,536.862,541.362,
7,accepted,394.298,437.798,
4,accepted,5954.867,5961.328,
6,accepted,2186.979,2191.915,
24,accepted,561.407,565.908,
12,accepted,1100.138,1104.637,
29,accepted,4519.624,4524.963,
16,accepted,1558.623,1564.124,
2,accepted,1448.406,1453.406,
28,accepted,1542.491,1546.991,
10,accepted,1504.190,1509.689,
18,accepted,1954.249,1958.754,
22,accepted,7474.718,7479.719,
14,accepted,5158.038,5163.038,
9,accepted,2325.736,2330.237,
21,accepted,6365.771,6372.274,
24,accepted,1322.248,1327.264,
21,accepted,105.075,109.082,
25,accepted,5160.024,5164.524,
19,accepted,4262.530,4267.712,
15,accepted,2016.822,2022.325,
13,accepted,6360.748,6364.777,
21,accepted,424.473,428.971,
18,accepted,956.294,961.294,
15,accepted,376.081,381.079,
8,accepted,4128.098,4133.599,
18,accepted,244.284,249.280,
3,accepted,3166.526,3172.028,
2,accepted,1498.449,1503.449,
16,accepted,1792.347,1796.845,
11,accepted,2912.611,2917.611,
31,accepted,3528.039,3533.040,
21,accepted,814.369,819.371,
14,accepted,1558.884,1563.888,
7,accepted,3182.622,3188.033,
12,accepted,2726.579,2731.580,
29,accepted,2442.239,2446.403,
22,accepted,1895.752,1900.252,
5,accepted,3980.515,3984.523,
25,accepted,1849.748,1854.249,
20,accepted,6028.200,6034.064,
31,accepted,799.443,803.943,
17,accepted,22601.169,22604.671,
19,accepted,1930.051,1934.610,
28,accepted,2707.863,2712.365,
31,accepted,109.615,114.117,
23,accepted,6647.227,6652.725,
14,accepted,1160.259,1165.279,
1,accepted,6019.418,6023.917,
24,accepted,2613.967,2618.969,
12,accepted,1120.861,1125.861,
31,accepted,475.425,505.925,
4,accepted,4527.127,4531.673,
28,accepted,1034.159,1038.657,
27,accepted,8836.257,8840.774,
18,accepted,2675.515,2680.016,
22,accepted,1817.254,1820.754,
6,accepted,5054.545,5059.109,
8,accepted,3010.320,3015.822,
21,accepted,2444.589,2449.611,
31,accepted,1081.124,1086.125,
0,accepted,7283.636,7288.635,
3,accepted,3096.068,3101.066,
20,accepted,1983.609,1988.251,
30,accepted,8337.825,8342.326,
13,accepted,3663.104,3668.101,
17,accepted,2029.782,2033.780,
16,accepted,3156.730,3161.730,
10,accepted,4834.702,4839.203,
13,accepted,266.977,271.477,
27,accepted,1067.255,1071.769,
14,accepted,1940.735,1945.242,
9,accepted,4679.861,4683.952,
21,accepted,783.271,787.770,
25,accepted,2645.721,2650.221,
9,accepted,227.423,231.981,
4,accepted,1583.535,1588.536,
15,accepted,4126.152,4131.153,
4,accepted,204.089,209.092,
1,accepted,2388.759,2393.258,
15,accepted,235.421,240.420,
9,accepted,324.534,330.067,
30,accepted,945.072,989.761,
14,accepted,603.097,607.098,
29,accepted,3602.064,3606.565,
11,accepted,4089.409,4094.409,
14,accepted,205.869,233.156,
11,accepted,411.275,416.394,
15,accepted,710.967,715.966,
9,accepted,701.802,705.889,
23,accepted,3292.913,3297.417,
17,accepted,1672.650,1677.152,
21,accepted,1391.088,1396.090,
16,accepted,1799.961,1805.361,
3,accepted,2102.088,2107.089,
20,accepted,2086.089,2090.088,
30,accepted,1440.043,1445.057,
11,accepted,825.778,829.279,
9,accepted,971.914,977.425,
18,accepted,3280.315,3285.313,
18,accepted,114.035,119.035,
15,accepted,1337.712,1342.211,
3,accepted,930.193,934.693,
31,accepted,3295.724,3300.926,
4,accepted,2166.204,2170.704,
22,accepted,3663.756,3668.255,
22,accepted,267.312,272.313,
3,accepted,485.404,498.407,
13,accepted,3348.370,3354.374,
29,accepted,2563.923,2568.995,
19,accepted,5646.079,5650.578,
18,accepted,992.578,998.083,
18,accepted,9.000,12.996,
26,accepted,10255.561,10261.671,
2,accepted,7125.217,7129.714,
11,accepted,1667.975,1672.974,
22,accepted,943.137,948.140,
27,accepted,4131.633,4137.133,
15,accepted,1528.518,1533.519,
0,accepted,4887.904,4892.405,
3,accepted,1326.520,1331.522,
28,accepted,5768.496,5773.997,
5,accepted,7385.633,7390.134,
13,accepted,1573.259,1578.758,
20,accepted,3258.113,3262.112,
26,accepted,1487.508,1491.514,
9,accepted,2728.171,2732.671,
26,accepted,225.599,231.099,
3,accepted,867.123,872.126,
15,accepted,1175.033,1179.533,
28,accepted,847.266,851.739,
14,accepted,4677.928,4682.502,
1,accepted,5053.144,5058.144,
25,accepted,5445.029,5450.030,
16,accepted,4005.788,4010.929,
14,accepted,150.874,155.872,
22,accepted,1825.596,1830.096,
29,accepted,2403.963,2409.463,
8,accepted,6522.182,6526.181,
16,accepted,221.784,225.783,
12,accepted,7656.200,7660.699,
26,accepted,723.596,728.096,
12,accepted,62.262,66.762,
20,accepted,1097.665,1102.165,
28,accepted,725.531,731.138,
3,accepted,828.239,832.737,
20,accepted,105.206,109.707,
25,accepted,647.047,652.558,
28,accepted,93.069,97.575,
11,accepted,2560.652,2565.153,
20,accepted,345.275,350.297,
0,accepted,2151.245,2156.245,
13,accepted,1686.111,1690.111,
24,accepted,8485.076,8489.577,
31,accepted,4096.625,4101.631,
30,accepted,4725.833,4730.845,
15,accepted,1462.400,1467.401,
24,accepted,195.220,199.719,
5,accepted,2066.516,2071.516,
5,accepted,11.005,16.005,
23,accepted,5675.053,5680.556,
23,accepted,38.142,43.640,
25,accepted,837.526,842.028,
14,accepted,1410.222,1415.220,
8,accepted,1414.501,1418.751,
24,accepted,528.586,533.586,
17,accepted,6081.099,6086.100,
6,accepted,8345.398,8350.400,
5,accepted,764.975,769.976,
18,accepted,4548.310,4553.309,
15,accepted,1169.765,1174.764,
13,accepted,1585.026,1590.026,
27,accepted,4070.169,4074.669,
17,accepted,770.474,774.651,
15,accepted,285.144,289.647,
3,accepted,2123.160,2127.988,
19,accepted,4912.975,4917.155,
1,accepted,2748.315,2752.814,
8,accepted,1108.460,1112.958,
18,accepted,343.243,346.748,
31,accepted,1602.646,1606.644,
24,accepted,1033.691,1038.691,
13,accepted,646.823,652.323,
4,accepted,6156.753,6161.253,
20,accepted,2424.365,2429.366,
2,accepted,5323.467,5327.976,
28,accepted,2722.154,2726.653,
16,accepted,3156.831,3161.332,
31,accepted,653.110,657.611,
24,accepted,629.082,634.082,
4,accepted,611.045,616.044,
11,accepted,3420.151,3424.649,
29,accepted,3955.065,3959.565,
19,accepted,1531.639,1535.139,
31,accepted,916.448,920.949,
28,accepted,1068.347,1073.348,
17,accepted,1839.534,1844.038,
16,accepted,1134.514,1139.014,
14,accepted,3096.371,3102.372,
1,accepted,1949.272,1953.773,
9,accepted,5362.119,5367.121,
15,accepted,2104.218,2108.218,
29,accepted,838.926,843.927,
17,accepted,553.960,559.461,
7,accepted,13552.479,13557.480,
22,accepted,4917.004,4921.502,
13,accepted,1906.160,1911.662,
20,accepted,1919.735,1924.735,
24,accepted,1842.290,1846.790,
30,accepted,4159.300,4164.308,
3,accepted,2734.443,2739.124,
28,accepted,1092.661,1098.136,
5,accepted,3512.961,3517.961,
18,accepted,2948.041,2952.542,
5,accepted,452.101,457.601,
16,accepted,1540.003,1545.505,
10,accepted,11807.027,11812.028,
7,accepted,1337.925,1342.426,
2,accepted,3237.508,3242.511,
27,accepted,4116.429,4120.929,
24,accepted,1488.036,1493.036,
24,accepted,163.785,168.787,
28,accepted,1514.620,1519.126,
17,accepted,2176.211,2180.807,
10,accepted,1240.528,1246.527,
28,accepted,333.077,337.076,
5,accepted,1783.105,1788.105,
5,accepted,45.961,49.967,
29,accepted,3008.617,3013.118,
21,accepted,12176.259,12181.259,
9,accepted,3461.995,3465.995,
26,accepted,7911.054,7915.554,
20,accepted,3062.978,3067.478,
26,accepted,90.375,118.898,
25,accepted,6977.266,6981.766,
16,accepted,2402.416,2406.916,
0,accepted,7541.936,7545.935,
12,accepted,8376.769,8381.769,
0,accepted,256.759,299.908,
4,accepted,5104.611,5117.119,
3,accepted,3577.448,3589.449,
17,accepted,1817.250,1829.751,
26,accepted,759.851,772.351,
14,accepted,4648.408,4659.912,
31,accepted,4939.477,4951.476,
6,accepted,7353.407,7366.411,
10,accepted,2081.789,2094.791,
19,accepted,5378.272,5391.363,
22,accepted,4550.675,4563.173,
6,accepted,419.678,436.180,
16,accepted,1295.754,1306.983,
29,accepted,1879.134,1891.632,
27,accepted,3173.378,3186.379,
1,accepted,5286.761,5300.264,
25,accepted,1645.699,1658.701,
23,accepted,8669.966,8682.467,
5,accepted,2341.544,2354.542,
28,accepted,2894.544,2906.545,
29,accepted,487.638,505.139,
25,accepted,282.931,300.433,
16,accepted,637.747,655.247,
4,accepted,1692.845,1711.534,
2,accepted,4068.162,4081.162,
14,accepted,1423.144,1439.141,
18,accepted,5207.582,5220.083,
11,accepted,6857.776,6870.276,
0,accepted,2178.657,2189.658,
26,accepted,1872.851,1890.048,
11,accepted,34.114,50.294,
6,accepted,1215.697,1238.105,
15,accepted,6244.301,6256.320,
7,accepted,4732.543,4743.043,
25,accepted,920.437,937.936,
28,accepted,1075.350,1093.852,
7,accepted,278.917,297.417,
5,accepted,1197.880,1213.380,
6,accepted,654.285,673.300,
21,accepted,3651.799,3664.296,
7,accepted,413.365,429.697,
23,accepted,1765.567,1783.556,
8,accepted,9431.075,9443.575,
23,accepted,347.134,365.663,
6,accepted,557.233,572.734,
16,accepted,1909.275,1927.298,
10,accepted,3153.419,3162.419,
23,accepted,541.173,550.678,
7,accepted,982.831,992.330,
7,accepted,9.501,14.019,
6,accepted,888.629,921.629,
0,accepted,2216.852,2225.457,
29,accepted,2843.416,2852.416,
13,accepted,8140.675,8145.173,
6,accepted,72.245,77.246,
13,accepted,100.506,106.006,
19,accepted,3771.836,3780.337,
7,accepted,671.252,675.746,
9,accepted,5660.165,5665.166,
11,accepted,2888.513,2903.038,
4,accepted,3342.076,3351.576,
12,accepted,5300.939,5305.939,
1,accepted,4081.758,4090.256,
2,accepted,3391.149,3399.648,
18,accepted,3301.988,3311.488,
5,accepted,2776.497,2785.498,
31,accepted,5044.603,5053.604,
0,accepted,1124.070,1128.070,
21,accepted,2605.431,2614.432,
24,accepted,7623.056,7628.054,
5,accepted,390.676,394.181,
2,accepted,748.526,753.526,
23,accepted,2089.498,2094.998,
22,accepted,5471.484,5506.485,
2,accepted,456.824,462.325,
21,accepted,1034.629,1039.128,
14,accepted,4841.244,4881.367,
18,accepted,1407.984,1413.484,
16,accepted,3306.546,3315.547,
24,accepted,1310.211,1315.707,
24,accepted,27.499,32.999,
14,accepted,447.262,452.260,
0,accepted,1684.166,1688.168,
8,accepted,3893.472,3903.323,
31,accepted,1749.246,1753.752,
6,accepted,3130.306,3135.306,
17,accepted,7385.666,7416.751,
18,accepted,848.564,853.062,
21,accepted,1264.035,1269.034,
4,accepted,2657.046,2661.548,
30,accepted,11415.819,11420.820,
24,accepted,874.362,879.866,
12,accepted,2858.911,2863.411,
21,accepted,282.699,286.698,
14,accepted,941.195,946.195,
2,accepted,1755.495,1760.495,
18,accepted,572.523,577.028,
9,accepted,3190.006,3195.143,
26,accepted,6112.881,6121.516,
27,accepted,7255.897,7265.396,
13,accepted,3925.316,3930.318,
12,accepted,476.476,481.977,
19,accepted,4002.202,4007.203,
21,accepted,502.557,508.058,
2,accepted,402.384,406.887,
27,accepted,311.648,316.649,
27,accepted,26.020,30.522,
25,accepted,6249.996,6259.997,
6,accepted,1517.515,1523.047,
27,accepted,466.374,471.374,
21,accepted,547.457,553.466,
17,accepted,1591.927,1596.425,
14,accepted,1082.049,1087.071,
19,accepted,690.094,695.093,
19,accepted,197.769,202.768,
31,accepted,2406.103,2411.612,
12,accepted,1577.834,1583.333,
12,accepted,114.898,120.397,
3,accepted,10295.464,10304.462,
25,accepted,1738.143,1742.248,
3,accepted,222.312,227.313,
11,accepted,5799.596,5804.095,
7,accepted,6529.274,6535.273,
28,accepted,8769.881,8778.880,
20,accepted,11847.925,11851.926,
24,accepted,3370.342,3374.844,
5,accepted,5853.305,5858.822,
14,accepted,2450.323,2454.825,
29,accepted,7340.826,7345.325,
26,accepted,3427.483,3432.982,
5,accepted,139.128,144.415,
21,accepted,2709.000,2713.503,
27,accepted,2745.606,2750.105,
7,accepted,741.783,746.785,
0,accepted,4853.134,4857.633,
3,accepted,1339.288,1344.289,
5,accepted,318.932,323.940,
28,accepted,826.995,832.494,
17,accepted,3169.032,3174.037,
20,accepted,1261.497,1267.498,
25,accepted,2178.175,2183.027,
21,accepted,1102.095,1107.095,
15,accepted,11135.312,11144.312,
12,accepted,3397.451,3402.950,
0,accepted,1752.721,1757.719,
2,accepted,5362.282,5367.280,
27,accepted,2111.276,2116.776,
5,accepted,1889.879,1894.880,
6,accepted,5048.583,5053.588,
8,accepted,7651.008,7657.009,
21,accepted,1964.273,1969.773,
16,accepted,8184.748,8189.747,
6,accepted,1099.904,1105.403,
4,accepted,7722.231,7727.232,
13,accepted,7129.897,7135.395,
0,accepted,1841.880,1846.871,
28,accepted,3511.568,3516.070,
0,accepted,226.448,230.948,
2,accepted,1909.638,1914.638,
15,accepted,2726.282,2731.306,
31,accepted,6555.533,6560.986,
5,accepted,2201.199,2206.696,
25,accepted,3547.023,3552.173,
2,accepted,365.695,370.194,
17,accepted,4041.180,4046.172,
13,accepted,1383.027,1388.530,
31,accepted,774.030,778.574,
28,accepted,1375.733,1380.235,
24,accepted,5774.527,5779.027,
12,accepted,3567.044,3571.545,
29,accepted,5535.310,5540.314,
27,accepted,3692.358,3697.357,
16,accepted,2681.828,2686.828,
14,accepted,6144.179,6149.180,
23,accepted,11793.510,11798.010,
6,accepted,2626.966,2630.967,
18,accepted,9816.598,9822.624,
10,accepted,14299.501,14305.001,
6,accepted,495.898,500.899,
23,accepted,631.825,637.325,
11,accepted,8071.074,8076.096,
2,accepted,2717.983,2722.983,
3,accepted,7070.388,7074.887,
10,accepted,1163.275,1168.774,
31,accepted,2452.124,2456.624,
2,accepted,1158.671,1163.672,
7,accepted,8248.338,8254.336,
16,accepted,2587.322,2592.376,
20,accepted,7944.492,7949.493,
23,accepted,2221.348,2226.847,
22,accepted,14454.329,14459.828,
25,accepted,4556.721,4561.245,
29,accepted,3581.990,3586.991,
5,accepted,4632.663,4637.164,
3,accepted,1754.875,1759.874,
18,accepted,2958.724,2964.225,
2,accepted,892.197,896.696,
2,accepted,67.496,72.998,
5,accepted,357.513,362.897,
21,accepted,6792.656,6797.155,
1,accepted,16640.259,16646.260,
6,accepted,3594.155,3599.154,
9,accepted,13967.362,13972.867,
8,accepted,7632.591,7637.592,
4,accepted,6986.016,6991.516,
27,accepted,4881.880,4886.681,
9,accepted,416.788,421.788,
3,accepted,1806.902,1812.904,
30,accepted,14799.070,14804.069,
12,accepted,5735.178,5740.676,
1,accepted,1634.216,1639.714,
17,accepted,7218.079,7223.076,
23,accepted,3103.461,3108.457,
16,accepted,3604.188,3608.770,
27,accepted,1361.116,1366.117,
24,accepted,6834.958,6840.458,
12,accepted,1114.841,1119.840,
18,accepted,3072.860,3077.862,
7,accepted,4171.544,4178.045,
1,accepted,970.912,975.911,
8,accepted,2108.859,2114.361,
6,accepted,2724.443,2728.944,
17,accepted,1117.798,1122.293,
25,accepted,4190.953,4195.954,
12,accepted,949.885,954.386,
17,accepted,844.960,849.961,
16,accepted,1746.458,1751.960,
4,accepted,3176.249,3181.248,
0,accepted,9864.822,9870.368,
27,accepted,1875.730,1880.729,
5,accepted,4620.628,4625.629,
10,accepted,6843.380,6849.378,
29,accepted,5557.006,5562.505,
30,accepted,3725.704,3730.203,
23,accepted,2760.023,2765.032,
17,accepted,1020.198,1024.836,
19,accepted,17247.618,17252.618,
26,accepted,15123.204,15127.704,
9,accepted,4339.348,4344.361,
29,accepted,586.220,591.221,
1,accepted,2594.122,2599.122,
8,accepted,2804.639,2809.637,
24,accepted,3475.336,3479.835,
9,accepted,720.455,725.955,
3,accepted,5090.426,5095.746,
2,accepted,6951.061,6956.062,
26,accepted,1257.792,1262.794,
2,accepted,55.810,60.309,
16,accepted,2703.666,2709.166,
20,accepted,7852.860,7857.360,
27,accepted,2599.244,2603.745,
21,accepted,7092.214,7097.550,
22,accepted,8240.751,8245.250,
27,accepted,945.574,950.259,
30,accepted,3083.444,3088.943,
2,accepted,1392.355,1396.856,
11,accepted,10588.769,10593.272,
14,accepted,11904.355,11909.716,
3,accepted,2155.754,2161.252,
3,accepted,46.521,51.523,
21,accepted,1200.453,1205.198,
20,accepted,1805.372,1809.872,
14,accepted,553.037,558.036,
11,accepted,1107.639,1113.141,
27,accepted,1367.328,1371.828,
21,accepted,864.404,869.903,
7,accepted,6544.889,6550.389,
14,accepted,738.922,743.923,
19,accepted,4549.249,4554.249,
10,accepted,5170.224,5175.224,
3,accepted,1307.996,1313.645,
9,accepted,3851.382,3856.382,
12,accepted,6586.754,6591.754,
24,accepted,4149.691,4154.109,
23,accepted,5040.233,5045.731,
24,accepted,181.203,185.285,
19,accepted,691.391,696.889,
14,accepted,1155.303,1160.809,
7,accepted,1302.530,1307.029,
17,accepted,5781.865,5786.370,
8,accepted,5167.811,5173.818,
22,accepted,3745.679,3750.679,
23,accepted,1172.255,1177.456,
23,accepted,52.167,56.664,
12,accepted,1552.906,1557.902,
10,accepted,2244.863,2250.364,
23,accepted,856.224,861.224,
26,accepted,5632.972,5637.971,
0,accepted,8047.871,8052.370,
28,accepted,16921.345,16925.844,
3,accepted,2716.344,2720.856,
7,accepted,1898.792,1904.293,
17,accepted,1834.470,1839.495,
6,accepted,9606.174,9611.174,
1,accepted,7404.915,7410.414,
14,accepted,2295.638,2300.136,
27,accepted,3789.671,3795.171,
21,accepted,3708.175,3713.674,
0,accepted,923.192,927.690,
4,accepted,9064.368,9069.870,
3,accepted,753.040,758.542,
2,accepted,5272.787,5277.787,
14,accepted,399.464,404.463,
6,accepted,707.279,712.780,
22,accepted,2305.850,2310.849,
23,accepted,1377.094,1381.724,
10,accepted,1642.456,1647.956,
2,accepted,413.567,417.566,
17,accepted,1077.925,1082.928,
30,accepted,5867.656,5872.655,
2,accepted,311.868,317.368,
11,accepted,5457.388,5462.388,
10,accepted,1552.786,1557.787,
0,accepted,2410.873,2416.372,
14,accepted,2417.410,2421.910,
6,accepted,2378.175,2382.687,
4,accepted,2799.441,2804.440,
23,accepted,2875.776,2881.276,
3,accepted,3202.329,3221.696,
18,accepted,13967.504,13972.004,
14,accepted,864.957,870.477,
31,accepted,18908.711,18914.212,
21,accepted,3743.022,3747.523,
19,accepted,6490.050,6494.051,
9,accepted,7085.541,7090.542,
10,accepted,2140.143,2144.836,
19,accepted,544.104,549.103,
26,accepted,5387.037,5392.037,
12,accepted,6007.475,6012.477,
16,accepted,10822.939,10827.437,
12,accepted,35.001,39.003,
0,accepted,2115.905,2120.406,
1,accepted,4863.330,4867.860,
23,accepted,1385.194,1390.194,
29,accepted,12506.909,12511.907,
2,accepted,4022.641,4027.640,
26,accepted,831.099,836.098,
6,accepted,2607.745,2613.250,
10,accepted,1219.475,1223.976,
30,accepted,4758.293,4763.294,
28,accepted,6350.012,6354.014,
29,accepted,828.794,833.294,
2,accepted,766.517,771.019,
28,accepted,49.008,54.006,
24,accepted,8621.120,8626.128,
2,accepted,281.993,321.947,
30,accepted,580.659,585.160,
26,accepted,872.208,877.271,
28,accepted,638.840,643.341,
6,accepted,1267.948,1272.949,
22,accepted,6350.006,6354.507,
0,accepted,2224.441,2229.442,
13,accepted,24617.817,24622.817,
5,accepted,15873.361,15878.313,
16,accepted,2514.633,2519.634,
25,accepted,16938.374,16943.371,
18,accepted,4073.486,4078.984,
10,accepted,2251.327,2255.827,
12,accepted,3159.621,3163.621,
9,accepted,3763.934,3768.933,
19,accepted,3574.735,3579.734,
11,accepted,6572.542,6577.545,
22,accepted,1302.396,1307.898,
24,accepted,2598.841,2603.348,
14,accepted,4933.655,4939.157,
19,accepted,836.878,841.974,
4,accepted,5904.303,5909.303,
11,accepted,845.438,851.202,
3,accepted,5548.320,5553.320,
11,accepted,135.855,140.355,
14,accepted,758.128,764.129,
31,accepted,6299.343,6304.843,
8,accepted,12130.743,12135.745,
8,accepted,118.345,123.845,
8,accepted,215.351,220.349,
21,accepted,7048.261,7054.260,
27,accepted,10882.520,10887.521,
15,accepted,29392.176,29397.707,
13,accepted,3920.024,3924.522,
29,accepted,5188.002,5193.001,
9,accepted,3134.247,3139.245,
29,accepted,132.896,138.999,
19,accepted,2660.046,2665.548,
9,accepted,597.797,603.297,
13,accepted,882.229,886.730,
24,accepted,3518.692,3523.691,
31,accepted,2121.151,2126.152,
28,accepted,5831.323,5836.824,
29,accepted,1387.422,1391.967,
20,accepted,17210.402,17215.402,
27,accepted,2154.959,2160.299,
14,accepted,3721.213,3724.711,
31,accepted,981.125,986.625,
13,accepted,1378.895,1383.463,
5,accepted,6224.064,6229.565,
17,accepted,12692.359,12699.027,
26,accepted,7336.816,7341.815,
7,accepted,14098.575,14103.575,
16,accepted,6521.072,6525.071,
22,accepted,5846.678,5851.178,
8,accepted,3488.079,3493.079,
27,accepted,1158.963,1163.464,
3,accepted,5347.297,5352.300,
1,accepted,9774.167,9779.676,
7,accepted,933.718,938.215,
3,accepted,276.842,281.342,
1,accepted,164.846,169.848,
31,accepted,2008.048,2013.049,
28,accepted,3013.121,3018.123,
31,accepted,232.402,236.900,
13,accepted,2240.872,2245.872,
7,accepted,942.295,946.795,
3,accepted,1042.961,1048.469,
17,accepted,2318.686,2323.685,
15,accepted,4899.689,4905.190,
25,accepted,8455.334,8460.334,
7,accepted,458.261,463.761,
27,accepted,1882.452,1887.451,
29,accepted,3753.333,3758.840,
5,accepted,2928.952,2933.952,
9,accepted,4713.774,4718.773,
31,accepted,905.141,910.142,
1,accepted,1736.286,1740.785,
23,accepted,11655.260,11659.760,
19,accepted,5285.199,5290.199,
30,accepted,10659.590,10665.091,
22,accepted,2898.301,2903.303,
10,accepted,9092.436,9096.435,
27,accepted,1166.637,1171.705,
19,accepted,999.747,1005.247,
1,accepted,1548.500,1553.604,
23,accepted,1681.970,1687.470,
17,accepted,2482.373,2487.376,
15,accepted,2529.976,2534.475,
5,accepted,2009.862,2014.362,
15,accepted,350.281,355.426,
12,accepted,10980.277,10985.781,
1,accepted,1068.700,1073.699,
17,accepted,1273.905,1279.401,
16,accepted,5972.314,5976.850,
8,accepted,5936.649,5941.660,
28,accepted,4763.021,4768.104,
14,accepted,7356.529,7361.030,
14,accepted,195.290,201.527,
13,accepted,5198.571,5203.131,
3,accepted,5048.016,5053.014,
10,accepted,4679.474,4684.975,
30,accepted,4945.883,4949.884,
0,accepted,14953.254,14957.757,
12,accepted,3398.541,3404.043,
7,accepted,6201.970,6206.971,
2,accepted,16397.951,16402.450,
11,accepted,13432.900,13438.400,
12,accepted,386.356,391.855,
21,accepted,12005.091,12010.302,
1,accepted,4495.613,4500.624,
16,accepted,3935.324,3940.340,
10,accepted,2344.295,2349.796,
17,accepted,4400.025,4405.258,
13,accepted,3374.351,3378.974,
0,accepted,2286.209,2290.709,
11,accepted,1738.697,1743.697,
9,accepted,7996.090,8001.090,
10,accepted,445.697,450.697,
29,accepted,8152.729,8158.228,
23,accepted,6646.295,6651.296,
16,accepted,1246.319,1251.319,
31,accepted,8560.530,8565.529,
14,accepted,4348.078,4352.578,
18,accepted,17866.301,17871.801,
28,accepted,5443.747,5448.748,
9,accepted,1289.681,1294.681,
6,accepted,19050.115,19055.115,
0,accepted,1609.985,1614.986,
27,accepted,8635.551,8640.051,
27,accepted,110.725,115.226,
11,accepted,1949.005,1954.006,
8,accepted,6386.700,6392.199,
11,accepted,96.072,101.073,
14,accepted,1717.212,1722.397,
16,accepted,2091.044,2096.044,
4,accepted,18008.252,18012.753,
9,accepted,1408.165,1413.164,
17,accepted,3107.204,3112.204,
31,accepted,2369.993,2374.995,
7,accepted,5484.304,5489.805,
31,accepted,678.379,683.380,
24,accepted,16205.753,16210.753,
13,accepted,4230.787,4235.287,
9,accepted,1626.033,1631.099,
14,accepted,2415.374,2419.880,
6,accepted,3900.528,3906.028,
16,accepted,2979.957,2984.959,
13,accepted,1723.992,1728.491,
12,accepted,7545.516,7550.517,
29,accepted,5971.694,5977.695,
11,accepted,4047.644,4052.144,
6,accepted,784.752,789.750,
23,accepted,5694.782,5700.283,
6,accepted,67.518,72.018,
25,accepted,14863.419,14868.918,
6,accepted,552.980,558.335,
21,accepted,8722.183,8727.679,
3,accepted,10858.340,10863.337,
24,accepted,3415.512,3420.511,
28,accepted,6104.881,6109.879,
7,accepted,4274.817,4280.318,
28,accepted,399.133,403.633,
15,accepted,14172.718,14178.720,
1,accepted,9290.772,9295.272,
19,accepted,15068.083,15072.087,
6,accepted,2085.266,2090.918,
29,accepted,3003.140,3008.036,
9,accepted,4792.306,4797.306,
15,accepted,664.585,669.588,
1,accepted,962.418,967.420,
5,accepted,15549.394,15586.068,
4,accepted,7240.098,7276.622,
26,accepted,20632.207,20637.235,
11,accepted,3970.730,3975.229,
30,accepted,12748.294,12752.794,
30,accepted,203.119,208.142,
18,accepted,9370.223,9375.245,
31,accepted,7101.175,7106.673,
19,accepted,2207.603,2212.102,
1,accepted,1295.396,1300.399,
25,accepted,4504.585,4509.091,
4,accepted,1029.063,1035.065,
27,accepted,9352.033,9358.205,
6,accepted,2217.724,2223.222,
11,accepted,1333.379,1338.378,
12,accepted,5746.024,5752.031,
16,accepted,5982.243,5986.743,
29,accepted,3056.288,3061.411,
9,accepted,3025.407,3030.408,
11,accepted,794.837,799.837,
11,accepted,255.268,261.269,
29,accepted,335.835,340.850,
6,accepted,1662.676,1667.787,
31,accepted,2042.708,2048.207,
16,accepted,1387.485,1393.072,
16,accepted,21.358,26.858,
0,accepted,11649.647,11683.778,
16,accepted,146.180,150.208,
7,accepted,5537.693,5543.193,
19,accepted,2482.757,2487.257,
5,accepted,3709.625,3714.626,
12,accepted,2070.152,2075.653,
31,accepted,880.138,885.639,
4,accepted,2777.185,2782.187,
22,accepted,21198.091,21202.590,
24,accepted,6462.899,6467.398,
29,accepted,1389.737,1394.745,
4,accepted,387.265,392.264,
25,accepted,3276.989,3281.991,
2,accepted,15993.918,15998.417,
31,accepted,503.047,509.048,
23,accepted,8193.154,8197.654,
27,accepted,3444.533,3449.034,
0,accepted,1362.327,1366.825,
30,accepted,4109.645,4115.144,
2,accepted,491.320,496.321,
30,accepted,207.015,212.040,
25,accepted,727.784,732.789,
20,accepted,26479.078,26484.077,
5,accepted,1897.659,1903.158,
27,accepted,902.925,908.428,
20,accepted,451.365,456.364,
31,accepted,1383.134,1388.140,
4,accepted,1492.423,1496.921,
10,accepted,15571.801,15577.301,
16,accepted,2662.233,2667.732,
4,accepted,326.247,331.247,
26,accepted,6056.773,6061.769,
14,accepted,11246.124,11251.632,
4,accepted,107.795,113.388,
17,accepted,13384.579,13389.579,
9,accepted,4044.683,4049.182,
13,accepted,10766.132,10771.131,
0,accepted,2073.102,2077.601,
2,accepted,1984.450,1989.950,
11,accepted,4268.563,4273.563,
28,accepted,9089.963,9095.464,
3,accepted,9656.266,9661.275,
19,accepted,3684.476,3689.476,
20,accepted,1514.540,1519.040,
14,accepted,1317.230,1322.229,
29,accepted,3690.334,3695.361,
0,accepted,1090.231,1094.774,
23,accepted,3461.091,3466.590,
6,accepted,5358.579,5364.079,
4,accepted,2086.834,2092.573,
26,accepted,2142.843,2147.842,
25,accepted,3543.440,3548.941,
9,accepted,2272.281,2277.781,
25,accepted,232.017,237.024,
7,accepted,5708.062,5714.061,
2,accepted,2292.013,2296.516,
1,accepted,8230.506,8236.003,
10,accepted,3478.430,3482.929,
2,accepted,161.430,165.429,
23,accepted,1275.724,1280.260,
31,accepted,3754.393,3759.394,
30,accepted,4706.364,4711.865,
17,accepted,3339.070,3343.570,
2,accepted,477.314,503.007,
30,accepted,160.414,164.943,
27,accepted,4708.864,4714.363,
9,accepted,1777.040,1782.042,
28,accepted,3774.436,3779.936,
2,accepted,1096.484,1101.486,
24,accepted,7237.780,7273.965,
20,accepted,4085.614,4090.615,
12,accepted,7662.042,7667.044,
3,accepted,4510.084,4515.584,
11,accepted,4745.508,4750.042,
15,accepted,12384.490,12389.489,
8,accepted,19672.191,19677.192,
11,accepted,289.003,293.507,
7,accepted,3151.739,3156.740,
5,accepted,6920.508,6925.510,
12,accepted,1001.260,1006.890,
22,accepted,8591.382,8595.882,
4,accepted,4258.558,4263.059,
9,accepted,2181.705,2186.706,
12,accepted,316.269,321.268,
13,accepted,6246.142,6251.642,
28,accepted,2240.367,2245.869,
0,accepted,5449.521,5455.022,
9,accepted,668.564,673.564,
4,accepted,865.666,871.165,
26,accepted,5129.224,5133.724,
2,accepted,2629.014,2633.515,
30,accepted,4097.925,4102.927,
14,accepted,6554.024,6559.524,
8,accepted,2226.314,2230.312,
31,accepted,4636.072,4641.072,
26,accepted,730.036,734.534,
21,accepted,16756.044,16760.551,
26,accepted,68.161,72.162,
13,accepted,1561.812,1566.812,
30,accepted,567.797,572.797,
4,accepted,1494.260,1498.795,
20,accepted,4079.576,4085.074,
13,accepted,908.474,912.972,
7,accepted,3484.740,3489.744,
31,accepted,2071.323,2076.823,
16,accepted,10405.047,10410.047,
26,accepted,2188.674,2193.673,
2,accepted,3059.940,3064.440,
17,accepted,7044.406,7049.905,
10,accepted,7600.494,7605.495,
19,accepted,9974.316,9979.817,
29,accepted,9424.069,9429.068,
1,accepted,8022.524,8027.024,
27,accepted,7321.580,7327.079,
30,accepted,3695.490,3700.990,
6,accepted,9886.262,9890.260,
25,accepted,9571.095,9575.595,
22,accepted,5912.115,5917.116,
6,accepted,605.755,610.254,
23,accepted,9570.339,9575.348,
13,accepted,3554.422,3558.926,
20,accepted,3629.021,3634.021,
16,accepted,2575.648,2580.148,
25,accepted,982.026,987.525,
25,accepted,42.102,47.102,
2,accepted,3050.980,3055.329,
13,accepted,741.629,746.128,
5,accepted,8034.637,8040.137,
29,accepted,3365.126,3370.126,
29,accepted,3.001,7.000,
15,accepted,8904.309,8908.311,
17,accepted,4032.741,4037.740,
25,accepted,1313.850,1318.027,
19,accepted,3666.204,3670.204,
23,accepted,1925.294,1930.294,
22,accepted,2507.286,2511.786,
24,accepted,9914.776,9919.275,
2,accepted,1547.405,1551.932,
16,accepted,2300.364,2305.395,
17,accepted,595.481,599.980,
25,accepted,782.385,786.888,
11,accepted,9701.321,9705.821,
31,accepted,5620.716,5625.716,
2,accepted,714.366,718.863,
21,accepted,8207.978,8212.977,
5,accepted,2108.252,2112.753,
1,accepted,5207.256,5211.756,
24,accepted,1566.255,1571.255,
22,accepted,2445.758,2451.259,
5,accepted,959.926,964.426,
8,accepted,9595.080,9600.080,
31,accepted,1893.037,1897.537,
11,accepted,2341.704,2346.206,
0,accepted,10769.846,10774.848,
8,accepted,736.768,742.268,
27,accepted,7194.969,7200.468,
27,accepted,67.476,71.978,
15,accepted,4429.601,4435.102,
4,accepted,10389.348,10395.578,
2,accepted,3517.131,3522.675,
28,accepted,12550.273,12556.176,
10,accepted,8799.944,8804.944,
18,accepted,25106.316,25110.320,
7,accepted,10075.859,10081.865,
29,accepted,5678.597,5683.597,
17,accepted,4947.661,4952.663,
0,accepted,2418.090,2423.088,
13,accepted,6869.057,6873.557,
9,accepted,13661.512,13666.014,
18,accepted,1408.287,1413.316,
15,accepted,2126.449,2130.948,
11,accepted,3245.291,3250.791,
23,accepted,6562.090,6567.098,
14,accepted,13550.104,13555.106,
13,accepted,1158.988,1163.989,
22,accepted,4291.420,4296.426,
14,accepted,90.067,94.566,
11,accepted,467.526,472.161,
25,accepted,6167.831,6172.332,
10,accepted,2108.068,2113.569,
5,accepted,4474.631,4479.632,
6,accepted,9149.767,9154.768,
13,accepted,261.620,266.646,
21,accepted,5565.538,5570.169,
24,accepted,5386.228,5391.229,
4,accepted,2834.414,2839.415,
16,accepted,6972.907,6977.912,
5,accepted,432.531,437.030,
19,accepted,7543.785,7578.812,
23,accepted,1021.996,1026.996,
3,accepted,16883.903,16889.403,
27,accepted,3706.825,3711.325,
11,accepted,967.250,971.759,
27,accepted,136.825,142.324,
31,accepted,5495.339,5500.839,
21,accepted,1373.743,1378.242,
11,accepted,749.535,754.035,
17,accepted,3295.216,3300.216,
21,accepted,307.786,312.784,
14,accepted,2137.759,2142.760,
19,accepted,1982.091,1987.091,
3,accepted,2092.343,2097.345,
25,accepted,2963.939,2968.442,
21,accepted,1089.386,1094.885,
30,accepted,12635.861,12641.362,
22,accepted,3109.822,3114.316,
3,accepted,226.083,230.584,
17,accepted,1303.398,1308.903,
22,accepted,89.633,104.634,
3,accepted,221.569,225.569,
20,accepted,12154.012,12159.014,
17,accepted,473.875,478.875,
8,accepted,7180.454,7185.454,
13,accepted,3738.383,3742.890,
27,accepted,3118.675,3123.673,
24,accepted,3904.122,3909.153,
17,accepted,635.829,640.772,
27,accepted,186.609,192.108,
21,accepted,1372.523,1377.023,
7,accepted,6299.694,6304.194,
28,accepted,6637.470,6642.567,
5,accepted,3885.774,3890.780,
26,accepted,15766.505,15771.013,
7,accepted,755.665,760.166,
18,accepted,5845.824,5851.328,
4,accepted,5007.280,5012.283,
9,accepted,6285.494,6290.998,
27,accepted,1503.827,1508.828,
8,accepted,2346.084,2351.586,
30,accepted,3158.737,3162.736,
6,accepted,6117.997,6122.495,
2,accepted,8862.092,8867.593,
17,accepted,2424.242,2429.299,
16,accepted,6583.326,6589.333,
23,accepted,6508.607,6513.606,
25,accepted,4581.806,4587.818,
2,accepted,1258.491,1262.990,
24,accepted,3687.381,3692.385,
17,accepted,1437.207,1442.710,
10,accepted,8139.675,8144.721,
9,accepted,2992.266,2997.264,
20,accepted,5200.538,5205.570,
14,accepted,6852.580,6857.580,
1,accepted,14253.687,14257.187,
13,accepted,5089.061,5094.064,
31,accepted,7624.845,7630.347,
21,accepted,4917.858,4922.358,
16,accepted,2246.058,2250.559,
5,accepted,4890.093,4894.594,
0,accepted,10737.718,10742.717,
18,accepted,4260.031,4264.531,
28,accepted,5466.761,5471.760,
14,accepted,1344.324,1349.325,
25,accepted,2823.972,2828.470,
25,accepted,168.079,172.586,
10,accepted,2372.392,2377.591,
26,accepted,6401.765,6406.765,
29,accepted,12426.367,12430.707,
9,accepted,2440.407,2445.407,
28,accepted,1381.223,1387.224,
27,accepted,5732.329,5737.958,
25,accepted,1375.542,1380.541,
0,accepted,2581.183,2586.182,
20,accepted,3827.591,3832.656,
7,accepted,7333.940,7339.440,
27,accepted,984.779,989.279,
31,accepted,3573.728,3578.859,
24,accepted,4914.655,4919.654,
10,accepted,2817.103,2822.103,
10,accepted,21.513,26.513,
3,accepted,10436.231,10441.123,
12,accepted,28836.352,28841.854,
10,accepted,509.716,514.393,
23,accepted,6983.880,6988.880,
6,accepted,7891.137,7896.137,
29,accepted,3406.854,3412.353,
19,accepted,11761.419,11766.918,
18,accepted,5040.606,5045.606,
4,accepted,9218.867,9223.522,
16,accepted,5352.347,5357.348,
17,accepted,6637.107,6641.638,
23,accepted,944.909,950.409,
20,accepted,2721.422,2726.915,
25,accepted,3345.174,3350.177,
28,accepted,4380.389,4385.390,
12,accepted,1828.707,1833.209,
22,accepted,12891.718,12896.718,
26,accepted,5359.553,5364.054,
4,accepted,1670.842,1676.341,
29,accepted,2381.023,2386.022,
25,accepted,1511.450,1516.451,
3,accepted,3111.860,3116.967,
3,accepted,148.278,152.779,
3,accepted,52.007,56.506,
0,accepted,5119.975,5125.475,
24,accepted,4529.653,4534.155,
18,accepted,2920.810,2926.311,
15,accepted,18463.624,18469.125,
27,accepted,5642.376,5648.384,
2,accepted,10426.390,10432.158,
13,accepted,9204.536,9208.537,
14,accepted,8025.568,8030.566,
2,accepted,210.244,215.247,
5,accepted,9326.627,9331.127,
0,accepted,1573.100,1577.600,
1,accepted,10176.896,10182.395,
7,accepted,6670.873,6675.372,
23,accepted,4285.099,4289.600,
4,accepted,3094.558,3100.060,
8,accepted,13266.487,13271.485,
4,accepted,112.869,117.366,
18,accepted,2421.344,2426.343,
19,accepted,5608.418,5613.420,
11,accepted,18631.232,18636.731,
3,accepted,3392.476,3396.976,
0,accepted,2099.095,2104.594,
3,accepted,691.086,696.587,
31,accepted,8737.511,8743.511,
16,accepted,6930.270,6935.268,
13,accepted,3675.572,3680.573,
10,accepted,8139.241,8144.444,
7,accepted,2927.187,2932.188,
0,accepted,1365.772,1370.662,
26,accepted,6252.856,6258.357,
2,accepted,4371.951,4376.946,
1,accepted,3735.600,3740.600,
20,accepted,7737.765,7742.765,
5,accepted,4382.588,4387.090,
10,accepted,1009.909,1014.413,
23,accepted,3730.343,3734.845,
15,accepted,5221.817,5226.817,
7,accepted,1120.012,1125.010,
11,accepted,2887.260,2891.760,
0,accepted,1229.709,1234.768,
24,accepted,6154.608,6160.106,
9,accepted,12630.942,12635.942,
28,accepted,8175.547,8180.554,
13,accepted,1963.006,1968.004,
6,accepted,10206.542,10211.717,
19,accepted,4518.261,4522.761,
17,accepted,10718.922,10724.419,
15,accepted,2458.906,2463.407,
2,accepted,2913.664,2919.165,
21,accepted,16468.876,16473.875,
30,accepted,19695.328,19737.912,
29,accepted,9636.204,9641.203,
2,accepted,789.572,794.072,
30,accepted,730.937,736.437,
6,accepted,2279.577,2284.581,
21,accepted,952.455,957.455,
19,accepted,2714.936,2720.443,
13,accepted,3348.720,3353.222,
21,accepted,542.985,547.985,
29,accepted,964.606,969.106,
13,accepted,150.580,155.083,
24,accepted,3935.313,3940.638,
16,accepted,5842.297,5846.796,
9,accepted,4313.707,4318.708,
5,accepted,4903.833,4909.334,
23,accepted,4941.600,4945.602,
9,accepted,184.253,188.641,
11,accepted,5178.368,5184.564,
16,accepted,915.971,920.470,
2,accepted,1933.614,1938.111,
15,accepted,3610.900,3616.399,
8,accepted,10127.276,10132.277,
30,accepted,3426.774,3432.278,
29,accepted,3024.835,3029.336,
15,accepted,1201.949,1208.289,
4,accepted,11324.511,11330.011,
26,accepted,8428.256,8432.263,
6,accepted,4391.093,4395.589,
5,accepted,3362.222,3367.222,
16,accepted,3026.910,3032.482,
21,accepted,4288.339,4293.843,
23,accepted,3597.217,3602.216,
7,accepted,8596.991,8601.991,
5,accepted,491.820,497.318,
29,accepted,1583.965,1589.467,
19,accepted,4744.688,4749.271,
2,accepted,3512.799,3518.086,
19,accepted,316.920,322.418,
10,accepted,9369.241,9374.747,
22,accepted,16418.971,16423.970,
19,accepted,538.763,544.262,
9,accepted,4876.908,4881.907,
5,accepted,1165.747,1170.747,
17,accepted,7788.539,7793.537,
6,accepted,2422.535,2428.037,
10,accepted,1142.776,1147.276,
25,accepted,16871.219,16876.720,
26,accepted,3220.032,3226.041,
11,accepted,5962.584,5967.585,
0,accepted,10940.382,10945.380,
27,accepted,16282.460,16287.461,
11,accepted,108.970,113.971,
28,accepted,10645.906,10651.408,
21,accepted,2973.004,2978.691,
18,accepted,14922.941,14927.941,
23,accepted,3250.598,3255.598,
0,accepted,892.480,897.480,
4,accepted,4606.349,4611.348,
14,accepted,17356.318,17361.319,
9,accepted,3070.597,3075.597,
4,accepted,591.048,597.066,
10,accepted,2482.089,2487.086,
21,accepted,2115.384,2119.925,
13,accepted,9272.876,9277.375,
11,accepted,2240.363,2245.362,
2,accepted,4889.276,4894.277,
21,accepted,323.838,329.338,
15,accepted,6585.501,6589.582,
4,accepted,1273.905,1278.910,
24,accepted,9910.814,9915.016,
26,accepted,3267.926,3272.423,
18,accepted,2695.121,2700.122,
9,accepted,1640.803,1646.303,
19,accepted,4910.019,4915.018,
22,accepted,5455.777,5460.777,
10,accepted,1915.705,1920.207,
20,accepted,15238.215,15243.222,
7,accepted,6488.115,6494.115,
11,accepted,1641.775,1646.775,
22,accepted,705.984,711.986,
23,accepted,3942.940,3947.441,
12,accepted,23791.420,23796.421,
3,accepted,18526.281,18531.282,
4,accepted,2959.662,2964.664,
22,accepted,1719.325,1723.826,
0,accepted,5290.947,5297.074,
4,accepted,307.624,312.623,
27,accepted,6226.227,6231.227,
10,accepted,2856.130,2861.633,
2,accepted,4025.811,4031.311,
10,accepted,179.394,184.041,
7,accepted,2773.283,2778.217,
25,accepted,7479.485,7484.485,
11,accepted,2935.495,2940.994,
25,accepted,298.885,303.385,
31,accepted,20026.553,20031.552,
27,accepted,1050.323,1055.823,
24,accepted,4444.220,4449.778,
6,accepted,8396.917,8401.417,
17,accepted,8754.122,8759.623,
7,accepted,1409.197,1413.761,
16,accepted,11175.294,11180.794,
4,accepted,2084.994,2089.995,
31,accepted,1258.260,1263.261,
23,accepted,3910.828,3915.827,
10,accepted,2217.288,2221.788,
29,accepted,11483.982,11488.981,
22,accepted,3066.998,3071.498,
29,accepted,64.497,69.998,
18,accepted,6252.915,6258.416,
24,accepted,2012.952,2017.953,
7,accepted,1526.325,1531.824,
7,accepted,114.699,119.724,
28,accepted,9902.568,9907.386,
4,accepted,2249.065,2254.564,
7,accepted,966.222,971.225,
21,accepted,9188.518,9193.490,
25,accepted,4845.060,4850.059,
3,accepted,6788.305,6793.805,
24,accepted,3116.254,3121.256,
6,accepted,5145.642,5151.143,
16,accepted,4641.062,4646.063,
25,accepted,1076.115,1081.118,
0,accepted,7020.435,7025.935,
25,accepted,580.645,585.145,
15,accepted,11009.746,11014.746,
4,accepted,3336.564,3342.065,
23,accepted,5772.978,5778.479,
17,accepted,7097.684,7102.910,
15,accepted,1359.694,1365.194,
18,accepted,5780.966,5785.964,
27,accepted,7860.230,7865.228,
0,accepted,2271.528,2276.528,
27,accepted,364.865,369.368,
5,accepted,17278.442,17282.945,
0,accepted,802.644,807.150,
24,accepted,3747.691,3752.692,
23,accepted,2258.709,2263.709,
25,accepted,2925.772,2930.270,
21,accepted,4743.105,4748.635,
7,accepted,5911.569,5917.069,
0,accepted,445.596,451.134,
27,accepted,1251.968,1256.467,
19,accepted,13684.464,13689.464,
9,accepted,13765.891,13771.391,
15,accepted,2138.794,2143.799,
15,accepted,20.000,24.000,
13,accepted,15049.773,15055.776,
30,accepted,22128.086,22132.585,
15,accepted,694.337,699.930,
29,accepted,9142.631,9148.131,
4,accepted,4297.096,4301.989,
20,accepted,14591.012,14596.519,
13,accepted,1227.062,1232.060,
11,accepted,11679.578,11685.079,
27,accepted,1876.627,1882.127,
15,accepted,835.789,840.288,
19,accepted,1975.162,1980.163,
11,accepted,584.404,589.407,
9,accepted,2333.721,2337.719,
2,accepted,12902.615,12907.115,
20,accepted,1112.383,1117.282,
17,accepted,4696.970,4701.976,
2,accepted,17.504,22.005,
23,accepted,3030.110,3034.162,
26,accepted,16589.080,16594.085,
9,accepted,440.217,446.216,
7,accepted,3490.206,3495.206,
28,accepted,10148.023,10152.705,
9,accepted,553.754,558.254,
31,accepted,12139.070,12145.069,
1,accepted,32183.414,32187.415,
0,accepted,3955.485,3959.492,
22,accepted,11784.126,11789.627,
16,accepted,8168.814,8173.815,
14,accepted,19883.279,19888.278,
21,accepted,5000.968,5005.468,
17,accepted,2159.568,2171.568,
22,accepted,1000.289,1005.730,
7,accepted,2036.867,2042.867,
31,accepted,1954.238,1958.747,
0,accepted,2164.575,2170.681,
18,accepted,7747.257,7752.257,
29,accepted,4886.051,4891.051,
1,accepted,2501.150,2506.148,
24,accepted,7091.140,7095.993,
24,accepted,43.965,49.466,
20,accepted,4173.852,4177.961,
17,accepted,2013.513,2018.029,
31,accepted,1260.223,1266.222,
6,accepted,11158.991,11163.990,
24,accepted,355.081,360.082,
5,accepted,8148.148,8153.178,
2,accepted,4667.412,4672.418,
18,accepted,1290.662,1295.162,
16,accepted,4293.350,4298.874,
28,accepted,5340.867,5346.370,
20,accepted,2254.446,2259.946,
31,accepted,2157.609,2161.610,
6,accepted,2156.577,2162.080,
28,accepted,597.273,602.774,
23,accepted,6742.457,6748.256,
29,accepted,3305.967,3310.969,
21,accepted,4926.091,4930.591,
9,accepted,6113.489,6118.489,
23,accepted,338.736,344.240,
27,accepted,7886.917,7891.417,
15,accepted,8277.123,8281.623,
22,accepted,5483.861,5489.859,
12,accepted,22220.372,22225.371,
23,accepted,810.048,814.046,
1,accepted,4227.844,4232.846,
3,accepted,15670.681,15675.731,
12,accepted,479.074,514.637,
29,accepted,1516.268,1521.269,
2,accepted,3872.752,3877.817,
19,accepted,9455.829,9460.338,
10,accepted,19602.240,19606.798,
28,accepted,2503.609,2508.608,
6,accepted,2702.184,2706.684,
14,accepted,7583.870,7589.371,
6,accepted,195.404,200.815,
29,accepted,1012.832,1018.333,
0,accepted,6166.799,6171.898,
21,accepted,2623.826,2628.327,
10,accepted,832.166,837.665,
19,accepted,1070.478,1075.986,
7,accepted,7457.831,7462.829,
14,accepted,972.672,977.170,
21,accepted,839.398,844.398,
23,accepted,2670.022,2674.523,
29,accepted,1124.357,1128.860,
13,accepted,11553.222,11558.230,
2,accepted,2123.752,2128.252,
25,accepted,13652.140,13656.639,
21,accepted,600.158,605.658,
8,accepted,35674.309,35679.310,
11,accepted,11710.959,11714.962,
17,accepted,7470.253,7475.263,
29,accepted,1020.982,1026.502,
20,accepted,5246.555,5251.560,
31,accepted,5260.563,5265.070,
19,accepted,1774.552,1780.053,
8,accepted,490.395,495.395,
19,accepted,95.181,100.179,
15,accepted,4400.342,4404.341,
31,accepted,355.498,359.998,
20,accepted,436.057,441.056,
18,accepted,7449.705,7455.206,
12,accepted,3889.314,3894.314,
30,accepted,15099.966,15105.476,
5,accepted,9234.995,9239.994,
19,accepted,1933.791,1938.289,
10,accepted,4012.243,4016.744,
25,accepted,3266.690,3270.691,
16,accepted,8181.032,8186.534,
24,accepted,9748.571,9753.072,
9,accepted,7218.330,7223.700,
11,accepted,2963.246,2967.746,
31,accepted,2662.303,2667.803,
29,accepted,3740.940,3745.941,
30,accepted,2189.622,2194.618,
17,accepted,4215.785,4220.785,
1,accepted,8343.949,8348.947,
25,accepted,2453.847,2458.846,
12,accepted,4387.767,4392.765,
18,accepted,4520.532,4526.230,
16,accepted,2778.682,2783.274,
24,accepted,2724.173,2729.673,
1,accepted,787.788,793.788,
14,accepted,6841.774,6847.775,
11,accepted,2824.953,2830.452,
1,accepted,263.387,268.894,
17,accepted,1645.457,1651.005,
3,accepted,9351.054,9356.780,
3,accepted,101.417,106.418,
9,accepted,3575.181,3580.182,
23,accepted,7330.781,7335.784,
29,accepted,2511.047,2515.548,
27,accepted,10853.315,10857.814,
13,accepted,7433.532,7438.031,
1,accepted,927.418,932.918,
23,accepted,366.973,371.473,
22,accepted,10534.737,10539.237,
10,accepted,4498.630,4526.369,
12,accepted,1786.591,1791.092,
1,accepted,247.536,252.536,
19,accepted,4722.116,4726.615,
0,accepted,9318.638,9324.138,
13,accepted,887.403,892.404,
18,accepted,2315.262,2319.764,
8,accepted,7259.576,7265.076,
24,accepted,2408.858,2412.860,
29,accepted,1461.689,1509.160,
11,accepted,2412.841,2417.771,
27,accepted,1773.690,1778.690,
18,accepted,827.384,832.883,
6,accepted,10607.151,10612.239,
25,accepted,3704.198,3709.697,
13,accepted,1136.299,1141.297,
13,accepted,478.203,483.203,
17,accepted,3263.084,3268.005,
1,accepted,2263.378,2268.378,
4,accepted,22403.553,22408.163,
6,accepted,1127.564,1132.707,
31,accepted,6472.476,6476.988,
26,accepted,21090.352,21095.353,
24,accepted,1980.456,1986.453,
17,accepted,704.425,710.005,
12,accepted,3125.619,3130.119,
0,accepted,2715.788,2720.791,
28,accepted,13034.809,13040.316,
16,accepted,5400.961,5406.961,
8,accepted,3104.646,3109.682,
5,accepted,8656.073,8662.148,
23,accepted,4416.690,4421.968,
29,accepted,3358.150,3363.148,
15,accepted,11195.214,11200.715,
14,accepted,6244.562,6249.060,
13,accepted,2850.011,2855.011,
5,accepted,1267.124,1272.954,
25,accepted,3708.672,3713.775,
7,accepted,13720.487,13725.492,
5,accepted,175.068,179.740,
0,accepted,2345.018,2349.525,
19,accepted,5441.143,5446.143,
0,accepted,191.794,197.295,
22,accepted,5954.767,5959.767,
9,accepted,6770.567,6776.070,
28,accepted,2522.147,2528.148,
17,accepted,3245.794,3250.795,
2,accepted,14108.348,14112.847,
31,accepted,3898.690,3903.701,
4,accepted,3921.253,3926.260,
7,accepted,1238.409,1243.219,
25,accepted,1370.777,1375.278,
4,accepted,99.081,103.080,
31,accepted,129.827,134.919,
30,accepted,9618.926,9624.425,
18,accepted,5492.652,5498.254,
2,accepted,651.555,656.056,
17,accepted,767.370,772.375,
20,accepted,13417.408,13422.408,
3,accepted,7995.280,8000.549,
12,accepted,4168.020,4173.018,
4,accepted,718.986,723.986,
20,accepted,441.362,447.347,
6,accepted,5436.231,5441.731,
24,accepted,5365.201,5369.201,
24,accepted,13.497,17.707,
9,accepted,2028.189,2033.189,
12,accepted,1118.161,1123.662,
8,accepted,4763.532,4769.032,
22,accepted,2775.431,2780.432,
21,accepted,16075.612,16080.111,
11,accepted,7638.814,7643.384,
4,accepted,1449.871,1454.871,
19,accepted,3365.382,3370.384,
3,accepted,1887.101,1892.600,
14,accepted,4368.390,4372.897,
15,accepted,4638.366,4642.867,
7,accepted,2696.291,2701.423,
9,accepted,1258.538,1263.535,
10,accepted,9505.849,9541.914,
4,accepted,632.974,637.971,
15,accepted,273.718,278.717,
24,accepted,1471.658,1477.158,
6,accepted,1602.210,1607.721,
19,accepted,805.606,809.108,
21,accepted,1241.683,1246.732,
25,accepted,3242.045,3247.044,
30,accepted,3496.600,3501.593,
8,accepted,2107.318,2111.965,
25,accepted,1612.085,1617.087,
10,accepted,2150.721,2155.722,
30,accepted,1291.936,1296.437,
14,accepted,2368.720,2373.220,
15,accepted,2251.330,2256.331,
30,accepted,401.701,406.202,
0,accepted,6507.312,6512.813,
6,accepted,2684.401,2688.402,
20,accepted,5059.354,5064.355,
4,accepted,3096.938,3101.442,
14,accepted,1680.411,1685.911,
19,accepted,3812.146,3817.679,
14,accepted,444.860,449.902,
18,accepted,6867.277,6872.282,
22,accepted,5649.078,5654.079,
10,accepted,2808.549,2814.051,
19,accepted,991.057,996.558,
8,accepted,3919.214,3924.538,
17,accepted,7791.229,7796.726,
6,accepted,2394.554,2398.555,
5,accepted,9427.455,9432.104,
24,accepted,5291.368,5296.367,
5,accepted,60.869,65.871,
3,accepted,5802.002,5805.892,
1,accepted,12744.733,12749.733,
21,accepted,5204.318,5208.818,
22,accepted,822.495,827.495,
27,accepted,13885.375,13890.376,
3,accepted,707.976,713.477,
28,accepted,9446.438,9450.937,
9,accepted,6330.592,6335.461,
2,accepted,8988.986,8993.986,
7,accepted,6662.371,6667.371,
1,accepted,1229.054,1234.053,
19,accepted,1993.205,1997.705,
23,accepted,12445.790,12450.790,
18,accepted,3016.406,3020.907,
6,accepted,2376.887,2382.383,
11,accepted,8428.908,8433.913,
11,accepted,61.091,66.092,
0,accepted,5148.097,5152.597,
11,accepted,270.230,275.228,
23,accepted,1073.402,1077.901,
20,accepted,5391.287,5395.788,
29,accepted,13871.476,13876.478,
27,accepted,3279.122,3284.123,
5,accepted,3545.102,3550.102,
15,accepted,6922.886,6928.387,
31,accepted,12112.903,12117.903,
15,accepted,394.629,399.132,
29,accepted,1053.166,1057.164,
19,accepted,2704.119,2709.118,
4,accepted,6884.980,6890.483,
10,accepted,5094.121,5098.621,
2,accepted,3681.291,3686.800,
8,accepted,5152.976,5158.651,
15,accepted,639.139,644.656,
20,accepted,1949.745,1954.244,
2,accepted,381.204,386.685,
31,accepted,1232.185,1237.186,
26,accepted,17348.474,17352.974,
0,accepted,2896.471,2900.647,
6,accepted,3518.441,3523.441,
7,accepted,4829.013,4834.014,
23,accepted,3664.708,3670.709,
4,accepted,2203.558,2209.057,
13,accepted,16765.649,16770.647,
18,accepted,5034.155,5039.656,
19,accepted,2634.096,2639.366,
11,accepted,4340.277,4344.777,
1,accepted,5708.263,5713.261,
3,accepted,6645.644,6650.643,
3,accepted,6.500,11.001,
8,accepted,2623.588,2628.087,
24,accepted,7772.827,7777.807,
9,accepted,7461.057,7467.564,
2,accepted,3355.348,3360.354,
1,accepted,1371.433,1375.435,
17,accepted,8828.098,8832.597,
13,accepted,2059.614,2064.180,
1,accepted,914.143,920.764,
26,accepted,4456.605,4462.106,
3,accepted,2542.246,2547.766,
11,accepted,3106.015,3111.517,
20,accepted,5238.933,5245.458,
10,accepted,5790.442,5795.454,
27,accepted,7017.604,7022.604,
19,accepted,3996.063,4001.061,
31,accepted,6288.797,6294.296,
16,accepted,22627.341,22631.838,
25,accepted,14880.764,14886.763,
3,accepted,1590.702,1595.700,
7,accepted,5796.571,5801.298,
31,accepted,353.783,358.284,
3,accepted,444.090,449.593,
25,accepted,545.462,549.962,
12,accepted,18628.555,18634.054,
15,accepted,7315.637,7320.640,
31,accepted,549.522,554.024,
31,accepted,227.498,232.501,
8,accepted,5233.637,5238.136,
13,accepted,3840.979,3845.986,
22,accepted,12995.594,13001.095,
7,accepted,1554.923,1560.041,
22,accepted,102.066,106.565,
18,accepted,6408.916,6413.415,
23,accepted,7418.100,7423.918,
0,accepted,8665.627,8670.626,
14,accepted,15241.807,15246.310,
5,accepted,10896.571,10901.703,
12,accepted,2535.228,2540.231,
28,accepted,13956.585,13961.585,
22,accepted,1445.925,1450.425,
13,accepted,2182.234,2187.234,
27,accepted,4414.080,4419.328,
2,accepted,6680.409,6685.910,
4,accepted,8479.416,8485.427,
22,accepted,659.343,663.841,
22,accepted,35.749,40.751,
17,accepted,6878.598,6883.598,
30,accepted,18544.789,18549.290,
7,accepted,2390.698,2395.440,
14,accepted,1646.432,1651.430,
7,accepted,95.318,100.818,
12,accepted,1156.535,1162.035,
1,accepted,6438.425,6443.426,
19,accepted,5052.523,5057.524,
19,accepted,247.724,253.734,
25,accepted,4221.213,4225.728,
0,accepted,2333.173,2337.680,
8,accepted,3670.698,3675.200,
2,accepted,1423.766,1428.765,
6,accepted,10787.506,10792.012,
25,accepted,421.565,426.495,
9,accepted,8578.552,8583.052,
20,accepted,6922.087,6927.087,
20,accepted,61.887,66.888,
27,accepted,2475.340,2480.839,
23,accepted,3562.000,3566.681,
1,accepted,2071.551,2077.050,
7,accepted,2196.867,2201.369,
19,accepted,1709.671,1714.785,
8,accepted,1750.939,1755.938,
2,accepted,1616.971,1622.579,
17,accepted,2709.884,2714.387,
11,accepted,8317.380,8322.879,
15,accepted,6362.707,6368.382,
7,accepted,634.465,638.964,
16,accepted,7261.125,7266.124,
14,accepted,3109.582,3114.583,
3,accepted,7056.819,7062.319,
15,accepted,1019.258,1024.178,
24,accepted,11969.947,11975.447,
15,accepted,261.582,267.170,
11,accepted,1760.508,1765.007,
16,accepted,1610.589,1615.119,
28,accepted,5684.968,5690.469,
5,accepted,6138.893,6143.902,
24,accepted,867.259,872.260,
27,accepted,3619.242,3624.742,
10,accepted,10711.441,10716.745,
22,accepted,5740.148,5745.149,
9,accepted,4459.555,4465.056,
12,accepted,5731.044,5736.546,
30,accepted,5935.676,5941.176,
20,accepted,4461.257,4465.257,
25,accepted,5133.601,5138.171,
26,accepted,12240.049,12245.548,
0,accepted,5548.100,5553.631,
27,accepted,1014.354,1019.855,
14,accepted,3392.351,3396.350,
21,accepted,22052.850,22057.851,
30,accepted,741.904,746.905,
4,accepted,7259.319,7264.821,
19,accepted,4727.810,4732.307,
2,accepted,4631.836,4636.836,
9,accepted,1475.059,1480.057,
29,accepted,18536.014,18540.016,
2,accepted,168.143,173.338,
21,accepted,946.665,952.164,
14,accepted,1076.874,1081.478,
0,accepted,1462.234,1466.734,
0,accepted,20.501,24.900,
2,accepted,552.538,558.038,
0,accepted,269.733,274.734,
26,accepted,1958.807,1963.808,
30,accepted,1585.826,1591.320,
10,accepted,3178.613,3183.994,
0,accepted,831.954,837.254,
22,accepted,3345.832,3350.834,
27,accepted,3074.024,3079.524,
7,accepted,6564.671,6569.173,
22,accepted,667.538,672.538,
21,accepted,2259.279,2263.778,
25,accepted,3629.258,3634.259,
27,accepted,648.344,653.849,
15,accepted,6073.250,6078.755,
14,accepted,2783.387,2788.387,
16,accepted,6179.066,6184.576,
12,accepted,5837.157,5842.655,
18,accepted,14230.416,14235.917,
13,accepted,12667.585,12672.586,
13,accepted,51.001,55.999,
30,accepted,3773.719,3777.725,
19,accepted,5045.204,5050.206,
4,accepted,5387.379,5392.381,
9,accepted,5130.976,5135.873,
16,accepted,1586.687,1592.186,
30,accepted,450.377,455.884,
31,accepted,15619.928,15624.929,
8,accepted,10192.962,10198.004,
23,accepted,10996.733,11002.234,
10,accepted,4202.303,4207.803,
0,accepted,4557.116,4561.689,
14,accepted,3138.758,3143.755,
20,accepted,7613.108,7618.239,
29,accepted,6463.175,6469.173,
7,accepted,4187.094,4191.626,
26,accepted,5577.229,5582.231,
22,accepted,4220.408,4225.408,
28,accepted,9107.889,9112.890,
17,accepted,11555.361,11560.860,
2,accepted,6516.890,6521.891,
20,accepted,811.590,817.091,
26,accepted,723.757,728.771,
3,accepted,11347.023,11351.525,
2,accepted,690.461,696.309,
26,accepted,932.454,937.476,
0,accepted,2166.615,2171.745,
14,accepted,2149.176,2154.180,
9,accepted,3773.059,3778.668,
10,accepted,3727.347,3731.846,
14,accepted,1004.275,1009.774,
14,accepted,104.291,110.812,
21,accepted,7345.079,7350.081,
29,accepted,3555.910,3560.911,
20,accepted,2797.463,2801.963,
7,accepted,3938.235,3943.733,
5,accepted,12793.272,12797.772,
1,accepted,15919.825,15924.865,
12,accepted,6439.714,6444.216,
27,accepted,8075.241,8080.741,
20,accepted,1036.501,1041.502,
4,accepted,6088.082,6093.080,
11,accepted,14005.024,14010.024,
9,accepted,2461.100,2466.101,
11,accepted,26.530,32.032,
0,accepted,3118.236,3123.236,
30,accepted,6450.160,6455.383,
26,accepted,3675.806,3680.805,
23,accepted,6296.596,6301.593,
2,accepted,4356.391,4361.542,
30,accepted,626.266,630.911,
13,accepted,7697.837,7702.337,
28,accepted,5934.905,5939.906,
14,accepted,3054.515,3059.015,
13,accepted,403.710,408.210,
20,accepted,1798.569,1803.569,
9,accepted,1804.438,1809.439,
26,accepted,1296.477,1300.978,
20,accepted,325.980,330.480,
4,accepted,2326.414,2331.914,
29,accepted,3523.977,3528.978,
17,accepted,6709.982,6714.481,
22,accepted,7195.959,7200.961,
26,accepted,583.465,588.963,
14,accepted,1180.915,1185.916,
8,accepted,8459.328,8463.826,
17,accepted,330.749,336.249,
10,accepted,4722.371,4727.370,
15,accepted,11053.474,11058.469,
6,accepted,20587.831,20593.832,
18,accepted,9638.657,9643.657,
2,accepted,2101.389,2105.799,
30,accepted,2074.620,2078.619,
30,accepted,216.865,222.366,
2,accepted,339.591,344.091,
7,accepted,4334.335,4339.335,
25,accepted,12492.042,12497.570,
13,accepted,2361.101,2366.101,
17,accepted,1241.120,1246.120,
0,accepted,3837.347,3842.349,
29,accepted,1853.473,1858.473,
31,accepted,10047.926,10052.447,
7,accepted,669.754,674.753,
25,accepted,381.238,386.238,
23,accepted,3721.099,3725.672,
24,accepted,17926.172,17930.172,
18,accepted,1369.050,1374.378,
8,accepted,1863.177,1868.176,
15,accepted,1796.298,1800.800,
11,accepted,4600.613,4604.614,
14,accepted,2062.446,2066.943,
28,accepted,3685.087,3689.589,
11,accepted,403.563,408.563,
25,accepted,1043.645,1048.861,
27,accepted,5617.627,5622.127,
6,accepted,2349.400,2353.901,
20,accepted,3667.079,3671.580,
1,accepted,5951.599,5956.604,
29,accepted,2107.492,2112.491,
9,accepted,4981.279,4986.282,
5,accepted,7707.831,7713.790,
24,accepted,2872.798,2879.771,
9,accepted,658.466,663.972,
10,accepted,4755.930,4760.929,
5,accepted,611.440,615.480,
10,accepted,22.002,27.003,
23,accepted,3344.175,3349.174,
18,accepted,3284.790,3289.169,
5,accepted,133.102,137.602,
31,accepted,3737.498,3742.301,
30,accepted,4521.897,4526.898,
9,accepted,665.743,671.014,
3,accepted,11957.966,11963.073,
11,accepted,3182.606,3187.607,
23,accepted,799.017,804.017,
19,accepted,14897.144,14901.644,
0,accepted,4540.002,4545.499,
26,accepted,6232.094,6236.094,
17,accepted,4850.862,4856.363,
5,accepted,1174.440,1179.440,
11,accepted,694.960,699.678,
26,accepted,286.933,292.434,
27,accepted,3658.458,3662.958,
3,accepted,940.762,946.264,
17,accepted,302.572,307.570,
5,accepted,294.072,298.073,
19,accepted,734.908,739.910,
19,accepted,264.115,268.621,
22,accepted,7280.190,7284.689,
23,accepted,1333.796,1338.296,
14,accepted,5301.166,5305.781,
25,accepted,4978.310,4983.810,
30,accepted,2381.765,2387.264,
27,accepted,1341.302,1345.893,
9,accepted,2258.814,2263.822,
17,accepted,1377.777,1382.778,
10,accepted,3081.851,3086.851,
14,accepted,1233.284,1238.789,
15,accepted,6643.784,6649.283,
2,accepted,8200.318,8206.318,
6,accepted,6277.733,6283.735,
16,accepted,18028.972,18033.973,
3,accepted,2856.684,2861.489,
9,accepted,1621.949,1627.450,
5,accepted,2908.664,2913.663,
29,accepted,5951.887,5957.387,
12,accepted,12510.404,12514.903,
15,accepted,979.507,985.007,
18,accepted,4605.782,4610.782,
10,accepted,2099.302,2104.803,
15,accepted,638.939,644.440,
25,accepted,2958.994,2963.494,
18,accepted,1422.284,1426.784,
31,accepted,6080.110,6085.308,
24,accepted,6709.920,6715.420,
11,accepted,5319.578,5324.201,
27,accepted,4318.291,4323.290,
21,accepted,16274.434,16279.935,
3,accepted,3137.899,3142.400,
26,accepted,6290.330,6295.327,
29,accepted,3236.508,3241.506,
24,accepted,1637.655,1642.652,
23,accepted,5856.450,5861.950,
5,accepted,3738.923,3743.530,
0,accepted,7461.115,7466.616,
21,accepted,1370.296,1375.306,
9,accepted,4575.272,4580.771,
25,accepted,3518.570,3522.608,
7,accepted,12662.903,12667.906,
6,accepted,5341.911,5345.912,
27,accepted,2501.648,2506.649,
27,accepted,153.473,157.474,
31,accepted,3441.939,3446.939,
26,accepted,2078.986,2083.987,
21,accepted,1269.933,1274.434,
11,accepted,3339.956,3344.955,
28,accepted,12753.326,12757.825,
6,accepted,860.500,866.000,
20,accepted,12576.102,12581.599,
7,accepted,1429.972,1434.494,
9,accepted,1640.054,1645.055,
22,accepted,8538.550,8543.550,
16,accepted,6348.681,6353.953,
20,accepted,170.325,175.326,
11,accepted,743.994,748.494,
17,accepted,7980.907,7986.407,
10,accepted,5843.131,5848.629,
7,accepted,440.669,445.672,
24,accepted,3098.790,3103.291,
6,accepted,1048.625,1053.124,
21,accepted,1481.931,1486.430,
24,accepted,590.028,594.031,
6,accepted,540.554,546.037,
30,accepted,9210.920,9215.417,
27,accepted,2155.823,2160.824,
11,accepted,1346.969,1351.970,
10,accepted,1189.927,1195.428,
3,accepted,4884.378,4889.873,
8,accepted,15549.704,15554.210,
25,accepted,3598.390,3603.887,
31,accepted,3070.767,3075.267,
11,accepted,738.172,743.674,
4,accepted,18295.035,18299.535,
17,accepted,2245.246,2250.463,
11,accepted,572.876,577.878,
20,accepted,3078.092,3083.095,
15,accepted,8585.034,8589.535,
1,accepted,16112.389,16117.396,
7,accepted,3102.035,3107.036,
5,accepted,6244.552,6249.552,
26,accepted,4733.933,4737.935,
23,accepted,6500.601,6505.615,
30,accepted,2990.714,2996.347,
20,accepted,1103.367,1107.867,
14,accepted,11577.202,11582.703,
24,accepted,3768.312,3774.426,
6,accepted,3675.644,3681.165,
29,accepted,7883.553,7889.052,
6,accepted,329.447,334.447,
24,accepted,574.176,579.675,
4,accepted,3394.893,3399.389,
21,accepted,4876.527,4882.027,
31,accepted,3510.328,3514.830,
16,accepted,5852.488,5857.489,
23,accepted,2401.565,2406.067,
9,accepted,6356.227,6360.726,
9,accepted,18.503,22.504,
24,accepted,1053.983,1058.993,
6,accepted,1436.739,1441.739,
19,accepted,15414.967,15419.466,
29,accepted,1826.540,1831.540,
16,accepted,931.247,936.247,
26,accepted,3132.781,3137.783,
1,accepted,3635.079,3640.079,
5,accepted,3558.398,3562.899,
4,accepted,1872.879,1878.380,
14,accepted,2994.898,2999.896,
31,accepted,1966.049,1970.549,
10,accepted,6222.413,6226.915,
22,accepted,7790.007,7794.006,
28,accepted,8381.175,8386.173,
21,accepted,2469.213,2473.712,
3,accepted,6479.149,6484.149,
5,accepted,892.794,897.795,
8,accepted,6504.862,6509.361,
13,unfinished,0.000,22651.227,context deadline exceeded
17,unfinished,0.000,5806.011,context deadline exceeded
25,unfinished,0.000,6262.190,context deadline exceeded
27,unfinished,0.000,7077.228,context deadline exceeded
0,unfinished,0.000,10548.160,context deadline exceeded
11,unfinished,0.000,5540.822,context deadline exceeded
18,unfinished,0.000,12863.606,context deadline exceeded
12,unfinished,0.000,14426.215,context deadline exceeded
24,unfinished,0.000,1865.884,context deadline exceeded
2,unfinished,0.000,14986.309,context deadline exceeded
9,unfinished,0.000,1919.953,context deadline exceeded
23,unfinished,0.000,1994.533,context deadline exceeded
21,unfinished,0.000,172.734,context deadline exceeded
20,unfinished,0.000,4061.882,context deadline exceeded
8,unfinished,0.000,31.001,context deadline exceeded
30,unfinished,0.000,4094.881,context deadline exceeded
5,unfinished,0.000,44.219,context deadline exceeded
7,unfinished,0.000,4775.975,context deadline exceeded
3,unfinished,0.000,68.252,context deadline exceeded
31,unfinished,0.000,657.397,context deadline exceeded
15,unfinished,0.000,5097.918,context deadline exceeded
4,unfinished,0.000,826.930,context deadline exceeded
14,unfinished,0.000,796.173,context deadline exceeded
29,unfinished,0.000,1476.116,context deadline exceeded
16,unfinished,0.000,1466.107,context deadline exceeded
26,unfinished,0.000,1317.825,context deadline exceeded
19,unfinished,0.000,1656.157,context deadline exceeded
1,unfinished,0.000,1236.539,context deadline exceeded
10,unfinished,0.000,557.145,context deadline exceeded
22,unfinished,0.000,480.639,context deadline exceeded
28,unfinished,0.000,463.611,context deadline exceeded
6,unfinished,0.000,1672.158,context deadline exceeded
