client,status,solve_ms,total_ms,error
26,accepted,0.499,21.517,
13,accepted,0.000,23.015,
8,accepted,0.000,23.015,
4,accepted,0.000,23.516,
18,accepted,0.499,24.515,
5,accepted,0.000,23.517,
17,accepted,0.000,25.873,
12,accepted,1.500,25.370,
20,accepted,0.000,25.874,
3,accepted,1.001,25.874,
15,accepted,0.000,27.008,
31,accepted,0.000,27.008,
11,accepted,1.500,27.376,
10,accepted,0.501,26.374,
1,accepted,0.501,27.373,
21,accepted,0.500,27.375,
19,accepted,0.500,27.874,
16,accepted,0.000,30.011,
7,accepted,1.001,30.011,
9,accepted,1.500,29.875,
6,accepted,0.000,29.875,
27,accepted,0.501,29.875,
2,accepted,1.001,30.375,
23,accepted,1.001,30.374,
24,accepted,0.501,31.874,
25,accepted,1.500,31.874,
0,accepted,1.001,33.008,
30,accepted,1.500,30.875,
22,accepted,1.500,31.874,
14,accepted,1.001,32.874,
28,accepted,0.501,32.874,
29,accepted,1.500,32.874,
4,accepted,0.000,11.449,
17,accepted,0.000,11.438,
13,accepted,0.501,14.953,
5,accepted,0.000,13.953,
31,accepted,0.499,15.096,
3,accepted,0.501,17.596,
12,accepted,0.500,18.099,
18,accepted,1.000,19.453,
11,accepted,0.501,17.096,
27,accepted,0.000,16.096,
1,accepted,0.000,19.596,
10,accepted,0.502,20.096,
8,accepted,0.501,24.453,
15,accepted,0.500,21.595,
9,accepted,0.000,17.094,
24,accepted,0.000,16.594,
20,accepted,0.500,22.594,
16,accepted,0.499,20.090,
7,accepted,0.501,20.090,
19,accepted,0.498,21.093,
23,accepted,0.000,17.594,
21,accepted,0.000,21.093,
2,accepted,0.000,18.093,
26,accepted,0.497,27.372,
6,accepted,0.000,19.013,
25,accepted,1.001,19.516,
0,accepted,0.501,20.413,
4,accepted,0.501,16.822,
22,accepted,0.501,19.913,
30,accepted,0.000,21.017,
17,accepted,0.000,16.082,
28,accepted,0.000,19.518,
29,accepted,0.000,20.421,
14,accepted,1.500,21.519,
13,accepted,0.000,17.423,
31,accepted,0.000,14.420,
12,accepted,0.000,12.421,
5,accepted,0.000,22.422,
3,accepted,0.000,18.922,
27,accepted,0.502,15.421,
1,accepted,0.000,16.922,
29,accepted,0.498,10.596,
24,accepted,0.000,17.423,
21,accepted,0.000,17.423,
11,accepted,0.000,22.922,
31,accepted,0.501,11.501,
8,accepted,0.500,20.923,
18,accepted,0.000,24.422,
10,accepted,0.000,21.422,
20,accepted,0.000,20.427,
15,accepted,0.000,21.922,
6,accepted,0.499,20.004,
7,accepted,0.499,20.923,
30,accepted,0.502,17.000,
14,accepted,0.000,14.998,
12,accepted,0.000,16.000,
5,accepted,0.000,11.000,
4,accepted,0.000,21.104,
22,accepted,0.502,21.104,
19,accepted,1.499,26.424,
26,accepted,0.998,26.007,
25,accepted,0.000,24.503,
23,accepted,0.499,26.926,
0,accepted,0.502,24.105,
9,accepted,1.499,28.923,
2,accepted,0.000,27.425,
17,accepted,0.500,25.003,
1,accepted,0.000,14.002,
13,accepted,0.499,23.500,
16,accepted,1.000,30.423,
24,accepted,0.500,13.499,
28,accepted,0.500,26.500,
21,accepted,0.000,14.001,
3,accepted,0.503,19.002,
29,accepted,0.500,19.002,
14,accepted,0.000,14.501,
27,accepted,0.000,23.500,
8,accepted,0.500,17.500,
11,accepted,0.000,19.500,
18,accepted,0.502,20.000,
6,accepted,0.000,18.501,
15,accepted,0.000,19.001,
30,accepted,0.502,19.501,
4,accepted,0.997,16.000,
7,accepted,1.000,20.501,
5,accepted,1.500,18.501,
9,accepted,0.000,14.503,
25,accepted,0.500,15.002,
23,accepted,0.501,15.002,
22,accepted,0.000,18.003,
12,accepted,0.000,20.504,
20,accepted,0.000,23.498,
28,accepted,0.501,13.004,
10,accepted,0.997,24.003,
31,accepted,0.499,25.503,
17,accepted,0.503,14.500,
24,accepted,0.500,13.004,
19,accepted,0.500,17.003,
1,accepted,0.500,14.500,
0,accepted,0.000,16.002,
13,accepted,0.500,13.504,
16,accepted,0.501,13.505,
26,accepted,0.000,17.002,
2,accepted,0.500,16.503,
3,accepted,0.499,11.502,
21,accepted,0.000,14.003,
14,accepted,1.110,15.039,
29,accepted,0.499,17.046,
15,accepted,0.000,12.540,
18,accepted,0.503,12.540,
11,accepted,0.000,15.040,
7,accepted,0.500,12.540,
30,accepted,0.500,13.541,
27,accepted,0.000,17.041,
5,accepted,0.504,13.039,
6,accepted,0.500,15.539,
8,accepted,0.000,18.040,
23,accepted,0.000,13.538,
2,accepted,0.000,11.538,
4,accepted,0.500,15.539,
13,accepted,0.000,13.536,
25,accepted,0.498,15.035,
9,accepted,0.000,15.035,
26,accepted,0.000,13.535,
22,accepted,0.000,15.036,
12,accepted,0.000,15.536,
15,accepted,0.502,7.499,
28,accepted,0.500,16.036,
21,accepted,0.501,14.539,
19,accepted,0.000,16.539,
3,accepted,0.000,16.038,
31,accepted,0.501,16.539,
1,accepted,0.000,16.539,
10,accepted,1.001,16.539,
0,accepted,0.500,17.037,
24,accepted,0.000,17.037,
16,accepted,0.000,16.535,
17,accepted,1.001,17.538,
20,accepted,0.000,18.036,
14,accepted,0.000,11.000,
29,accepted,0.498,10.492,
5,accepted,0.000,7.499,
6,accepted,0.000,8.499,
18,accepted,0.000,11.999,
30,accepted,0.000,9.998,
4,accepted,0.503,9.001,
11,accepted,0.499,12.500,
7,accepted,0.499,11.498,
2,accepted,1.003,9.997,
27,accepted,0.500,11.498,
8,accepted,0.500,11.499,
26,accepted,0.000,9.000,
23,accepted,1.003,11.497,
12,accepted,0.500,9.000,
13,accepted,0.498,11.000,
22,accepted,0.500,10.500,
9,accepted,0.000,12.500,
10,accepted,0.000,9.497,
28,accepted,0.000,9.999,
21,accepted,0.000,9.497,
25,accepted,0.000,12.500,
19,accepted,0.000,9.997,
1,accepted,0.000,10.498,
15,accepted,0.500,11.000,
29,accepted,0.500,8.501,
31,accepted,0.500,10.998,
17,accepted,0.000,10.499,
3,accepted,0.500,11.498,
5,accepted,0.499,10.500,
6,accepted,0.000,10.499,
18,accepted,0.000,9.999,
14,accepted,0.000,12.499,
24,accepted,0.499,13.499,
0,accepted,0.999,13.499,
20,accepted,0.000,13.500,
7,accepted,0.000,9.499,
16,accepted,0.000,15.003,
30,accepted,0.500,12.499,
4,accepted,0.000,11.499,
27,accepted,0.999,12.328,
26,accepted,0.999,11.328,
11,accepted,0.000,13.498,
8,accepted,0.999,14.000,
22,accepted,0.000,13.001,
28,accepted,0.499,11.501,
3,accepted,0.000,9.500,
2,accepted,0.999,15.501,
13,accepted,0.000,13.001,
25,accepted,0.499,12.001,
15,accepted,0.000,11.000,
10,accepted,0.000,12.500,
9,accepted,0.000,12.500,
12,accepted,0.000,14.000,
17,accepted,0.000,10.499,
19,accepted,0.499,12.000,
23,accepted,0.000,15.501,
31,accepted,0.000,12.135,
21,accepted,0.000,13.636,
5,accepted,0.000,11.141,
1,accepted,0.000,13.639,
29,accepted,0.000,13.639,
6,accepted,0.000,12.141,
0,accepted,1.001,12.641,
24,accepted,2.001,13.142,
7,accepted,0.000,13.141,
20,accepted,0.000,13.640,
18,accepted,0.000,14.640,
16,accepted,0.000,13.637,
25,accepted,0.000,7.640,
30,accepted,0.500,12.641,
27,accepted,0.000,11.313,
14,accepted,1.001,15.640,
15,accepted,0.000,8.139,
10,accepted,0.000,7.640,
4,accepted,0.000,14.141,
9,accepted,0.000,10.640,
22,accepted,0.501,11.639,
26,accepted,0.000,15.313,
11,accepted,0.000,14.641,
3,accepted,0.000,12.140,
8,accepted,0.499,12.640,
19,accepted,0.000,12.640,
23,accepted,0.500,12.139,
2,accepted,0.500,13.639,
6,accepted,0.000,8.499,
29,accepted,0.000,11.375,
13,accepted,0.500,15.639,
12,accepted,0.500,14.640,
21,accepted,0.000,15.004,
31,accepted,0.000,15.004,
1,accepted,0.000,14.000,
28,accepted,0.500,17.139,
15,accepted,0.500,9.000,
0,accepted,0.499,12.000,
20,accepted,0.000,10.000,
7,accepted,0.500,10.500,
16,accepted,0.000,10.001,
18,accepted,0.000,10.502,
24,accepted,0.000,12.499,
25,accepted,0.000,10.499,
4,accepted,0.499,8.999,
5,accepted,0.499,17.001,
17,accepted,0.500,18.642,
14,accepted,0.501,11.002,
10,accepted,0.499,11.500,
30,accepted,0.000,12.499,
27,accepted,0.000,14.999,
9,accepted,0.000,11.500,
26,accepted,0.000,11.000,
19,accepted,0.000,12.000,
22,accepted,0.502,14.000,
2,accepted,0.500,14.000,
29,accepted,1.501,13.625,
28,accepted,0.500,11.000,
6,accepted,0.000,14.501,
24,accepted,0.500,10.001,
11,accepted,0.498,16.500,
3,accepted,2.001,16.500,
25,accepted,0.000,10.501,
12,accepted,0.501,13.501,
7,accepted,0.500,11.501,
23,accepted,2.001,15.501,
13,accepted,0.501,13.501,
20,accepted,0.000,12.001,
8,accepted,0.000,18.001,
15,accepted,0.000,12.501,
31,accepted,0.000,13.001,
4,accepted,0.000,12.500,
16,accepted,0.498,12.998,
0,accepted,0.500,14.000,
27,accepted,0.501,9.001,
1,accepted,0.000,15.001,
18,accepted,0.000,14.498,
21,accepted,0.500,15.500,
14,accepted,0.501,12.998,
5,accepted,0.000,12.998,
9,accepted,0.000,10.500,
30,accepted,0.000,13.000,
17,accepted,0.000,15.498,
10,accepted,0.000,15.000,
3,accepted,0.500,7.999,
22,accepted,0.501,11.000,
26,accepted,1.501,13.500,
28,accepted,0.500,9.000,
2,accepted,0.000,9.501,
6,accepted,0.000,9.500,
12,accepted,0.000,9.500,
25,accepted,0.000,9.500,
4,accepted,0.000,7.501,
11,accepted,0.501,10.000,
29,accepted,0.000,10.501,
7,accepted,0.000,10.000,
24,accepted,0.500,10.500,
23,accepted,0.000,10.000,
19,accepted,0.000,13.501,
31,accepted,0.000,9.529,
27,accepted,0.499,8.034,
15,accepted,0.500,10.034,
1,accepted,0.000,10.533,
30,accepted,0.000,9.035,
20,accepted,0.000,14.034,
0,accepted,0.500,12.035,
8,accepted,0.000,13.533,
16,accepted,0.000,13.035,
21,accepted,0.000,11.536,
13,accepted,0.500,15.034,
9,accepted,0.500,10.535,
14,accepted,0.500,12.035,
17,accepted,0.501,10.536,
18,accepted,0.500,13.037,
10,accepted,0.500,11.035,
28,accepted,0.000,11.034,
5,accepted,0.000,15.535,
26,accepted,0.000,13.534,
3,accepted,0.504,13.534,
25,accepted,0.500,13.534,
4,accepted,0.000,13.534,
11,accepted,0.000,14.534,
22,accepted,0.000,16.535,
1,accepted,0.000,10.500,
7,accepted,0.000,14.034,
12,accepted,0.000,14.534,
15,accepted,0.000,13.501,
6,accepted,0.500,17.449,
13,accepted,0.500,10.915,
19,accepted,0.501,17.534,
23,accepted,0.000,17.534,
31,accepted,0.500,17.005,
17,accepted,0.501,10.999,
14,accepted,1.501,12.499,
20,accepted,0.000,13.500,
24,accepted,1.000,18.033,
29,accepted,0.000,18.533,
9,accepted,1.501,12.999,
21,accepted,0.501,13.499,
0,accepted,0.000,14.000,
8,accepted,0.000,14.000,
27,accepted,0.000,17.500,
16,accepted,1.001,14.000,
5,accepted,0.000,10.001,
28,accepted,0.501,10.001,
18,accepted,0.500,12.499,
2,accepted,0.000,21.534,
30,accepted,0.000,16.000,
26,accepted,0.500,9.001,
10,accepted,0.000,13.999,
3,accepted,0.499,11.001,
1,accepted,0.000,9.001,
11,accepted,0.000,9.500,
25,accepted,0.000,10.500,
12,accepted,0.000,10.500,
15,accepted,0.499,10.000,
22,accepted,0.499,11.000,
7,accepted,0.499,11.500,
13,accepted,0.501,10.085,
6,accepted,1.500,10.700,
20,accepted,0.499,9.119,
23,accepted,0.000,10.120,
27,accepted,0.000,9.121,
31,accepted,0.000,10.619,
29,accepted,0.000,10.621,
17,accepted,0.499,11.618,
19,accepted,0.000,11.618,
0,accepted,0.000,11.121,
14,accepted,0.000,11.621,
9,accepted,0.499,11.621,
4,accepted,1.999,18.119,
28,accepted,0.000,12.620,
21,accepted,0.000,13.120,
8,accepted,0.000,13.621,
26,accepted,0.000,12.120,
16,accepted,0.500,13.120,
5,accepted,0.000,13.620,
18,accepted,0.500,13.620,
2,accepted,0.500,15.621,
12,accepted,0.000,10.620,
22,accepted,0.000,11.621,
3,accepted,0.000,14.620,
25,accepted,0.000,13.120,
24,accepted,0.498,18.621,
10,accepted,0.000,15.621,
1,accepted,0.500,14.117,
30,accepted,0.616,17.619,
11,accepted,0.000,14.619,
15,accepted,1.000,14.118,
6,accepted,0.000,12.505,
7,accepted,0.000,13.621,
13,accepted,0.500,13.620,
27,accepted,0.000,11.999,
20,accepted,0.501,13.001,
17,accepted,0.499,11.001,
23,accepted,0.000,12.499,
4,accepted,0.000,11.000,
0,accepted,0.000,12.499,
31,accepted,0.501,14.000,
9,accepted,0.498,12.999,
14,accepted,0.000,12.999,
29,accepted,0.000,14.499,
5,accepted,0.000,12.499,
26,accepted,0.000,13.499,
21,accepted,0.000,13.999,
18,accepted,0.000,12.999,
19,accepted,0.000,16.500,
28,accepted,0.000,13.999,
16,accepted,0.500,13.499,
8,accepted,0.000,13.999,
22,accepted,0.000,9.499,
2,accepted,0.499,11.498,
3,accepted,0.499,10.999,
12,accepted,0.000,13.499,
11,accepted,0.000,10.501,
6,accepted,0.000,9.998,
15,accepted,0.499,10.500,
1,accepted,0.000,13.002,
13,accepted,0.499,10.501,
25,accepted,0.000,13.500,
7,accepted,0.000,11.000,
10,accepted,0.000,13.500,
31,accepted,0.000,8.500,
4,accepted,0.500,9.000,
24,accepted,0.000,14.998,
0,accepted,0.000,10.500,
30,accepted,0.500,15.500,
17,accepted,0.000,12.500,
27,accepted,0.500,13.000,
5,accepted,0.000,8.000,
9,accepted,0.000,10.501,
23,accepted,0.500,13.001,
20,accepted,0.500,13.001,
19,accepted,0.501,9.000,
18,accepted,1.000,9.999,
29,accepted,0.000,12.499,
21,accepted,0.000,9.999,
8,accepted,0.000,10.000,
16,accepted,0.000,10.999,
14,accepted,0.499,13.999,
26,accepted,1.000,10.999,
2,accepted,0.498,10.499,
6,accepted,0.000,9.001,
28,accepted,1.000,12.500,
15,accepted,0.000,9.000,
12,accepted,0.000,10.499,
22,accepted,0.000,12.999,
3,accepted,0.000,12.501,
25,accepted,0.000,10.499,
11,accepted,0.499,11.999,
24,accepted,0.000,10.001,
10,accepted,0.000,11.499,
7,accepted,0.000,11.999,
1,accepted,0.000,12.500,
13,accepted,0.000,12.500,
30,accepted,0.000,10.500,
0,accepted,0.499,11.001,
31,accepted,0.501,13.001,
4,accepted,0.499,12.501,
5,accepted,0.499,10.999,
17,accepted,0.501,11.500,
9,accepted,0.500,11.499,
27,accepted,0.000,12.500,
20,accepted,0.000,13.499,
23,accepted,0.000,13.499,
18,accepted,0.000,14.000,
19,accepted,0.000,14.999,
16,accepted,0.500,13.000,
8,accepted,0.000,13.499,
29,accepted,0.502,14.501,
14,accepted,0.500,13.501,
11,accepted,0.000,10.000,
21,accepted,0.499,15.001,
2,accepted,0.000,13.501,
26,accepted,0.000,14.501,
15,accepted,0.000,13.000,
6,accepted,0.000,13.500,
28,accepted,0.000,13.500,
12,accepted,0.000,13.501,
3,accepted,0.000,12.499,
22,accepted,0.000,13.501,
24,accepted,0.499,12.001,
25,accepted,0.500,13.001,
4,accepted,0.500,10.999,
7,accepted,0.000,13.000,
30,accepted,1.500,12.999,
10,accepted,0.000,14.499,
1,accepted,0.000,15.368,
9,accepted,1.000,13.369,
17,accepted,1.500,14.369,
27,accepted,1.501,14.248,
0,accepted,1.000,15.747,
5,accepted,0.000,15.248,
31,accepted,0.500,16.254,
26,accepted,0.500,8.754,
18,accepted,0.000,10.255,
23,accepted,0.000,13.927,
20,accepted,0.000,13.927,
8,accepted,0.501,10.927,
16,accepted,0.501,10.927,
19,accepted,0.000,10.927,
12,accepted,0.000,8.431,
29,accepted,0.500,10.931,
21,accepted,0.000,10.930,
6,accepted,0.000,9.930,
11,accepted,0.500,10.930,
2,accepted,0.500,10.930,
24,accepted,0.000,8.431,
14,accepted,0.000,11.931,
22,accepted,0.000,9.930,
28,accepted,0.865,11.431,
15,accepted,0.000,11.431,
13,accepted,0.500,20.430,
25,accepted,0.503,9.430,
7,accepted,0.503,8.931,
3,accepted,0.865,12.431,
30,accepted,0.506,9.432,
9,accepted,0.000,9.063,
10,accepted,0.000,10.932,
4,accepted,0.501,12.931,
31,accepted,0.000,8.176,
1,accepted,0.499,10.562,
24,accepted,0.499,6.500,
0,accepted,0.000,9.183,
5,accepted,0.000,11.182,
27,accepted,0.000,11.182,
17,accepted,0.000,12.562,
8,accepted,0.000,11.505,
23,accepted,0.000,13.504,
20,accepted,0.500,13.504,
14,accepted,0.000,13.000,
12,accepted,0.498,14.000,
2,accepted,0.000,14.500,
29,accepted,0.501,14.999,
21,accepted,0.501,14.500,
15,accepted,0.000,13.499,
1,accepted,0.000,8.500,
11,accepted,0.000,16.001,
7,accepted,0.000,13.499,
3,accepted,0.000,13.000,
25,accepted,0.000,15.000,
13,accepted,0.501,15.000,
18,accepted,0.500,18.176,
22,accepted,0.500,15.500,
6,accepted,0.000,17.002,
19,accepted,0.498,18.005,
16,accepted,0.000,18.005,
28,accepted,0.000,15.501,
24,accepted,0.000,10.501,
26,accepted,0.000,19.177,
30,accepted,0.500,13.500,
4,accepted,0.000,13.500,
0,accepted,0.501,12.499,
9,accepted,0.500,14.999,
10,accepted,0.000,14.999,
23,accepted,0.000,9.500,
31,accepted,0.000,16.000,
17,accepted,0.000,13.000,
29,accepted,0.000,8.501,
12,accepted,0.501,9.500,
14,accepted,0.500,10.001,
5,accepted,0.000,14.501,
20,accepted,0.000,11.001,
8,accepted,0.000,13.499,
11,accepted,0.000,9.000,
2,accepted,0.499,10.500,
21,accepted,0.500,11.001,
27,accepted,0.501,16.500,
15,accepted,0.000,11.001,
7,accepted,0.500,11.000,
3,accepted,0.500,10.999,
22,accepted,0.679,11.500,
6,accepted,0.679,11.999,
1,accepted,1.000,13.500,
13,accepted,0.000,13.000,
25,accepted,0.500,13.501,
30,accepted,0.500,13.000,
26,accepted,0.000,13.000,
4,accepted,0.000,11.001,
24,accepted,0.000,13.499,
18,accepted,0.000,14.499,
19,accepted,1.000,13.998,
23,accepted,0.000,11.500,
31,accepted,0.000,11.502,
9,accepted,0.000,13.502,
10,accepted,0.000,13.502,
0,accepted,0.500,14.502,
28,accepted,0.500,17.001,
16,accepted,1.000,17.001,
17,accepted,0.000,12.500,
12,accepted,1.000,13.500,
21,accepted,0.000,11.001,
29,accepted,0.000,14.000,
2,accepted,0.000,12.501,
11,accepted,0.000,13.001,
20,accepted,1.000,14.500,
3,accepted,0.000,10.501,
22,accepted,0.000,10.501,
7,accepted,0.501,11.501,
15,accepted,0.500,13.001,
5,accepted,1.000,15.501,
27,accepted,0.000,13.501,
6,accepted,0.499,10.002,
8,accepted,1.000,15.002,
14,accepted,1.000,15.501,
4,accepted,0.000,9.499,
1,accepted,0.000,11.000,
24,accepted,0.000,9.000,
25,accepted,0.000,11.499,
19,accepted,0.000,10.500,
30,accepted,0.000,10.999,
26,accepted,0.499,10.999,
28,accepted,0.000,8.498,
13,accepted,0.500,13.000,
23,accepted,0.000,9.501,
16,accepted,0.500,8.999,
10,accepted,0.500,9.999,
18,accepted,0.500,13.002,
31,accepted,1.000,10.499,
17,accepted,0.000,9.500,
12,accepted,0.499,8.501,
0,accepted,0.000,11.500,
3,accepted,0.500,7.999,
29,accepted,0.500,8.999,
21,accepted,0.499,9.499,
9,accepted,1.000,11.998,
4,accepted,0.501,6.500,
11,accepted,0.499,9.500,
7,accepted,0.500,9.000,
2,accepted,0.000,10.500,
22,accepted,0.000,9.500,
20,accepted,0.000,10.999,
14,accepted,0.500,10.499,
8,accepted,0.000,10.499,
15,accepted,0.000,10.499,
6,accepted,1.000,12.509,
5,accepted,1.000,12.509,
27,accepted,1.000,13.010,
1,accepted,0.000,13.011,
26,accepted,0.501,12.010,
24,accepted,0.501,13.510,
23,accepted,0.497,11.509,
13,accepted,0.000,12.010,
19,accepted,0.499,13.011,
16,accepted,0.000,11.509,
30,accepted,1.000,13.011,
25,accepted,0.501,13.011,
28,accepted,0.000,12.010,
3,accepted,0.500,9.012,
31,accepted,0.498,10.511,
12,accepted,0.500,10.509,
17,accepted,0.000,11.010,
10,accepted,1.002,11.509,
0,accepted,0.498,10.509,
18,accepted,1.000,12.010,
9,accepted,0.000,12.012,
4,accepted,0.000,11.512,
8,accepted,0.000,9.010,
22,accepted,0.000,11.010,
7,accepted,0.000,11.510,
21,accepted,0.000,13.011,
14,accepted,0.000,9.510,
11,accepted,0.000,12.011,
6,accepted,0.500,8.000,
1,accepted,0.000,6.501,
2,accepted,0.000,12.010,
29,accepted,0.000,14.511,
5,accepted,0.499,9.000,
20,accepted,0.000,11.510,
28,accepted,0.000,6.000,
27,accepted,0.499,10.000,
15,accepted,0.500,12.511,
26,accepted,0.499,10.004,
25,accepted,1.501,9.004,
23,accepted,0.999,9.500,
3,accepted,1.500,8.999,
30,accepted,1.500,10.001,
24,accepted,1.500,12.500,
16,accepted,0.500,11.499,
31,accepted,0.999,10.998,
13,accepted,0.500,12.000,
18,accepted,0.000,11.000,
19,accepted,0.500,12.500,
0,accepted,0.000,11.000,
7,accepted,1.003,8.500,
4,accepted,0.000,9.500,
21,accepted,0.500,8.500,
9,accepted,0.500,9.500,
17,accepted,0.000,12.000,
12,accepted,0.000,12.500,
10,accepted,0.501,12.500,
1,accepted,0.504,9.999,
20,accepted,0.000,9.000,
22,accepted,0.000,10.501,
11,accepted,0.000,9.999,
6,accepted,0.499,9.999,
26,accepted,0.000,6.497,
2,accepted,0.000,10.000,
14,accepted,0.999,11.500,
5,accepted,0.500,10.000,
8,accepted,0.501,12.000,
29,accepted,0.997,10.000,
27,accepted,0.000,8.499,
28,accepted,0.500,10.499,
3,accepted,0.000,8.000,
15,accepted,0.000,10.499,
24,accepted,0.000,6.501,
25,accepted,0.500,9.997,
19,accepted,0.000,7.500,
0,accepted,0.000,7.999,
16,accepted,0.500,9.000,
30,accepted,0.499,10.499,
23,accepted,1.000,11.500,
21,accepted,1.000,8.000,
13,accepted,0.500,9.999,
18,accepted,0.500,9.499,
9,accepted,0.500,10.499,
11,accepted,1.001,8.499,
7,accepted,0.499,12.000,
1,accepted,0.000,10.499,
3,accepted,0.000,7.999,
17,accepted,0.501,12.999,
4,accepted,0.501,13.499,
20,accepted,0.000,11.499,
31,accepted,0.000,15.000,
10,accepted,0.499,13.000,
14,accepted,0.499,11.500,
2,accepted,0.499,12.500,
6,accepted,0.499,13.499,
22,accepted,0.501,13.499,
12,accepted,1.000,15.000,
29,accepted,0.000,12.500,
5,accepted,0.500,13.000,
28,accepted,0.499,12.500,
8,accepted,0.500,13.500,
26,accepted,0.000,13.999,
19,accepted,0.501,10.500,
23,accepted,0.000,9.500,
15,accepted,0.500,13.501,
16,accepted,1.000,11.002,
30,accepted,0.501,11.002,
24,accepted,0.500,13.501,
27,accepted,0.500,16.000,
0,accepted,0.501,11.500,
7,accepted,0.000,8.000,
13,accepted,0.000,11.502,
25,accepted,0.499,14.500,
11,accepted,0.500,10.001,
18,accepted,0.000,12.501,
1,accepted,0.000,9.500,
9,accepted,0.500,12.000,
14,accepted,0.500,8.500,
20,accepted,0.500,10.000,
21,accepted,0.000,15.500,
4,accepted,0.500,10.000,
31,accepted,0.000,10.000,
17,accepted,0.500,10.500,
3,accepted,1.000,11.000,
26,accepted,0.500,8.000,
2,accepted,0.000,10.000,
6,accepted,0.000,9.501,
22,accepted,0.500,10.000,
12,accepted,0.000,10.502,
29,accepted,0.000,10.502,
10,accepted,0.501,12.502,
8,accepted,0.499,10.500,
5,accepted,1.001,11.000,
16,accepted,0.499,8.499,
30,accepted,0.499,8.499,
28,accepted,1.000,12.500,
19,accepted,0.499,11.499,
7,accepted,0.000,9.000,
24,accepted,0.000,10.498,
27,accepted,0.500,10.000,
15,accepted,0.000,10.999,
23,accepted,0.000,12.000,
0,accepted,0.000,10.501,
1,accepted,0.000,8.501,
18,accepted,0.000,9.499,
13,accepted,0.000,10.499,
11,accepted,0.501,11.001,
25,accepted,0.501,11.001,
4,accepted,0.499,8.002,
17,accepted,0.499,9.501,
21,accepted,0.000,9.501,
20,accepted,0.000,10.002,
3,accepted,0.000,11.001,
29,accepted,0.000,8.998,
14,accepted,0.000,11.999,
9,accepted,0.000,12.500,
31,accepted,0.500,12.001,
26,accepted,0.000,11.001,
2,accepted,0.000,10.500,
6,accepted,0.000,10.500,
12,accepted,0.500,9.500,
22,accepted,1.501,11.000,
10,accepted,1.501,10.499,
16,accepted,0.502,11.001,
30,accepted,0.000,11.001,
5,accepted,0.502,11.001,
28,accepted,0.000,12.501,
15,accepted,0.000,11.500,
8,accepted,0.498,14.500,
19,accepted,0.500,13.000,
7,accepted,0.000,13.500,
21,accepted,0.000,9.499,
18,accepted,0.499,11.500,
11,accepted,0.500,11.499,
20,accepted,0.500,9.499,
0,accepted,0.000,13.500,
25,accepted,0.000,11.499,
13,accepted,0.000,12.001,
4,accepted,0.000,11.499,
24,accepted,0.500,14.001,
1,accepted,0.000,12.500,
27,accepted,0.000,14.500,
23,accepted,0.000,13.999,
17,accepted,0.498,11.500,
31,accepted,1.000,9.499,
3,accepted,0.000,10.499,
9,accepted,0.000,10.500,
29,accepted,0.000,10.500,
14,accepted,0.499,10.500,
22,accepted,0.000,9.000,
26,accepted,1.000,11.498,
10,accepted,1.500,11.500,
12,accepted,0.500,12.499,
16,accepted,0.499,10.499,
2,accepted,0.500,12.999,
5,accepted,0.000,10.999,
30,accepted,0.000,10.999,
15,accepted,0.499,8.499,
6,accepted,0.000,13.999,
28,accepted,0.500,9.000,
19,accepted,0.000,8.001,
25,accepted,0.000,7.500,
4,accepted,0.000,7.500,
11,accepted,0.500,8.500,
23,accepted,0.499,8.001,
1,accepted,0.000,9.499,
8,accepted,0.000,11.501,
0,accepted,0.500,11.499,
3,accepted,0.500,9.500,
21,accepted,0.000,12.000,
7,accepted,0.000,12.501,
18,accepted,0.500,12.501,
20,accepted,0.000,11.999,
14,accepted,1.001,10.000,
13,accepted,1.001,12.499,
27,accepted,0.500,12.500,
24,accepted,0.500,12.999,
22,accepted,0.500,11.001,
31,accepted,0.500,12.000,
9,accepted,0.000,11.500,
26,accepted,0.000,10.001,
17,accepted,0.500,12.499,
28,accepted,0.000,6.999,
5,accepted,0.000,10.001,
29,accepted,2.001,13.501,
19,accepted,0.499,9.000,
12,accepted,1.000,11.001,
10,accepted,0.500,11.001,
15,accepted,0.499,9.999,
11,accepted,0.000,7.999,
30,accepted,0.000,10.499,
16,accepted,0.501,10.999,
2,accepted,0.000,11.500,
4,accepted,0.499,9.499,
6,accepted,0.000,12.001,
23,accepted,0.000,10.499,
13,accepted,0.500,10.000,
25,accepted,0.000,15.501,
31,accepted,0.000,10.001,
8,accepted,0.499,14.000,
21,accepted,0.000,12.501,
18,accepted,0.500,12.001,
14,accepted,0.500,12.000,
27,accepted,0.500,12.000,
1,accepted,0.000,15.500,
5,accepted,0.000,8.999,
0,accepted,0.500,13.500,
9,accepted,0.000,12.000,
19,accepted,0.000,9.999,
7,accepted,0.998,13.999,
6,accepted,0.000,7.499,
28,accepted,0.000,12.000,
26,accepted,0.000,12.000,
29,accepted,0.000,10.499,
22,accepted,0.499,12.999,
20,accepted,0.498,14.500,
24,accepted,0.500,13.501,
17,accepted,0.499,12.500,
11,accepted,0.000,10.001,
3,accepted,0.500,15.000,
12,accepted,0.000,10.499,
23,accepted,0.000,7.500,
10,accepted,0.501,10.999,
15,accepted,0.000,11.001,
30,accepted,0.500,11.001,
2,accepted,0.000,11.000,
4,accepted,0.499,12.047,
16,accepted,0.499,12.548,
13,accepted,0.000,9.048,
25,accepted,0.500,8.547,
31,accepted,1.000,7.547,
8,accepted,0.500,9.047,
14,accepted,0.544,8.548,
1,accepted,0.544,9.048,
27,accepted,0.544,9.048,
21,accepted,1.500,10.879,
7,accepted,0.000,8.880,
18,accepted,0.500,10.879,
0,accepted,0.504,9.880,
5,accepted,0.544,10.549,
11,accepted,0.000,9.049,
9,accepted,0.500,10.048,
29,accepted,0.501,10.047,
6,accepted,0.501,10.548,
30,accepted,0.499,9.047,
19,accepted,0.500,10.548,
24,accepted,0.000,10.047,
15,accepted,0.500,10.549,
3,accepted,0.000,11.549,
22,accepted,0.500,11.549,
10,accepted,0.000,11.049,
17,accepted,0.000,12.049,
31,accepted,0.000,7.001,
2,accepted,0.000,10.549,
25,accepted,0.000,8.502,
20,accepted,0.500,13.550,
12,accepted,0.500,14.048,
23,accepted,0.000,14.048,
4,accepted,0.500,11.501,
13,accepted,0.500,9.000,
16,accepted,0.000,12.000,
28,accepted,0.500,16.048,
26,accepted,0.499,16.048,
18,accepted,0.499,9.168,
11,accepted,0.000,10.999,
5,accepted,0.501,10.999,
1,accepted,0.000,13.488,
30,accepted,0.501,10.988,
21,accepted,0.500,13.159,
24,accepted,0.499,11.996,
27,accepted,0.000,14.496,
7,accepted,0.499,13.664,
6,accepted,0.501,12.496,
0,accepted,0.999,14.163,
9,accepted,0.000,12.995,
14,accepted,1.000,15.995,
22,accepted,0.000,10.994,
8,accepted,1.000,15.995,
19,accepted,0.000,12.496,
29,accepted,0.000,12.496,
10,accepted,0.000,11.495,
3,accepted,0.498,11.994,
31,accepted,0.000,11.993,
15,accepted,0.499,12.493,
25,accepted,0.000,12.493,
23,accepted,0.000,11.995,
12,accepted,0.000,11.995,
17,accepted,0.500,13.994,
20,accepted,0.500,12.996,
2,accepted,0.500,14.497,
28,accepted,0.500,11.996,
4,accepted,0.000,13.994,
18,accepted,0.000,10.995,
13,accepted,0.500,14.495,
26,accepted,0.000,13.496,
29,accepted,0.000,7.001,
11,accepted,0.504,9.495,
24,accepted,0.000,7.500,
16,accepted,0.000,14.996,
1,accepted,0.000,9.008,
5,accepted,0.000,10.496,
7,accepted,0.500,9.500,
27,accepted,0.000,9.500,
8,accepted,0.000,9.000,
9,accepted,0.500,9.501,
14,accepted,0.499,10.000,
0,accepted,0.499,10.000,
30,accepted,0.499,11.508,
19,accepted,0.500,10.000,
21,accepted,0.000,11.505,
6,accepted,0.499,11.000,
10,accepted,0.498,10.999,
3,accepted,0.498,11.000,
22,accepted,0.499,12.001,
4,accepted,0.499,7.502,
17,accepted,0.500,9.501,
20,accepted,0.000,9.498,
28,accepted,0.999,8.500,
25,accepted,0.000,10.000,
23,accepted,0.000,10.000,
31,accepted,0.499,12.001,
2,accepted,0.000,9.498,
15,accepted,0.499,12.001,
12,accepted,0.000,10.000,
11,accepted,0.000,7.000,
18,accepted,0.500,8.499,
24,accepted,0.500,8.000,
13,accepted,0.500,9.000,
16,accepted,0.500,8.501,
29,accepted,0.000,8.501,
1,accepted,0.000,8.500,
5,accepted,0.000,8.499,
26,accepted,0.500,10.523,
9,accepted,0.501,8.527,
27,accepted,0.000,10.027,
7,accepted,0.000,11.027,
19,accepted,0.000,10.527,
8,accepted,0.000,13.583,
21,accepted,0.000,12.083,
30,accepted,0.000,12.583,
22,accepted,0.501,11.087,
0,accepted,0.000,13.087,
6,accepted,0.500,12.087,
3,accepted,0.000,11.087,
14,accepted,0.500,14.087,
10,accepted,0.500,12.586,
31,accepted,1.023,10.587,
15,accepted,0.504,10.587,
18,accepted,1.500,10.588,
17,accepted,0.499,12.086,
24,accepted,0.500,10.087,
11,accepted,1.500,12.087,
29,accepted,1.500,10.586,
13,accepted,0.500,11.087,
4,accepted,2.504,13.586,
20,accepted,2.028,13.588,
28,accepted,2.000,13.588,
12,accepted,2.000,13.588,
25,accepted,0.504,13.588,
2,accepted,0.524,14.087,
23,accepted,0.499,15.114,
5,accepted,0.500,12.115,
9,accepted,0.000,10.587,
1,accepted,0.500,12.614,
26,accepted,0.000,12.091,
21,accepted,0.000,6.530,
19,accepted,0.500,9.086,
16,accepted,0.500,14.112,
8,accepted,0.000,7.030,
30,accepted,0.000,7.030,
7,accepted,0.000,11.086,
27,accepted,0.000,12.086,
3,accepted,0.000,9.026,
6,accepted,0.000,9.026,
22,accepted,0.500,9.526,
18,accepted,0.000,8.526,
17,accepted,2.026,9.026,
14,accepted,1.005,10.026,
10,accepted,1.005,10.026,
25,accepted,0.000,8.026,
0,accepted,0.500,12.525,
13,accepted,0.499,9.525,
15,accepted,0.499,12.026,
24,accepted,0.499,12.026,
4,accepted,0.500,10.526,
2,accepted,0.500,10.527,
28,accepted,0.500,11.027,
29,accepted,0.499,12.027,
31,accepted,0.499,14.027,
8,accepted,0.000,10.000,
21,accepted,0.500,10.500,
19,accepted,0.499,10.500,
16,accepted,0.499,10.500,
26,accepted,0.500,10.999,
7,accepted,0.000,8.999,
3,accepted,0.000,7.999,
11,accepted,0.499,14.025,
12,accepted,0.500,13.025,
20,accepted,0.000,13.025,
9,accepted,0.000,11.499,
23,accepted,0.500,11.999,
5,accepted,0.000,11.999,
30,accepted,0.500,11.000,
1,accepted,0.500,11.999,
6,accepted,0.000,9.000,
27,accepted,0.499,10.000,
10,accepted,0.000,8.000,
22,accepted,0.499,10.000,
24,accepted,0.500,7.500,
8,accepted,0.000,5.000,
18,accepted,0.000,11.001,
17,accepted,0.501,11.000,
14,accepted,0.000,11.000,
15,accepted,0.000,9.999,
0,accepted,0.000,12.001,
13,accepted,0.500,12.001,
28,accepted,0.000,11.000,
25,accepted,1.499,14.500,
19,accepted,0.500,10.001,
9,accepted,1.009,10.001,
31,accepted,0.500,11.999,
6,accepted,0.000,9.500,
20,accepted,0.500,11.002,
21,accepted,0.500,11.502,
29,accepted,0.000,14.498,
10,accepted,1.501,10.500,
18,accepted,0.000,8.499,
8,accepted,0.000,8.999,
14,accepted,0.500,8.500,
1,accepted,0.492,12.999,
11,accepted,0.492,13.500,
30,accepted,0.492,13.500,
27,accepted,0.000,12.999,
16,accepted,1.009,14.500,
4,accepted,0.000,17.499,
24,accepted,0.000,9.999,
22,accepted,0.000,11.999,
7,accepted,0.492,15.000,
5,accepted,0.509,14.499,
26,accepted,0.509,15.000,
23,accepted,0.509,14.499,
12,accepted,0.509,15.000,
2,accepted,0.000,16.998,
3,accepted,0.500,15.000,
15,accepted,0.000,9.000,
17,accepted,0.000,10.500,
28,accepted,0.000,7.499,
25,accepted,0.000,7.500,
19,accepted,0.000,6.999,
0,accepted,0.501,9.499,
31,accepted,0.500,8.499,
13,accepted,0.000,11.999,
20,accepted,0.000,8.498,
6,accepted,0.500,9.499,
9,accepted,0.000,10.000,
18,accepted,0.500,7.500,
29,accepted,0.000,8.000,
21,accepted,0.000,9.999,
11,accepted,0.000,7.501,
1,accepted,0.000,8.000,
10,accepted,0.000,8.999,
8,accepted,0.501,9.001,
14,accepted,0.500,9.001,
30,accepted,1.500,9.500,
27,accepted,1.500,9.500,
26,accepted,1.499,9.501,
23,accepted,1.000,9.501,
4,accepted,1.000,10.001,
12,accepted,1.000,9.501,
7,accepted,1.499,10.001,
16,accepted,1.499,10.501,
17,accepted,0.500,10.500,
5,accepted,0.500,11.000,
2,accepted,1.000,11.501,
24,accepted,1.000,12.501,
18,accepted,0.000,6.500,
3,accepted,0.500,12.001,
31,accepted,0.000,9.002,
9,accepted,0.000,7.501,
0,accepted,0.500,11.000,
19,accepted,0.000,11.000,
28,accepted,0.500,11.500,
20,accepted,0.000,8.500,
22,accepted,0.500,13.500,
25,accepted,0.500,11.501,
13,accepted,0.500,9.001,
29,accepted,0.000,8.000,
6,accepted,0.000,8.500,
1,accepted,0.501,9.502,
15,accepted,0.000,16.002,
8,accepted,0.000,8.501,
11,accepted,0.000,10.500,
10,accepted,0.501,11.002,
14,accepted,0.500,10.001,
21,accepted,0.000,12.000,
5,accepted,0.500,7.500,
16,accepted,0.000,9.000,
30,accepted,0.000,11.501,
17,accepted,0.000,9.501,
18,accepted,0.500,8.501,
27,accepted,0.500,12.500,
24,accepted,0.000,9.500,
23,accepted,0.500,12.501,
2,accepted,0.500,10.501,
0,accepted,0.000,10.500,
26,accepted,2.000,14.500,
4,accepted,0.500,14.500,
15,accepted,0.000,8.499,
31,accepted,0.000,11.999,
22,accepted,0.500,11.501,
20,accepted,0.000,12.000,
19,accepted,0.500,12.000,
3,accepted,0.000,13.000,
29,accepted,0.000,11.500,
25,accepted,0.500,11.500,
9,accepted,0.000,12.499,
7,accepted,0.500,14.999,
28,accepted,0.000,12.000,
8,accepted,0.000,8.999,
12,accepted,0.500,16.500,
13,accepted,0.500,12.499,
6,accepted,0.500,12.499,
1,accepted,0.500,10.499,
11,accepted,0.000,10.499,
14,accepted,0.500,10.498,
10,accepted,0.499,10.498,
5,accepted,0.500,9.999,
21,accepted,0.000,11.499,
16,accepted,1.500,10.498,
30,accepted,0.500,9.499,
17,accepted,0.500,10.607,
18,accepted,0.000,10.607,
27,accepted,0.000,11.111,
24,accepted,0.500,11.111,
4,accepted,0.000,8.611,
8,accepted,0.501,7.611,
26,accepted,0.000,9.111,
23,accepted,1.001,11.111,
15,accepted,0.000,8.611,
0,accepted,0.000,9.611,
31,accepted,0.000,8.611,
22,accepted,0.000,9.111,
28,accepted,0.000,9.111,
12,accepted,0.000,9.613,
20,accepted,0.498,10.613,
25,accepted,0.499,10.613,
2,accepted,0.000,14.111,
3,accepted,0.000,11.112,
29,accepted,0.498,11.112,
6,accepted,0.502,10.112,
7,accepted,0.502,11.112,
1,accepted,1.002,10.613,
11,accepted,0.498,10.114,
13,accepted,0.498,12.112,
19,accepted,1.502,13.112,
5,accepted,0.000,10.112,
10,accepted,0.000,11.112,
23,accepted,0.000,7.001,
30,accepted,1.000,10.614,
21,accepted,1.001,10.614,
14,accepted,0.608,13.113,
9,accepted,0.502,16.112,
17,accepted,0.499,10.521,
24,accepted,0.501,9.521,
16,accepted,1.501,12.633,
26,accepted,0.000,10.021,
4,accepted,0.000,11.021,
31,accepted,0.000,10.521,
15,accepted,0.000,10.521,
18,accepted,0.500,12.525,
27,accepted,0.000,11.522,
28,accepted,0.500,10.520,
8,accepted,0.500,12.520,
20,accepted,0.000,9.519,
22,accepted,0.000,11.520,
25,accepted,0.500,10.519,
12,accepted,0.000,10.519,
0,accepted,0.999,13.020,
2,accepted,0.500,10.520,
1,accepted,0.000,10.018,
3,accepted,0.500,11.020,
29,accepted,0.000,12.021,
11,accepted,0.000,11.019,
6,accepted,0.000,13.024,
5,accepted,0.000,10.524,
17,accepted,0.000,8.003,
16,accepted,0.500,8.060,
7,accepted,0.000,14.081,
24,accepted,0.500,8.564,
10,accepted,0.500,11.585,
13,accepted,1.000,12.585,
19,accepted,0.000,12.585,
30,accepted,0.501,10.584,
27,accepted,0.501,7.565,
4,accepted,0.000,8.065,
21,accepted,0.501,11.584,
23,accepted,0.501,11.584,
26,accepted,0.499,8.565,
9,accepted,0.000,11.085,
14,accepted,0.000,11.085,
22,accepted,0.499,7.566,
18,accepted,0.000,9.065,
15,accepted,0.000,9.565,
28,accepted,0.501,8.566,
8,accepted,0.499,9.566,
31,accepted,0.500,11.065,
1,accepted,0.561,10.176,
25,accepted,0.503,11.176,
11,accepted,0.000,9.175,
13,accepted,0.500,7.610,
6,accepted,1.000,9.171,
29,accepted,0.000,10.174,
2,accepted,0.000,11.675,
3,accepted,0.561,11.175,
20,accepted,1.003,13.175,
12,accepted,0.000,12.676,
19,accepted,0.000,8.111,
0,accepted,0.000,12.676,
26,accepted,0.500,7.610,
5,accepted,1.000,11.172,
7,accepted,0.000,10.114,
17,accepted,0.000,12.675,
10,accepted,0.500,11.610,
30,accepted,0.000,12.111,
31,accepted,0.500,9.111,
21,accepted,0.606,12.111,
16,accepted,0.000,13.615,
24,accepted,0.500,13.611,
27,accepted,0.606,13.110,
22,accepted,0.000,11.610,
9,accepted,0.500,12.110,
14,accepted,0.000,12.610,
18,accepted,0.606,12.110,
28,accepted,0.500,12.110,
25,accepted,0.000,8.500,
23,accepted,0.000,14.111,
1,accepted,0.499,8.500,
8,accepted,0.500,11.111,
15,accepted,0.500,13.111,
13,accepted,0.499,9.501,
29,accepted,0.500,9.501,
4,accepted,0.503,16.111,
11,accepted,0.499,11.001,
6,accepted,0.000,10.502,
19,accepted,0.000,11.000,
20,accepted,0.501,11.501,
3,accepted,0.499,12.001,
12,accepted,0.000,12.500,
5,accepted,0.499,11.501,
7,accepted,0.000,11.501,
0,accepted,0.000,14.000,
30,accepted,0.501,10.000,
2,accepted,0.501,14.501,
17,accepted,0.501,10.501,
10,accepted,0.000,10.501,
26,accepted,0.000,14.499,
21,accepted,0.000,9.999,
22,accepted,0.000,9.500,
31,accepted,0.500,10.500,
28,accepted,0.000,9.002,
18,accepted,0.500,10.001,
25,accepted,0.498,10.000,
1,accepted,0.500,10.000,
16,accepted,0.501,11.999,
24,accepted,0.500,12.000,
11,accepted,0.000,7.998,
27,accepted,0.000,12.500,
14,accepted,0.000,12.500,
29,accepted,0.000,9.500,
8,accepted,0.000,11.500,
9,accepted,0.500,13.788,
23,accepted,0.501,12.287,
15,accepted,0.501,11.787,
4,accepted,0.000,11.792,
13,accepted,0.000,11.792,
6,accepted,0.500,11.291,
5,accepted,0.499,8.292,
20,accepted,1.500,10.791,
0,accepted,0.000,8.793,
3,accepted,0.500,11.292,
30,accepted,0.000,9.792,
12,accepted,0.499,11.292,
7,accepted,0.500,11.792,
10,accepted,0.000,10.793,
22,accepted,0.788,11.294,
2,accepted,0.000,12.792,
17,accepted,0.000,12.792,
19,accepted,1.501,15.792,
18,accepted,0.000,11.792,
16,accepted,0.000,11.292,
29,accepted,0.000,9.792,
31,accepted,0.000,12.791,
25,accepted,0.000,11.292,
28,accepted,0.000,12.791,
15,accepted,0.000,9.005,
21,accepted,0.000,13.293,
26,accepted,0.000,13.293,
9,accepted,0.000,10.005,
27,accepted,0.000,11.293,
11,accepted,0.000,12.292,
8,accepted,0.000,11.291,
14,accepted,0.000,11.291,
23,accepted,0.000,10.504,
24,accepted,0.499,12.292,
6,accepted,0.000,8.999,
1,accepted,0.000,13.793,
20,accepted,0.000,9.001,
4,accepted,1.001,12.001,
13,accepted,0.000,12.001,
0,accepted,0.000,10.000,
30,accepted,0.501,9.001,
5,accepted,0.000,11.501,
12,accepted,0.000,9.501,
3,accepted,0.501,14.000,
22,accepted,0.499,11.500,
16,accepted,0.500,9.501,
7,accepted,0.000,13.000,
10,accepted,0.499,14.000,
29,accepted,0.500,10.500,
31,accepted,0.000,10.500,
21,accepted,0.000,12.000,
26,accepted,0.000,12.000,
2,accepted,0.000,13.501,
28,accepted,0.000,12.000,
15,accepted,0.000,12.500,
25,accepted,0.000,12.500,
18,accepted,0.500,12.999,
17,accepted,0.499,14.500,
27,accepted,0.000,11.999,
19,accepted,0.000,14.500,
6,accepted,0.500,12.000,
14,accepted,0.000,12.500,
9,accepted,1.500,12.999,
24,accepted,0.500,12.500,
30,accepted,0.000,10.499,
13,accepted,0.500,10.499,
1,accepted,0.500,12.500,
8,accepted,0.000,14.001,
11,accepted,0.000,14.001,
4,accepted,0.500,10.999,
0,accepted,0.000,10.999,
23,accepted,1.000,14.001,
5,accepted,0.500,11.499,
20,accepted,0.500,14.001,
12,accepted,0.500,11.501,
16,accepted,0.000,7.500,
22,accepted,0.000,9.499,
7,accepted,0.500,9.499,
29,accepted,0.000,8.500,
10,accepted,0.499,9.500,
18,accepted,0.503,8.500,
27,accepted,0.498,8.000,
3,accepted,0.498,13.328,
31,accepted,0.500,11.329,
21,accepted,1.001,10.502,
14,accepted,0.499,8.502,
17,accepted,1.001,10.007,
2,accepted,1.500,11.500,
15,accepted,1.001,11.000,
6,accepted,1.000,11.000,
19,accepted,0.499,12.000,
13,accepted,0.000,10.500,
25,accepted,0.499,13.001,
8,accepted,0.500,10.000,
9,accepted,0.501,11.501,
20,accepted,0.000,8.999,
26,accepted,1.500,13.500,
28,accepted,1.500,13.500,
24,accepted,0.499,11.501,
1,accepted,0.000,10.500,
11,accepted,0.000,10.499,
4,accepted,0.000,10.499,
16,accepted,0.500,8.999,
30,accepted,0.500,10.999,
23,accepted,0.500,10.499,
0,accepted,0.000,10.499,
5,accepted,0.500,11.503,
12,accepted,0.500,11.002,
22,accepted,0.000,11.000,
7,accepted,0.000,11.000,
21,accepted,0.499,9.499,
27,accepted,0.501,11.502,
29,accepted,0.000,14.000,
31,accepted,0.499,11.171,
18,accepted,0.000,12.000,
3,accepted,0.000,11.171,
1,accepted,0.501,7.999,
14,accepted,1.000,11.498,
2,accepted,0.000,11.000,
6,accepted,0.497,9.500,
10,accepted,0.000,14.999,
17,accepted,0.000,11.993,
19,accepted,0.000,10.000,
8,accepted,0.500,11.000,
20,accepted,0.501,11.000,
28,accepted,0.000,11.000,
9,accepted,0.000,11.499,
16,accepted,0.000,11.000,
13,accepted,0.500,11.499,
26,accepted,0.000,11.999,
12,accepted,0.498,9.997,
15,accepted,0.500,14.000,
5,accepted,0.000,9.997,
25,accepted,0.000,11.999,
24,accepted,0.000,11.999,
4,accepted,0.000,13.000,
30,accepted,0.000,13.000,
0,accepted,0.502,13.000,
11,accepted,0.000,13.000,
22,accepted,0.500,10.500,
21,accepted,0.000,10.000,
23,accepted,0.000,16.001,
6,accepted,0.500,7.501,
7,accepted,0.000,12.001,
14,accepted,0.500,8.500,
31,accepted,0.501,9.499,
10,accepted,0.000,8.001,
18,accepted,0.501,10.500,
3,accepted,0.000,10.500,
19,accepted,0.000,10.501,
29,accepted,1.500,12.501,
17,accepted,0.000,10.501,
1,accepted,0.999,12.002,
2,accepted,0.000,11.001,
5,accepted,0.501,9.000,
28,accepted,0.500,9.999,
25,accepted,0.000,9.000,
24,accepted,0.499,9.000,
8,accepted,0.000,9.999,
9,accepted,0.500,10.000,
27,accepted,1.500,15.497,
13,accepted,0.000,11.000,
16,accepted,0.000,11.000,
15,accepted,1.000,11.000,
21,accepted,0.000,8.999,
7,accepted,0.000,8.999,
20,accepted,0.499,14.500,
11,accepted,0.500,12.000,
12,accepted,0.498,13.500,
30,accepted,0.498,12.499,
0,accepted,0.501,13.501,
22,accepted,0.000,12.001,
10,accepted,0.500,11.499,
31,accepted,0.999,12.001,
14,accepted,0.000,12.001,
23,accepted,0.000,13.499,
6,accepted,0.999,13.999,
3,accepted,0.500,13.001,
25,accepted,0.500,10.001,
18,accepted,0.500,13.001,
16,accepted,0.000,9.000,
19,accepted,0.499,11.499,
24,accepted,0.500,10.500,
8,accepted,0.502,11.000,
17,accepted,0.000,11.999,
27,accepted,0.499,9.500,
2,accepted,0.000,12.501,
26,accepted,0.501,20.502,
4,accepted,0.000,19.002,
5,accepted,0.000,11.502,
9,accepted,0.499,11.502,
13,accepted,0.501,10.502,
28,accepted,0.000,12.002,
12,accepted,0.000,9.000,
1,accepted,0.499,14.499,
15,accepted,0.500,11.501,
11,accepted,0.000,9.000,
20,accepted,0.499,10.000,
21,accepted,0.499,10.000,
30,accepted,0.000,9.501,
7,accepted,0.000,10.000,
29,accepted,0.499,16.499,
22,accepted,1.001,10.002,
0,accepted,0.501,10.002,
14,accepted,0.501,8.543,
6,accepted,0.499,8.048,
18,accepted,0.000,8.546,
25,accepted,0.499,9.047,
3,accepted,0.501,9.546,
24,accepted,0.500,10.048,
10,accepted,0.000,12.547,
31,accepted,0.000,12.547,
16,accepted,0.000,10.048,
23,accepted,0.502,12.547,
19,accepted,0.500,11.047,
8,accepted,0.000,12.047,
0,accepted,0.500,7.543,
5,accepted,0.000,12.044,
9,accepted,0.000,11.545,
12,accepted,0.503,10.046,
13,accepted,0.540,11.545,
1,accepted,0.000,10.046,
15,accepted,0.503,10.046,
4,accepted,0.503,12.044,
28,accepted,0.000,12.546,
2,accepted,0.000,13.045,
17,accepted,0.500,13.547,
27,accepted,0.000,13.547,
6,accepted,0.500,6.999,
20,accepted,0.000,10.547,
26,accepted,0.000,13.545,
11,accepted,0.505,11.547,
30,accepted,0.499,10.547,
7,accepted,0.000,11.047,
29,accepted,0.501,10.047,
21,accepted,0.499,11.047,
22,accepted,0.000,10.046,
18,accepted,0.000,7.502,
14,accepted,0.500,11.005,
25,accepted,0.000,10.499,
3,accepted,0.000,9.999,
24,accepted,0.000,11.999,
31,accepted,0.499,11.999,
16,accepted,0.000,11.999,
17,accepted,0.000,9.000,
12,accepted,0.499,11.002,
2,accepted,0.000,10.001,
9,accepted,0.499,11.502,
19,accepted,0.500,14.500,
23,accepted,0.000,14.500,
10,accepted,0.501,15.499,
28,accepted,0.000,12.002,
0,accepted,0.499,13.003,
5,accepted,0.000,13.003,
7,accepted,0.000,12.031,
22,accepted,0.000,12.534,
29,accepted,0.499,13.035,
20,accepted,1.501,13.535,
21,accepted,0.000,13.035,
18,accepted,0.000,12.534,
6,accepted,0.500,14.535,
27,accepted,0.000,14.535,
3,accepted,0.000,9.535,
4,accepted,0.500,15.536,
26,accepted,0.502,14.535,
13,accepted,0.501,16.037,
15,accepted,0.500,16.037,
8,accepted,0.000,16.536,
1,accepted,0.500,16.037,
11,accepted,1.501,14.535,
30,accepted,0.000,15.036,
25,accepted,0.000,10.537,
14,accepted,0.500,12.535,
16,accepted,0.000,8.036,
24,accepted,0.000,8.536,
31,accepted,0.000,9.036,
17,accepted,0.000,9.535,
2,accepted,0.000,9.037,
9,accepted,0.499,9.535,
19,accepted,0.499,9.036,
10,accepted,0.500,10.036,
23,accepted,0.000,10.036,
5,accepted,0.000,9.534,
7,accepted,0.000,9.071,
28,accepted,0.000,10.100,
0,accepted,0.500,10.100,
12,accepted,0.505,12.605,
18,accepted,0.000,8.571,
21,accepted,0.000,9.070,
6,accepted,0.500,8.570,
20,accepted,0.500,9.570,
3,accepted,0.000,9.070,
11,accepted,0.000,8.570,
8,accepted,0.000,9.069,
27,accepted,0.499,9.570,
16,accepted,1.000,8.069,
29,accepted,0.500,10.070,
14,accepted,0.498,10.569,
26,accepted,1.000,11.070,
22,accepted,0.500,12.071,
30,accepted,0.502,10.569,
4,accepted,0.499,12.072,
2,accepted,0.500,10.069,
1,accepted,0.498,14.070,
24,accepted,0.500,12.570,
13,accepted,0.000,14.070,
25,accepted,0.498,14.069,
15,accepted,0.502,14.570,
19,accepted,0.000,10.071,
31,accepted,0.000,13.571,
17,accepted,0.000,13.070,
9,accepted,0.000,12.070,
21,accepted,0.000,9.501,
6,accepted,0.000,10.000,
16,accepted,0.000,9.501,
23,accepted,0.000,12.070,
10,accepted,0.626,12.570,
12,accepted,0.000,12.001,
11,accepted,0.500,13.501,
7,accepted,0.000,15.504,
5,accepted,0.000,16.070,
28,accepted,0.000,15.504,
3,accepted,0.500,14.999,
31,accepted,0.500,7.998,
30,accepted,0.000,12.998,
15,accepted,0.000,9.498,
1,accepted,0.500,9.998,
20,accepted,0.000,15.499,
13,accepted,0.000,10.498,
26,accepted,0.499,13.499,
8,accepted,0.000,15.499,
14,accepted,0.499,13.499,
27,accepted,0.000,15.499,
22,accepted,0.000,13.499,
29,accepted,0.501,15.499,
0,accepted,0.000,17.503,
2,accepted,0.000,10.498,
18,accepted,0.000,16.998,
25,accepted,0.499,10.500,
19,accepted,0.000,10.000,
6,accepted,0.501,7.501,
4,accepted,0.500,14.000,
9,accepted,0.499,8.501,
21,accepted,0.000,8.000,
24,accepted,0.500,12.000,
17,accepted,0.000,10.500,
12,accepted,0.500,9.500,
16,accepted,0.500,10.501,
23,accepted,0.000,11.501,
3,accepted,0.501,6.502,
10,accepted,0.000,12.500,
7,accepted,0.501,9.000,
11,accepted,0.000,9.999,
5,accepted,0.499,9.500,
1,accepted,0.501,8.882,
20,accepted,0.501,10.373,
30,accepted,0.000,12.062,
18,accepted,0.000,11.561,
14,accepted,0.501,12.066,
4,accepted,0.000,11.063,
29,accepted,0.500,12.066,
19,accepted,0.501,11.063,
2,accepted,0.501,12.066,
31,accepted,1.000,13.565,
26,accepted,0.501,13.409,
17,accepted,0.501,10.908,
16,accepted,0.000,8.907,
22,accepted,1.000,14.065,
13,accepted,0.499,14.065,
27,accepted,0.499,14.065,
21,accepted,1.001,13.063,
25,accepted,0.000,13.564,
24,accepted,0.000,12.563,
8,accepted,0.000,14.564,
28,accepted,0.499,16.563,
15,accepted,0.501,15.065,
7,accepted,0.000,7.563,
12,accepted,0.500,10.062,
23,accepted,0.000,9.562,
0,accepted,1.001,15.064,
6,accepted,1.500,14.062,
5,accepted,0.000,9.633,
9,accepted,1.500,16.132,
10,accepted,0.000,10.133,
3,accepted,0.000,11.632,
30,accepted,0.656,6.572,
1,accepted,0.000,10.252,
11,accepted,0.000,11.132,
18,accepted,0.656,9.072,
20,accepted,0.656,10.761,
4,accepted,1.002,10.068,
29,accepted,0.000,10.068,
27,accepted,0.505,8.069,
14,accepted,1.064,10.567,
2,accepted,0.000,12.068,
16,accepted,0.563,10.724,
26,accepted,0.000,10.724,
25,accepted,0.000,10.068,
17,accepted,1.000,10.724,
13,accepted,0.499,10.568,
15,accepted,0.000,10.569,
21,accepted,0.500,11.569,
31,accepted,0.505,13.069,
28,accepted,0.000,11.069,
22,accepted,0.000,11.569,
23,accepted,0.499,10.569,
19,accepted,0.499,13.568,
3,accepted,0.000,9.499,
8,accepted,0.000,12.069,
5,accepted,0.500,9.499,
24,accepted,0.000,12.569,
9,accepted,0.501,9.999,
6,accepted,0.000,12.069,
10,accepted,0.000,10.499,
12,accepted,0.499,13.569,
7,accepted,0.000,14.069,
18,accepted,0.000,10.500,
16,accepted,0.000,7.001,
11,accepted,0.500,12.501,
0,accepted,0.000,16.070,
30,accepted,0.500,13.500,
29,accepted,0.000,10.999,
20,accepted,0.000,12.499,
14,accepted,0.500,10.500,
4,accepted,0.500,10.999,
19,accepted,0.000,9.312,
25,accepted,0.500,11.317,
1,accepted,0.000,16.817,
27,accepted,0.500,13.316,
13,accepted,0.000,11.318,
17,accepted,0.500,11.818,
2,accepted,0.000,13.317,
28,accepted,0.000,12.317,
26,accepted,0.500,13.817,
21,accepted,0.000,12.317,
31,accepted,0.000,13.815,
15,accepted,0.000,14.816,
23,accepted,0.000,14.316,
9,accepted,0.000,13.818,
22,accepted,0.000,15.816,
24,accepted,0.000,14.816,
8,accepted,0.499,14.816,
29,accepted,0.000,9.816,
4,accepted,0.000,9.816,
18,accepted,0.000,11.815,
0,accepted,0.000,12.316,
10,accepted,0.000,16.316,
12,accepted,0.000,15.817,
7,accepted,0.000,15.316,
16,accepted,0.000,12.816,
30,accepted,1.818,12.316,
3,accepted,0.000,17.316,
5,accepted,0.000,17.316,
6,accepted,0.000,17.317,
1,accepted,0.000,9.001,
20,accepted,0.501,11.317,
11,accepted,1.006,13.816,
14,accepted,0.500,12.817,
25,accepted,0.500,11.501,
2,accepted,0.000,11.000,
17,accepted,0.000,12.499,
13,accepted,0.000,12.499,
28,accepted,0.499,10.500,
19,accepted,0.499,14.005,
27,accepted,0.000,13.501,
15,accepted,0.000,9.002,
21,accepted,0.500,11.500,
26,accepted,0.000,12.000,
23,accepted,0.000,11.000,
29,accepted,0.000,8.501,
31,accepted,0.000,12.002,
7,accepted,0.498,7.501,
24,accepted,1.001,11.500,
12,accepted,0.501,9.000,
3,accepted,0.000,10.501,
20,accepted,0.499,10.000,
0,accepted,0.000,11.001,
16,accepted,0.000,10.501,
11,accepted,0.500,10.001,
30,accepted,0.501,11.001,
8,accepted,0.501,13.501,
18,accepted,0.500,12.001,
13,accepted,0.500,6.500,
4,accepted,1.499,12.500,
5,accepted,0.000,11.500,
9,accepted,1.000,14.499,
22,accepted,1.501,14.000,
10,accepted,0.500,12.001,
1,accepted,0.501,11.999,
14,accepted,0.000,11.000,
6,accepted,0.501,12.499,
27,accepted,0.000,11.499,
26,accepted,0.000,11.000,
2,accepted,0.501,12.999,
25,accepted,0.499,15.094,
19,accepted,0.000,13.094,
17,accepted,0.000,13.595,
15,accepted,0.000,13.094,
28,accepted,0.000,13.595,
23,accepted,0.000,11.620,
24,accepted,0.501,9.620,
21,accepted,0.000,15.124,
29,accepted,0.000,13.622,
12,accepted,0.499,13.125,
7,accepted,0.499,14.624,
9,accepted,0.000,11.123,
1,accepted,0.000,11.124,
30,accepted,0.500,12.623,
11,accepted,0.000,12.623,
10,accepted,0.000,12.123,
4,accepted,0.500,12.623,
8,accepted,0.000,13.123,
18,accepted,0.595,13.123,
0,accepted,0.000,13.623,
20,accepted,0.000,13.623,
13,accepted,0.000,13.624,
31,accepted,0.499,17.622,
3,accepted,0.000,14.623,
14,accepted,0.500,12.123,
22,accepted,0.000,13.623,
16,accepted,0.000,14.623,
27,accepted,0.000,8.623,
25,accepted,0.500,7.028,
2,accepted,0.000,8.123,
26,accepted,0.504,8.623,
5,accepted,0.000,14.623,
17,accepted,0.500,9.028,
6,accepted,2.001,14.624,
28,accepted,1.002,11.028,
24,accepted,0.501,10.503,
23,accepted,0.501,11.004,
21,accepted,0.499,8.999,
29,accepted,0.000,9.000,
15,accepted,1.501,12.028,
10,accepted,0.000,6.000,
19,accepted,1.002,12.028,
30,accepted,0.500,7.999,
7,accepted,0.000,9.499,
18,accepted,0.000,9.000,
9,accepted,0.000,11.502,
27,accepted,0.500,9.930,
12,accepted,0.000,12.928,
1,accepted,0.500,12.001,
0,accepted,0.998,12.999,
13,accepted,0.500,12.498,
4,accepted,0.500,12.999,
22,accepted,0.500,13.001,
16,accepted,0.000,13.500,
5,accepted,0.500,12.500,
6,accepted,0.500,10.998,
14,accepted,0.500,13.500,
3,accepted,0.500,13.500,
11,accepted,0.000,15.998,
10,accepted,0.000,9.499,
25,accepted,0.500,14.499,
31,accepted,0.500,14.499,
26,accepted,0.000,13.999,
2,accepted,0.500,13.999,
8,accepted,0.500,16.006,
20,accepted,0.500,16.006,
30,accepted,0.000,8.506,
28,accepted,0.000,11.007,
17,accepted,0.000,13.007,
19,accepted,0.000,11.010,
24,accepted,0.501,12.511,
27,accepted,0.000,6.581,
9,accepted,0.000,8.010,
7,accepted,0.000,10.510,
29,accepted,0.500,12.011,
23,accepted,0.000,13.012,
21,accepted,0.500,13.012,
15,accepted,0.500,12.511,
12,accepted,0.000,8.581,
1,accepted,0.000,9.009,
18,accepted,0.000,12.511,
11,accepted,0.000,6.512,
16,accepted,0.499,8.515,
14,accepted,0.000,9.012,
5,accepted,1.000,9.511,
13,accepted,1.499,11.011,
4,accepted,1.000,11.011,
6,accepted,0.000,9.511,
0,accepted,1.499,11.011,
22,accepted,0.499,10.010,
10,accepted,0.500,9.012,
28,accepted,0.500,9.004,
3,accepted,0.500,10.511,
20,accepted,0.500,9.004,
30,accepted,0.500,9.004,
25,accepted,0.500,9.511,
31,accepted,0.500,10.012,
27,accepted,0.000,8.999,
17,accepted,0.499,10.504,
24,accepted,0.501,10.000,
2,accepted,0.499,12.012,
8,accepted,0.501,11.505,
19,accepted,0.000,10.501,
29,accepted,0.000,9.501,
9,accepted,0.000,10.000,
21,accepted,0.000,9.499,
23,accepted,0.000,10.000,
16,accepted,0.000,6.496,
15,accepted,0.000,10.999,
26,accepted,0.000,14.511,
12,accepted,0.500,12.001,
7,accepted,0.000,13.501,
13,accepted,1.001,8.499,
18,accepted,0.500,10.998,
11,accepted,0.000,10.999,
6,accepted,1.001,8.999,
31,accepted,1.001,7.498,
1,accepted,0.000,13.004,
5,accepted,1.500,9.504,
14,accepted,0.000,10.003,
20,accepted,0.501,8.504,
4,accepted,1.500,9.999,
22,accepted,0.500,10.499,
10,accepted,0.499,9.999,
28,accepted,0.000,10.000,
24,accepted,0.000,7.500,
0,accepted,0.500,11.000,
3,accepted,0.501,11.000,
30,accepted,0.000,11.000,
17,accepted,0.499,9.500,
25,accepted,0.000,12.001,
8,accepted,0.000,9.500,
19,accepted,0.500,10.500,
6,accepted,0.000,5.001,
27,accepted,0.000,11.500,
21,accepted,0.000,11.500,
2,accepted,0.500,12.000,
29,accepted,0.500,12.000,
9,accepted,0.501,11.500,
23,accepted,0.000,11.000,
16,accepted,0.000,10.000,
15,accepted,0.000,10.000,
26,accepted,0.500,10.001,
12,accepted,0.000,8.999,
7,accepted,0.000,10.499,
18,accepted,0.499,9.501,
13,accepted,0.000,10.000,
22,accepted,1.500,8.501,
10,accepted,0.500,9.001,
31,accepted,0.500,12.501,
11,accepted,0.000,12.501,
4,accepted,1.000,12.000,
5,accepted,1.500,12.995,
24,accepted,0.501,12.499,
3,accepted,0.499,11.500,
9,accepted,0.501,8.499,
8,accepted,0.500,10.999,
0,accepted,0.000,14.000,
20,accepted,1.500,15.496,
1,accepted,2.000,15.496,
28,accepted,1.001,14.000,
14,accepted,1.500,15.496,
27,accepted,0.500,11.500,
21,accepted,0.501,10.500,
6,accepted,0.500,12.501,
17,accepted,0.500,15.500,
30,accepted,1.000,15.500,
18,accepted,0.500,11.000,
7,accepted,0.499,11.502,
12,accepted,0.000,13.002,
25,accepted,0.500,16.502,
16,accepted,0.000,14.002,
29,accepted,0.499,14.002,
19,accepted,0.500,15.502,
23,accepted,0.000,14.499,
2,accepted,0.500,14.499,
15,accepted,0.500,14.499,
11,accepted,0.501,8.500,
24,accepted,0.000,6.500,
26,accepted,0.501,14.000,
5,accepted,0.500,8.001,
10,accepted,0.000,11.000,
13,accepted,0.500,12.501,
22,accepted,0.000,12.501,
31,accepted,0.000,10.499,
9,accepted,0.000,9.001,
4,accepted,0.000,11.001,
28,accepted,0.000,8.000,
3,accepted,0.501,9.500,
14,accepted,0.501,8.499,
27,accepted,0.500,8.500,
8,accepted,0.000,10.501,
21,accepted,0.000,9.499,
17,accepted,0.000,8.000,
20,accepted,0.502,11.000,
0,accepted,0.000,11.000,
18,accepted,0.000,8.999,
30,accepted,0.000,11.000,
6,accepted,0.502,11.999,
1,accepted,0.000,13.500,
7,accepted,0.500,8.998,
24,accepted,0.000,8.500,
12,accepted,0.000,9.496,
25,accepted,2.501,9.496,
19,accepted,0.501,11.997,
4,accepted,0.000,8.500,
29,accepted,1.000,12.997,
22,accepted,0.499,10.999,
16,accepted,1.000,13.497,
11,accepted,0.501,13.000,
26,accepted,0.501,13.000,
15,accepted,0.500,13.000,
23,accepted,1.000,13.000,
9,accepted,0.500,10.500,
8,accepted,0.000,9.000,
5,accepted,0.500,14.000,
10,accepted,0.000,14.000,
2,accepted,0.501,14.500,
17,accepted,0.000,9.000,
13,accepted,0.000,13.499,
21,accepted,0.500,9.500,
27,accepted,0.500,11.500,
0,accepted,0.499,9.500,
28,accepted,0.500,12.500,
20,accepted,0.000,10.501,
6,accepted,0.000,8.500,
3,accepted,0.000,14.000,
18,accepted,0.000,9.000,
31,accepted,0.000,15.000,
14,accepted,0.000,14.001,
30,accepted,0.000,9.500,
1,accepted,0.000,9.500,
7,accepted,0.500,10.501,
24,accepted,0.000,11.000,
25,accepted,1.000,13.001,
22,accepted,0.500,9.500,
4,accepted,0.500,11.500,
19,accepted,0.500,11.500,
12,accepted,0.501,16.002,
2,accepted,0.500,10.501,
16,accepted,0.500,13.500,
23,accepted,0.000,13.500,
29,accepted,0.500,14.000,
17,accepted,0.000,12.000,
11,accepted,0.500,13.500,
10,accepted,0.500,12.000,
9,accepted,0.501,13.499,
26,accepted,0.000,14.000,
0,accepted,0.499,11.500,
28,accepted,0.000,11.500,
27,accepted,0.499,11.999,
5,accepted,0.000,12.999,
31,accepted,0.000,10.499,
21,accepted,0.000,12.499,
8,accepted,0.500,14.499,
15,accepted,0.501,14.999,
13,accepted,0.000,13.499,
1,accepted,0.000,9.999,
20,accepted,0.501,11.498,
30,accepted,0.000,9.999,
6,accepted,0.000,11.501,
18,accepted,0.000,12.001,
14,accepted,0.000,11.501,
7,accepted,0.000,10.000,
24,accepted,1.000,10.999,
3,accepted,0.501,13.499,
22,accepted,0.000,9.001,
25,accepted,0.000,10.500,
19,accepted,0.000,10.000,
4,accepted,0.000,10.501,
26,accepted,0.499,7.002,
11,accepted,0.000,7.502,
2,accepted,0.000,9.499,
29,accepted,0.000,8.502,
0,accepted,0.000,8.501,
9,accepted,1.000,9.000,
12,accepted,0.000,11.500,
23,accepted,0.000,10.501,
17,accepted,0.501,11.002,
1,accepted,0.501,10.001,
14,accepted,0.501,9.000,
27,accepted,0.000,11.001,
21,accepted,0.501,11.001,
5,accepted,0.499,11.001,
31,accepted,0.000,11.001,
10,accepted,0.499,12.500,
15,accepted,0.499,11.001,
28,accepted,0.501,12.000,
8,accepted,0.499,11.001,
16,accepted,0.499,12.500,
13,accepted,1.001,11.501,
6,accepted,1.002,11.499,
3,accepted,1.002,10.001,
20,accepted,1.002,12.501,
24,accepted,1.001,10.501,
19,accepted,0.000,8.500,
25,accepted,0.000,9.000,
4,accepted,0.000,8.499,
7,accepted,1.002,12.999,
30,accepted,1.502,14.501,
18,accepted,1.002,13.499,
22,accepted,0.000,11.500,
26,accepted,0.000,9.498,
2,accepted,0.000,9.000,
29,accepted,0.000,8.498,
11,accepted,0.000,9.498,
0,accepted,0.000,9.501,
17,accepted,0.000,8.998,
21,accepted,0.000,8.000,
12,accepted,0.501,11.999,
1,accepted,0.000,10.499,
23,accepted,0.500,11.998,
9,accepted,0.000,13.501,
15,accepted,0.000,10.501,
28,accepted,0.500,11.314,
31,accepted,0.500,11.813,
20,accepted,0.000,9.813,
27,accepted,0.000,13.000,
14,accepted,0.000,13.499,
2,accepted,0.500,8.500,
5,accepted,0.000,13.500,
10,accepted,0.000,13.000,
16,accepted,1.001,14.500,
13,accepted,1.001,13.999,
4,accepted,0.000,11.499,
19,accepted,0.000,12.000,
25,accepted,0.000,12.501,
6,accepted,1.001,14.001,
3,accepted,1.001,13.501,
8,accepted,1.001,15.502,
7,accepted,0.000,12.502,
22,accepted,0.500,12.500,
26,accepted,0.500,11.999,
18,accepted,0.500,12.999,
30,accepted,1.500,14.000,
24,accepted,0.501,15.500,
29,accepted,0.501,13.000,
0,accepted,0.000,11.499,
17,accepted,0.000,10.001,
21,accepted,0.686,10.503,
23,accepted,0.000,8.501,
11,accepted,0.501,14.000,
1,accepted,0.000,10.500,
9,accepted,1.000,10.501,
12,accepted,0.500,11.502,
14,accepted,0.000,10.000,
16,accepted,0.000,8.001,
27,accepted,0.000,10.500,
20,accepted,0.501,11.687,
13,accepted,0.501,9.001,
15,accepted,1.001,13.499,
19,accepted,0.000,9.999,
24,accepted,0.000,7.499,
2,accepted,0.000,12.000,
28,accepted,0.501,13.686,
31,accepted,0.000,13.686,
30,accepted,0.000,7.999,
5,accepted,0.502,12.500,
25,accepted,0.000,10.499,
3,accepted,0.000,10.999,
4,accepted,0.000,11.501,
7,accepted,0.000,10.498,
10,accepted,0.502,13.000,
29,accepted,0.000,8.499,
11,accepted,0.000,8.499,
17,accepted,0.500,9.999,
23,accepted,0.000,8.999,
18,accepted,0.000,11.501,
0,accepted,0.501,10.500,
22,accepted,0.000,13.000,
8,accepted,0.499,13.498,
6,accepted,0.000,14.499,
1,accepted,0.000,10.000,
14,accepted,0.000,9.000,
21,accepted,0.000,13.497,
9,accepted,0.000,10.999,
27,accepted,0.000,9.000,
20,accepted,0.000,10.000,
26,accepted,0.000,16.501,
28,accepted,0.498,9.501,
16,accepted,0.000,12.001,
11,accepted,0.000,8.001,
10,accepted,0.501,9.001,
12,accepted,0.500,14.000,
15,accepted,0.000,11.002,
13,accepted,0.000,11.501,
17,accepted,0.501,8.500,
31,accepted,0.500,11.500,
19,accepted,0.500,13.500,
2,accepted,0.500,13.500,
5,accepted,0.000,14.000,
0,accepted,0.000,11.499,
30,accepted,0.501,14.000,
23,accepted,0.501,12.000,
18,accepted,0.000,11.499,
24,accepted,1.001,15.000,
4,accepted,0.500,14.000,
7,accepted,0.000,14.500,
1,accepted,0.000,10.500,
25,accepted,0.000,16.500,
22,accepted,0.500,14.001,
8,accepted,0.500,14.001,
29,accepted,0.500,17.001,
3,accepted,0.499,17.001,
14,accepted,0.000,12.499,
27,accepted,0.000,11.999,
6,accepted,0.000,14.500,
16,accepted,0.000,9.498,
20,accepted,0.000,11.499,
21,accepted,0.500,12.999,
26,accepted,0.000,11.499,
9,accepted,0.500,12.499,
12,accepted,0.000,10.499,
10,accepted,0.500,10.499,
11,accepted,0.000,11.499,
17,accepted,0.500,10.500,
15,accepted,0.000,11.499,
13,accepted,0.000,13.000,
28,accepted,0.499,14.000,
31,accepted,0.000,12.001,
2,accepted,0.500,10.501,
23,accepted,0.499,10.000,
5,accepted,0.000,10.000,
19,accepted,0.501,11.501,
4,accepted,0.500,10.001,
24,accepted,0.500,10.500,
29,accepted,0.000,7.999,
22,accepted,0.500,8.499,
8,accepted,0.000,8.499,
7,accepted,0.500,11.000,
1,accepted,0.500,11.000,
30,accepted,1.001,12.000,
18,accepted,0.501,12.502,
0,accepted,0.501,13.001,
3,accepted,0.500,10.000,
14,accepted,0.000,9.001,
25,accepted,0.000,11.001,
6,accepted,0.000,9.001,
10,accepted,0.000,7.500,
21,accepted,0.000,10.003,
12,accepted,0.000,9.002,
16,accepted,0.000,11.000,
27,accepted,0.500,11.000,
20,accepted,0.000,11.001,
26,accepted,0.499,11.501,
9,accepted,0.499,11.501,
17,accepted,0.499,10.001,
11,accepted,0.501,10.001,
15,accepted,0.000,10.500,
13,accepted,0.500,9.500,
31,accepted,0.000,9.499,
19,accepted,0.501,7.999,
28,accepted,0.501,9.999,
2,accepted,0.000,10.000,
23,accepted,0.000,10.001,
24,accepted,1.499,9.000,
8,accepted,0.496,8.501,
5,accepted,1.499,10.501,
22,accepted,0.998,9.001,
30,accepted,0.000,9.001,
29,accepted,0.496,10.001,
1,accepted,0.501,11.001,
21,accepted,0.501,8.911,
3,accepted,0.000,10.413,
4,accepted,1.499,13.413,
14,accepted,0.000,10.413,
25,accepted,0.500,11.000,
12,accepted,0.000,10.498,
15,accepted,0.500,9.520,
27,accepted,0.000,11.521,
10,accepted,0.499,13.520,
18,accepted,0.000,14.520,
17,accepted,0.000,10.520,
7,accepted,0.496,15.521,
26,accepted,0.000,11.521,
16,accepted,0.501,12.522,
28,accepted,0.499,9.021,
0,accepted,0.499,15.521,
20,accepted,0.000,12.520,
6,accepted,0.499,15.020,
24,accepted,0.000,8.521,
23,accepted,0.000,8.521,
9,accepted,0.000,12.020,
2,accepted,0.499,9.520,
11,accepted,0.000,12.020,
13,accepted,0.500,11.519,
31,accepted,0.000,11.836,
19,accepted,0.000,11.836,
1,accepted,0.000,8.521,
5,accepted,0.000,11.021,
21,accepted,0.507,7.608,
8,accepted,0.515,12.020,
30,accepted,0.498,12.021,
22,accepted,0.515,12.021,
14,accepted,0.498,9.108,
4,accepted,0.500,9.606,
29,accepted,0.000,12.019,
12,accepted,0.499,8.520,
25,accepted,0.499,10.020,
3,accepted,0.000,10.607,
18,accepted,0.000,8.999,
15,accepted,0.000,8.999,
10,accepted,1.185,9.500,
27,accepted,0.500,9.500,
7,accepted,0.684,9.000,
16,accepted,0.000,8.999,
28,accepted,0.498,8.999,
17,accepted,0.000,10.000,
0,accepted,0.501,9.500,
26,accepted,0.498,10.499,
11,accepted,0.501,9.999,
2,accepted,0.498,9.999,
23,accepted,0.498,10.499,
20,accepted,0.501,10.499,
6,accepted,0.501,10.499,
13,accepted,0.000,10.001,
9,accepted,0.501,11.000,
24,accepted,0.501,11.499,
1,accepted,0.500,8.499,
22,accepted,0.501,6.998,
19,accepted,0.500,11.184,
31,accepted,0.000,11.184,
21,accepted,0.500,10.999,
5,accepted,0.500,10.999,
8,accepted,0.000,10.999,
30,accepted,0.501,10.498,
14,accepted,0.499,10.998,
29,accepted,0.500,11.500,
27,accepted,0.500,8.499,
12,accepted,0.000,11.500,
25,accepted,0.499,11.000,
10,accepted,0.000,9.000,
3,accepted,0.000,11.000,
18,accepted,0.500,10.001,
6,accepted,0.000,7.001,
4,accepted,0.000,12.501,
15,accepted,0.500,10.501,
11,accepted,0.500,8.001,
7,accepted,0.000,10.500,
2,accepted,0.500,9.000,
16,accepted,0.500,11.000,
28,accepted,0.000,11.000,
17,accepted,0.500,10.500,
20,accepted,0.500,9.501,
23,accepted,0.500,9.501,
0,accepted,0.000,10.500,
13,accepted,0.500,10.000,
9,accepted,0.000,10.500,
22,accepted,0.000,10.000,
26,accepted,0.500,12.501,
1,accepted,0.500,11.500,
31,accepted,0.000,11.000,
21,accepted,0.500,10.000,
19,accepted,1.500,11.000,
8,accepted,0.500,9.001,
24,accepted,0.500,12.500,
30,accepted,0.500,9.501,
5,accepted,0.000,10.500,
14,accepted,0.000,9.500,
27,accepted,0.500,8.501,
6,accepted,0.000,7.999,
12,accepted,0.500,10.000,
4,accepted,0.000,10.103,
29,accepted,0.000,12.108,
10,accepted,0.000,11.607,
18,accepted,0.500,12.108,
25,accepted,0.000,12.609,
3,accepted,0.000,12.609,
11,accepted,0.000,11.109,
15,accepted,0.000,11.608,
7,accepted,0.500,12.108,
17,accepted,0.500,11.607,
16,accepted,0.500,12.107,
1,accepted,1.000,9.110,
0,accepted,0.499,12.640,
23,accepted,0.500,12.640,
2,accepted,0.499,13.646,
28,accepted,0.500,13.646,
19,accepted,0.499,10.144,
31,accepted,0.000,10.644,
13,accepted,1.000,13.644,
9,accepted,0.000,13.144,
22,accepted,0.499,13.144,
20,accepted,0.000,14.644,
21,accepted,0.000,11.645,
24,accepted,0.501,12.145,
26,accepted,1.000,13.644,
8,accepted,0.500,12.145,
4,accepted,0.498,9.621,
30,accepted,0.498,12.725,
6,accepted,0.000,11.726,
5,accepted,0.501,12.725,
17,accepted,0.000,6.622,
12,accepted,0.000,10.729,
27,accepted,0.000,13.230,
3,accepted,0.000,10.120,
29,accepted,0.000,11.122,
14,accepted,0.498,14.729,
11,accepted,0.000,10.620,
10,accepted,0.502,11.622,
25,accepted,0.498,11.120,
7,accepted,0.000,10.121,
1,accepted,0.000,8.620,
18,accepted,0.506,11.120,
15,accepted,0.506,11.120,
28,accepted,0.999,8.584,
23,accepted,0.000,9.589,
16,accepted,0.000,10.622,
2,accepted,0.999,12.083,
0,accepted,0.499,12.589,
19,accepted,0.581,11.085,
20,accepted,0.500,11.586,
13,accepted,0.504,11.586,
21,accepted,0.502,10.585,
26,accepted,0.500,10.085,
24,accepted,0.000,11.085,
9,accepted,0.000,12.585,
31,accepted,0.502,13.586,
8,accepted,0.000,12.085,
29,accepted,0.000,9.001,
12,accepted,0.000,11.501,
30,accepted,0.000,12.005,
6,accepted,0.000,12.505,
17,accepted,0.000,12.001,
27,accepted,0.000,11.499,
22,accepted,0.499,15.086,
4,accepted,0.000,12.505,
5,accepted,0.499,12.505,
15,accepted,0.500,9.000,
1,accepted,0.500,9.000,
3,accepted,0.000,10.500,
14,accepted,0.498,11.500,
11,accepted,0.499,11.500,
10,accepted,0.000,11.500,
28,accepted,0.000,9.999,
16,accepted,0.999,10.001,
25,accepted,0.999,11.501,
20,accepted,0.000,7.999,
7,accepted,0.000,13.500,
2,accepted,0.000,10.000,
18,accepted,0.999,15.000,
0,accepted,0.500,10.500,
26,accepted,0.000,11.000,
24,accepted,0.000,10.001,
13,accepted,0.000,11.000,
19,accepted,0.000,12.501,
9,accepted,0.000,10.501,
31,accepted,0.000,9.500,
21,accepted,0.000,11.500,
23,accepted,0.999,15.501,
11,accepted,0.000,6.500,
10,accepted,0.000,7.001,
8,accepted,0.501,10.500,
5,accepted,0.499,9.825,
27,accepted,0.000,10.500,
22,accepted,0.000,10.500,
3,accepted,0.000,10.501,
12,accepted,0.000,12.000,
30,accepted,0.501,12.000,
29,accepted,0.501,12.500,
16,accepted,1.000,9.499,
28,accepted,0.500,10.000,
14,accepted,0.000,11.000,
25,accepted,0.000,9.999,
6,accepted,0.500,12.499,
17,accepted,0.000,12.499,
4,accepted,0.000,12.499,
15,accepted,1.500,13.000,
1,accepted,0.000,13.000,
20,accepted,0.500,9.080,
7,accepted,0.000,9.080,
26,accepted,0.674,6.585,
2,accepted,0.825,9.583,
23,accepted,0.000,7.585,
18,accepted,0.325,9.585,
13,accepted,0.501,9.583,
24,accepted,0.000,9.583,
0,accepted,0.000,11.583,
9,accepted,0.000,9.583,
31,accepted,0.499,11.083,
19,accepted,0.501,11.083,
5,accepted,0.506,10.758,
10,accepted,0.000,11.583,
21,accepted,0.000,12.583,
11,accepted,0.000,12.084,
25,accepted,0.000,10.084,
16,accepted,0.500,10.584,
3,accepted,0.000,11.583,
28,accepted,0.000,10.584,
14,accepted,0.000,10.084,
8,accepted,0.000,13.583,
29,accepted,0.500,11.583,
30,accepted,0.000,11.583,
12,accepted,0.000,11.583,
27,accepted,0.000,12.583,
22,accepted,0.506,12.583,
1,accepted,1.000,10.084,
18,accepted,0.000,7.998,
15,accepted,1.000,12.084,
4,accepted,1.000,12.584,
13,accepted,0.499,8.500,
24,accepted,0.000,9.001,
0,accepted,0.000,8.501,
23,accepted,0.000,11.000,
6,accepted,1.998,14.085,
17,accepted,1.498,14.085,
7,accepted,1.498,13.006,
26,accepted,0.000,12.999,
20,accepted,1.000,13.504,
31,accepted,0.000,8.501,
9,accepted,0.000,11.001,
2,accepted,0.500,13.501,
21,accepted,0.499,9.499,
11,accepted,0.000,9.999,
5,accepted,0.500,11.000,
19,accepted,0.500,12.501,
10,accepted,0.000,11.999,
27,accepted,0.499,9.500,
29,accepted,0.500,10.000,
14,accepted,1.000,10.500,
25,accepted,0.000,10.500,
16,accepted,0.000,10.500,
30,accepted,0.999,11.001,
15,accepted,0.500,9.000,
3,accepted,0.000,11.500,
18,accepted,0.000,10.501,
1,accepted,0.000,11.500,
12,accepted,0.501,11.999,
22,accepted,0.500,11.999,
23,accepted,0.000,8.498,
28,accepted,1.000,12.499,
8,accepted,0.500,12.499,
0,accepted,0.000,10.499,
20,accepted,0.000,9.999,
24,accepted,0.500,10.999,
2,accepted,0.000,8.499,
4,accepted,0.500,11.999,
13,accepted,0.000,11.499,
6,accepted,0.000,11.999,
31,accepted,0.000,11.000,
7,accepted,0.000,11.999,
17,accepted,0.000,11.999,
26,accepted,0.000,11.500,
19,accepted,0.501,7.000,
9,accepted,0.500,10.999,
11,accepted,0.501,11.001,
16,accepted,1.001,9.999,
10,accepted,0.000,11.001,
21,accepted,0.500,13.501,
27,accepted,1.500,12.002,
5,accepted,0.500,13.001,
29,accepted,1.001,11.501,
30,accepted,1.500,11.803,
18,accepted,0.501,11.803,
25,accepted,0.000,12.803,
1,accepted,1.500,11.304,
14,accepted,0.499,13.501,
22,accepted,0.000,11.502,
3,accepted,1.001,13.000,
15,accepted,1.001,13.000,
31,accepted,0.000,9.000,
23,accepted,0.000,12.501,
28,accepted,0.499,12.501,
12,accepted,0.000,12.501,
20,accepted,0.499,11.003,
8,accepted,0.499,13.501,
9,accepted,0.499,9.001,
6,accepted,0.000,10.500,
0,accepted,0.000,12.001,
2,accepted,0.000,12.001,
13,accepted,0.498,12.501,
4,accepted,0.499,13.001,
24,accepted,0.000,13.001,
7,accepted,0.499,11.500,
17,accepted,0.000,12.500,
19,accepted,0.499,13.999,
26,accepted,0.499,13.999,
11,accepted,0.000,11.499,
29,accepted,0.502,8.999,
5,accepted,0.499,8.999,
25,accepted,0.000,9.196,
27,accepted,0.501,10.999,
21,accepted,0.000,11.999,
16,accepted,1.197,12.501,
10,accepted,0.499,11.999,
30,accepted,0.000,11.198,
12,accepted,0.500,9.999,
22,accepted,0.500,11.998,
18,accepted,0.500,12.696,
23,accepted,0.500,10.999,
28,accepted,0.500,10.999,
20,accepted,0.000,10.997,
8,accepted,0.500,10.499,
6,accepted,0.000,10.998,
3,accepted,0.500,12.999,
9,accepted,0.000,11.499,
17,accepted,0.000,8.999,
7,accepted,0.499,11.499,
4,accepted,0.499,12.000,
0,accepted,0.000,12.999,
31,accepted,0.000,14.499,
15,accepted,0.000,15.501,
2,accepted,0.000,13.500,
13,accepted,0.000,13.000,
24,accepted,0.000,12.500,
1,accepted,0.000,16.697,
14,accepted,0.000,16.000,
27,accepted,0.000,8.000,
19,accepted,1.502,11.001,
26,accepted,1.502,11.501,
5,accepted,0.501,10.500,
11,accepted,0.498,12.500,
30,accepted,0.500,8.498,
21,accepted,0.000,10.000,
29,accepted,0.500,11.999,
25,accepted,0.000,11.000,
16,accepted,0.000,10.500,
20,accepted,0.500,7.501,
18,accepted,0.498,8.001,
23,accepted,0.000,10.500,
22,accepted,0.499,10.500,
10,accepted,0.000,16.000,
12,accepted,0.000,14.001,
15,accepted,0.000,9.500,
17,accepted,0.000,12.502,
28,accepted,0.500,14.002,
3,accepted,0.500,12.502,
4,accepted,0.000,10.501,
0,accepted,0.000,11.000,
13,accepted,0.000,10.500,
8,accepted,0.500,14.001,
6,accepted,0.000,13.001,
7,accepted,0.000,12.000,
2,accepted,1.501,11.500,
31,accepted,0.000,12.000,
9,accepted,0.000,14.001,
24,accepted,0.000,11.500,
26,accepted,0.000,10.500,
1,accepted,1.001,12.499,
14,accepted,1.001,12.499,
29,accepted,0.500,9.500,
11,accepted,0.000,9.500,
27,accepted,0.000,11.499,
5,accepted,0.500,11.999,
16,accepted,0.000,10.001,
30,accepted,0.000,11.000,
19,accepted,0.000,13.500,
22,accepted,0.000,8.001,
21,accepted,0.500,11.501,
25,accepted,0.000,11.502,
18,accepted,0.000,12.000,
20,accepted,0.501,12.500,
17,accepted,0.000,7.000,
23,accepted,0.000,11.000,
3,accepted,0.501,7.998,
12,accepted,0.000,9.999,
4,accepted,2.002,10.499,
6,accepted,1.500,10.000,
15,accepted,0.500,11.000,
10,accepted,0.501,11.499,
8,accepted,1.000,10.499,
2,accepted,1.500,9.499,
28,accepted,1.999,10.998,
9,accepted,0.502,9.499,
0,accepted,1.002,10.999,
24,accepted,0.497,9.999,
13,accepted,1.002,10.999,
7,accepted,1.002,10.499,
5,accepted,0.000,7.999,
31,accepted,2.000,11.001,
25,accepted,0.000,7.499,
29,accepted,0.501,10.001,
16,accepted,0.500,9.500,
26,accepted,0.500,10.999,
11,accepted,1.000,11.001,
30,accepted,0.501,9.500,
14,accepted,0.500,11.001,
1,accepted,0.501,11.500,
27,accepted,0.498,13.000,
19,accepted,0.000,10.999,
22,accepted,0.000,11.501,
21,accepted,0.000,11.501,
23,accepted,0.000,9.002,
3,accepted,0.500,8.502,
20,accepted,0.501,11.000,
17,accepted,0.000,10.499,
18,accepted,0.000,11.500,
6,accepted,0.500,7.500,
10,accepted,0.000,7.500,
2,accepted,0.000,9.002,
4,accepted,1.000,9.501,
15,accepted,0.000,10.500,
7,accepted,0.000,12.001,
8,accepted,0.500,13.001,
1,accepted,0.000,11.001,
30,accepted,0.000,11.501,
31,accepted,0.501,13.000,
23,accepted,0.501,9.000,
19,accepted,0.000,10.001,
5,accepted,0.501,14.002,
29,accepted,0.500,13.000,
25,accepted,0.500,13.499,
0,accepted,0.000,14.500,
16,accepted,0.500,13.000,
26,accepted,0.498,13.000,
9,accepted,0.500,15.000,
13,accepted,0.500,14.500,
12,accepted,1.000,17.000,
24,accepted,0.500,14.500,
28,accepted,0.500,15.000,
3,accepted,0.498,10.499,
22,accepted,0.000,10.999,
11,accepted,0.501,13.500,
20,accepted,0.000,9.500,
14,accepted,0.501,13.999,
27,accepted,0.000,12.000,
21,accepted,0.000,11.499,
17,accepted,0.501,12.001,
18,accepted,0.000,12.500,
2,accepted,0.000,10.499,
6,accepted,0.000,12.500,
10,accepted,1.002,13.501,
4,accepted,0.501,11.500,
15,accepted,0.500,11.500,
8,accepted,0.000,8.500,
7,accepted,0.000,9.500,
23,accepted,0.501,8.500,
12,accepted,0.000,8.002,
30,accepted,0.000,9.000,
1,accepted,0.500,9.499,
9,accepted,0.500,9.001,
31,accepted,0.500,9.500,
5,accepted,0.000,9.500,
24,accepted,0.000,9.501,
28,accepted,0.501,10.001,
19,accepted,0.499,10.499,
29,accepted,0.000,10.499,
25,accepted,0.000,10.500,
22,accepted,0.500,9.500,
3,accepted,0.500,10.000,
11,accepted,0.501,10.000,
26,accepted,0.501,11.501,
13,accepted,0.500,12.001,
0,accepted,1.001,12.001,
21,accepted,0.000,10.500,
16,accepted,1.001,12.500,
14,accepted,0.500,11.000,
20,accepted,0.500,11.999,
27,accepted,0.500,11.499,
18,accepted,0.000,9.500,
6,accepted,0.499,9.000,
17,accepted,0.500,9.998,
4,accepted,0.499,9.499,
2,accepted,1.000,10.500,
10,accepted,0.000,10.000,
15,accepted,0.000,9.500,
7,accepted,0.500,10.000,
8,accepted,0.000,10.499,
23,accepted,0.000,9.499,
30,accepted,0.499,10.499,
12,accepted,0.000,11.001,
9,accepted,0.000,11.999,
1,accepted,0.499,12.999,
29,accepted,0.500,11.499,
5,accepted,0.000,12.999,
22,accepted,0.000,11.500,
19,accepted,0.500,12.000,
11,accepted,0.500,11.000,
31,accepted,0.000,12.999,
25,accepted,0.500,12.001,
24,accepted,0.000,13.500,
28,accepted,0.500,13.000,
20,accepted,0.500,10.502,
3,accepted,0.000,12.501,
0,accepted,0.000,12.001,
21,accepted,0.000,12.001,
13,accepted,0.000,13.000,
26,accepted,0.000,13.499,
14,accepted,0.000,13.501,
17,accepted,0.000,12.501,
18,accepted,0.000,12.501,
27,accepted,0.500,14.000,
16,accepted,0.500,14.500,
6,accepted,0.000,13.499,
2,accepted,0.000,12.500,
9,accepted,0.501,7.500,
7,accepted,0.000,11.500,
23,accepted,0.000,10.999,
15,accepted,0.000,13.000,
4,accepted,0.500,14.000,
10,accepted,0.499,13.500,
1,accepted,0.499,8.001,
19,accepted,0.000,7.500,
8,accepted,0.000,12.500,
25,accepted,0.500,6.999,
29,accepted,0.501,8.501,
11,accepted,0.000,8.001,
30,accepted,0.000,12.501,
12,accepted,0.501,13.998,
31,accepted,0.000,11.000,
22,accepted,0.000,11.000,
20,accepted,0.499,9.999,
24,accepted,0.000,10.499,
5,accepted,0.000,11.500,
3,accepted,0.500,9.999,
0,accepted,0.000,9.999,
14,accepted,0.000,8.000,
28,accepted,0.500,11.500,
18,accepted,0.999,9.499,
21,accepted,1.500,12.000,
17,accepted,0.000,10.001,
13,accepted,0.000,11.002,
26,accepted,0.000,12.000,
15,accepted,0.000,8.999,
16,accepted,0.000,11.502,
27,accepted,0.499,11.502,
6,accepted,0.499,11.502,
23,accepted,0.000,10.002,
25,accepted,0.999,10.001,
8,accepted,0.999,10.001,
2,accepted,0.501,12.001,
19,accepted,0.999,10.001,
7,accepted,0.501,11.001,
4,accepted,0.499,10.501,
9,accepted,0.000,12.501,
31,accepted,0.000,8.501,
22,accepted,0.000,8.501,
11,accepted,0.000,11.999,
29,accepted,0.500,12.500,
1,accepted,0.000,14.000,
30,accepted,0.000,13.999,
12,accepted,0.502,13.000,
10,accepted,0.000,17.000,
3,accepted,0.000,13.000,
14,accepted,0.502,12.499,
24,accepted,0.000,13.501,
26,accepted,0.499,10.000,
13,accepted,0.500,11.498,
23,accepted,0.000,8.998,
21,accepted,0.502,11.498,
18,accepted,0.000,12.000,
15,accepted,0.000,9.500,
17,accepted,0.000,11.498,
0,accepted,0.502,14.000,
20,accepted,0.000,14.500,
28,accepted,0.502,13.500,
16,accepted,0.000,11.038,
5,accepted,0.000,16.040,
27,accepted,0.000,11.038,
31,accepted,0.000,8.541,
4,accepted,0.000,10.540,
6,accepted,0.000,11.539,
22,accepted,0.000,9.040,
7,accepted,0.000,11.040,
25,accepted,0.000,11.040,
29,accepted,0.500,9.540,
9,accepted,0.000,11.041,
8,accepted,0.000,13.039,
19,accepted,0.000,13.039,
30,accepted,0.000,9.040,
1,accepted,0.000,10.539,
11,accepted,0.500,12.040,
17,accepted,0.000,7.042,
2,accepted,0.000,15.041,
12,accepted,0.000,9.540,
14,accepted,0.000,9.040,
3,accepted,1.040,9.040,
10,accepted,0.504,10.040,
18,accepted,0.000,8.540,
23,accepted,0.501,9.540,
27,accepted,0.501,8.001,
28,accepted,0.499,9.541,
0,accepted,0.000,10.041,
6,accepted,0.500,8.000,
24,accepted,0.000,11.040,
16,accepted,0.000,8.501,
21,accepted,0.000,11.041,
26,accepted,0.500,11.539,
7,accepted,0.000,8.999,
13,accepted,0.000,12.041,
15,accepted,0.499,12.543,
20,accepted,0.499,12.042,
29,accepted,0.000,8.001,
5,accepted,0.000,11.001,
30,accepted,0.500,8.001,
9,accepted,0.000,10.000,
25,accepted,0.500,11.500,
19,accepted,0.000,10.500,
11,accepted,0.000,9.000,
22,accepted,0.502,12.499,
31,accepted,0.500,13.499,
4,accepted,0.500,13.499,
1,accepted,0.000,10.501,
8,accepted,0.000,12.000,
2,accepted,1.500,10.998,
21,accepted,0.000,7.000,
17,accepted,1.000,14.998,
12,accepted,0.501,14.000,
3,accepted,0.000,15.000,
14,accepted,0.000,15.000,
23,accepted,0.499,14.999,
25,accepted,0.500,9.998,
20,accepted,0.000,11.997,
30,accepted,0.000,9.998,
5,accepted,0.499,11.498,
27,accepted,0.000,14.499,
16,accepted,0.000,14.998,
0,accepted,0.000,14.998,
15,accepted,0.000,14.000,
7,accepted,0.499,14.501,
19,accepted,0.000,11.002,
18,accepted,0.499,18.002,
26,accepted,0.000,15.502,
10,accepted,0.000,18.002,
11,accepted,0.500,11.002,
29,accepted,0.000,14.000,
6,accepted,0.500,16.000,
8,accepted,0.999,9.501,
9,accepted,0.499,12.001,
28,accepted,0.000,16.501,
13,accepted,1.000,14.501,
21,accepted,0.000,9.001,
24,accepted,0.000,16.500,
31,accepted,0.500,11.001,
4,accepted,0.500,11.001,
22,accepted,1.500,12.000,
1,accepted,0.000,12.001,
2,accepted,0.000,11.001,
17,accepted,0.000,7.001,
12,accepted,0.000,8.000,
3,accepted,0.000,8.501,
27,accepted,0.000,8.001,
25,accepted,0.499,8.001,
18,accepted,0.000,7.000,
23,accepted,0.499,9.003,
0,accepted,0.000,8.501,
20,accepted,0.501,10.001,
26,accepted,1.500,8.499,
14,accepted,0.000,12.500,
16,accepted,0.499,10.001,
30,accepted,0.501,11.501,
5,accepted,0.499,11.501,
19,accepted,1.500,9.499,
15,accepted,0.999,9.999,
11,accepted,1.501,10.998,
10,accepted,1.500,10.998,
22,accepted,2.001,11.000,
24,accepted,0.000,11.499,
1,accepted,0.501,9.499,
8,accepted,1.002,12.502,
7,accepted,2.001,12.502,
13,accepted,1.501,12.502,
28,accepted,0.501,12.502,
29,accepted,1.002,12.502,
9,accepted,1.501,14.001,
17,accepted,0.500,11.501,
12,accepted,0.000,10.502,
25,accepted,0.000,9.500,
2,accepted,0.499,12.999,
27,accepted,0.500,9.500,
23,accepted,0.000,9.000,
3,accepted,0.502,11.000,
21,accepted,0.000,15.501,
31,accepted,0.000,15.501,
6,accepted,2.001,16.000,
4,accepted,0.499,15.999,
18,accepted,0.501,9.498,
26,accepted,0.501,8.499,
0,accepted,0.500,12.500,
20,accepted,0.499,12.000,
16,accepted,0.000,11.000,
30,accepted,0.503,10.500,
14,accepted,0.501,11.000,
29,accepted,0.498,7.997,
10,accepted,0.501,9.501,
7,accepted,0.000,8.496,
22,accepted,1.001,10.499,
15,accepted,1.500,12.498,
19,accepted,0.000,14.000,
5,accepted,0.496,14.000,
11,accepted,0.501,15.120,
13,accepted,0.000,14.116,
8,accepted,0.499,14.615,
6,accepted,0.000,11.117,
28,accepted,0.000,15.115,
24,accepted,0.501,15.618,
27,accepted,0.500,12.117,
25,accepted,0.500,12.117,
1,accepted,0.501,15.618,
2,accepted,0.000,13.617,
17,accepted,0.500,15.116,
3,accepted,0.499,13.117,
12,accepted,0.000,15.116,
23,accepted,0.000,13.117,
4,accepted,0.499,12.618,
9,accepted,0.000,15.116,
31,accepted,0.499,13.117,
29,accepted,0.501,9.119,
18,accepted,0.000,14.618,
21,accepted,0.500,15.117,
30,accepted,0.000,11.618,
26,accepted,0.000,15.118,
0,accepted,0.500,12.618,
22,accepted,0.000,10.119,
15,accepted,0.501,11.118,
16,accepted,0.000,13.618,
14,accepted,0.000,15.119,
19,accepted,0.000,11.618,
20,accepted,0.000,15.618,
24,accepted,0.000,8.500,
2,accepted,0.000,7.500,
13,accepted,0.000,9.999,
10,accepted,0.500,16.118,
7,accepted,0.000,15.618,
5,accepted,0.000,13.118,
1,accepted,0.000,9.000,
11,accepted,0.498,10.998,
12,accepted,0.500,8.500,
6,accepted,0.000,10.500,
28,accepted,0.000,10.500,
3,accepted,0.500,9.499,
9,accepted,0.000,11.001,
23,accepted,0.502,11.501,
29,accepted,1.000,10.999,
25,accepted,0.000,13.001,
17,accepted,0.000,11.501,
27,accepted,0.000,13.001,
8,accepted,0.000,13.501,
31,accepted,0.000,11.501,
4,accepted,0.000,11.501,
21,accepted,0.499,10.000,
0,accepted,0.501,8.501,
18,accepted,1.000,10.499,
30,accepted,0.500,10.500,
26,accepted,0.000,10.000,
19,accepted,0.000,8.000,
15,accepted,0.000,9.501,
14,accepted,0.000,8.499,
22,accepted,0.000,11.500,
16,accepted,0.499,10.501,
24,accepted,0.000,9.057,
10,accepted,0.000,9.061,
13,accepted,0.000,9.562,
11,accepted,0.000,10.063,
20,accepted,0.499,12.062,
12,accepted,1.000,10.062,
7,accepted,0.000,11.062,
3,accepted,0.000,9.062,
1,accepted,0.000,11.562,
2,accepted,0.000,11.562,
17,accepted,1.500,8.060,
6,accepted,0.000,11.062,
25,accepted,0.000,9.060,
5,accepted,0.499,13.061,
27,accepted,1.001,9.060,
29,accepted,0.000,9.060,
28,accepted,0.501,11.561,
9,accepted,0.501,9.561,
23,accepted,0.000,9.060,
21,accepted,0.000,8.561,
4,accepted,0.501,9.561,
26,accepted,0.500,8.562,
30,accepted,0.000,8.562,
15,accepted,0.000,9.061,
8,accepted,0.501,12.561,
19,accepted,0.000,10.061,
22,accepted,0.500,11.062,
31,accepted,0.500,14.562,
18,accepted,0.000,15.562,
14,accepted,0.501,14.063,
0,accepted,0.500,16.562,
25,accepted,0.000,8.500,
24,accepted,0.000,13.004,
16,accepted,0.000,14.061,
10,accepted,0.499,12.500,
29,accepted,1.000,9.000,
13,accepted,0.000,13.501,
28,accepted,1.503,10.002,
2,accepted,0.000,12.000,
11,accepted,0.000,13.000,
23,accepted,0.497,12.001,
4,accepted,0.497,11.501,
27,accepted,1.503,12.001,
12,accepted,0.000,14.000,
17,accepted,0.000,13.500,
30,accepted,0.499,12.000,
5,accepted,0.500,13.001,
20,accepted,0.501,15.000,
7,accepted,0.000,15.500,
3,accepted,0.500,15.500,
19,accepted,0.000,10.000,
9,accepted,0.504,14.001,
6,accepted,0.500,15.001,
1,accepted,0.500,15.500,
21,accepted,1.003,14.001,
18,accepted,0.000,7.000,
22,accepted,0.000,9.499,
8,accepted,0.500,11.500,
26,accepted,0.000,14.499,
15,accepted,0.000,13.000,
31,accepted,0.000,9.999,
25,accepted,0.000,8.001,
0,accepted,0.000,8.499,
16,accepted,0.000,9.500,
10,accepted,0.000,9.500,
24,accepted,0.500,11.000,
14,accepted,0.000,11.498,
30,accepted,0.501,7.999,
29,accepted,0.501,12.500,
11,accepted,1.500,10.999,
3,accepted,0.000,8.000,
2,accepted,0.000,10.999,
28,accepted,0.500,11.999,
4,accepted,0.000,10.000,
13,accepted,0.000,11.999,
15,accepted,0.499,7.000,
5,accepted,0.499,9.500,
12,accepted,1.000,10.500,
27,accepted,0.500,10.500,
17,accepted,0.499,10.001,
21,accepted,0.501,9.001,
9,accepted,0.500,9.500,
23,accepted,0.000,12.000,
0,accepted,0.500,8.000,
7,accepted,0.500,11.001,
1,accepted,0.501,10.500,
8,accepted,0.501,9.500,
20,accepted,0.000,11.500,
18,accepted,0.000,11.000,
26,accepted,0.000,10.500,
19,accepted,0.000,12.500,
16,accepted,0.000,8.001,
22,accepted,0.000,11.000,
6,accepted,0.000,12.500,
10,accepted,0.000,8.500,
25,accepted,0.499,10.500,
31,accepted,0.000,12.501,
24,accepted,0.000,9.001,
4,accepted,0.000,7.499,
30,accepted,0.500,8.500,
14,accepted,0.000,10.000,
29,accepted,1.000,9.501,
3,accepted,0.500,9.501,
2,accepted,0.500,9.501,
11,accepted,1.000,10.001,
5,accepted,0.000,9.000,
13,accepted,0.500,9.500,
17,accepted,0.000,9.499,
7,accepted,0.501,7.499,
9,accepted,0.000,9.000,
1,accepted,0.501,8.000,
8,accepted,0.000,11.500,
15,accepted,0.000,13.500,
23,accepted,0.501,12.000,
0,accepted,0.000,12.500,
28,accepted,0.000,15.500,
20,accepted,0.499,13.000,
6,accepted,0.000,11.999,
26,accepted,0.000,12.499,
25,accepted,0.000,11.499,
24,accepted,0.000,9.999,
10,accepted,0.000,12.501,
12,accepted,0.000,16.501,
18,accepted,0.499,14.000,
19,accepted,0.000,13.500,
27,accepted,0.000,17.500,
21,accepted,0.500,16.999,
29,accepted,0.500,9.000,
14,accepted,0.000,11.501,
16,accepted,0.500,15.001,
22,accepted,0.500,15.001,
31,accepted,0.000,13.000,
30,accepted,0.501,12.002,
1,accepted,0.501,9.501,
9,accepted,0.500,9.501,
4,accepted,0.000,14.500,
7,accepted,0.000,12.000,
3,accepted,0.000,12.999,
11,accepted,0.498,12.499,
5,accepted,0.498,12.499,
2,accepted,1.000,12.999,
17,accepted,0.499,12.000,
13,accepted,0.000,13.001,
20,accepted,0.500,7.499,
23,accepted,0.499,9.500,
15,accepted,0.000,9.500,
8,accepted,0.502,11.001,
0,accepted,0.500,10.000,
6,accepted,0.499,8.501,
10,accepted,0.501,7.999,
28,accepted,0.000,9.500,
24,accepted,0.000,9.001,
22,accepted,0.500,7.502,
25,accepted,0.499,10.004,
27,accepted,0.000,9.002,
21,accepted,0.000,9.002,
29,accepted,0.000,9.499,
12,accepted,0.000,10.498,
26,accepted,0.000,11.001,
5,accepted,0.000,7.502,
9,accepted,1.000,9.501,
14,accepted,1.000,10.999,
13,accepted,0.000,7.499,
20,accepted,0.000,8.502,
11,accepted,0.000,9.502,
4,accepted,0.000,9.502,
3,accepted,0.000,10.001,
16,accepted,0.499,12.999,
19,accepted,0.499,14.500,
7,accepted,0.000,10.001,
17,accepted,0.000,10.001,
30,accepted,0.499,12.999,
31,accepted,1.000,13.499,
1,accepted,0.501,12.500,
18,accepted,1.499,15.000,
8,accepted,0.000,8.002,
2,accepted,0.000,11.501,
28,accepted,0.000,8.500,
6,accepted,0.000,8.500,
15,accepted,0.000,10.501,
29,accepted,0.000,7.500,
0,accepted,0.500,9.999,
10,accepted,0.500,9.999,
22,accepted,0.000,8.497,
26,accepted,0.501,9.000,
25,accepted,0.000,9.997,
27,accepted,0.500,9.497,
21,accepted,0.000,9.497,
23,accepted,0.501,13.500,
24,accepted,0.502,11.500,
12,accepted,0.000,9.500,
5,accepted,0.000,9.126,
9,accepted,0.999,9.630,
13,accepted,0.500,10.131,
14,accepted,0.000,10.131,
20,accepted,0.000,8.629,
18,accepted,0.000,9.132,
11,accepted,0.500,10.131,
3,accepted,0.500,9.632,
16,accepted,0.501,10.130,
7,accepted,0.498,10.130,
8,accepted,0.501,9.128,
19,accepted,0.000,11.132,
6,accepted,0.500,10.131,
27,accepted,0.504,8.631,
4,accepted,0.500,13.629,
1,accepted,0.500,12.630,
17,accepted,0.500,13.130,
28,accepted,0.000,12.155,
22,accepted,0.504,10.655,
30,accepted,0.500,13.155,
29,accepted,0.000,10.655,
10,accepted,0.627,11.131,
0,accepted,0.627,11.131,
2,accepted,0.000,13.131,
31,accepted,0.000,14.131,
15,accepted,0.500,12.631,
25,accepted,0.000,10.132,
26,accepted,0.500,11.132,
21,accepted,0.000,12.133,
23,accepted,0.000,11.633,
12,accepted,0.500,12.131,
18,accepted,0.000,7.499,
9,accepted,0.999,11.001,
3,accepted,0.501,9.499,
14,accepted,0.000,11.001,
24,accepted,0.000,14.631,
16,accepted,0.000,9.501,
7,accepted,0.499,10.500,
11,accepted,0.524,10.998,
8,accepted,0.000,10.500,
1,accepted,0.501,8.501,
20,accepted,0.476,13.501,
13,accepted,0.000,14.000,
5,accepted,0.000,15.504,
0,accepted,0.501,9.001,
25,accepted,0.000,8.500,
17,accepted,0.000,10.001,
4,accepted,0.000,10.001,
6,accepted,0.000,11.500,
19,accepted,0.500,13.500,
27,accepted,0.000,11.502,
28,accepted,0.000,10.977,
29,accepted,0.000,10.977,
2,accepted,0.499,10.001,
26,accepted,0.501,9.001,
22,accepted,0.000,11.476,
30,accepted,0.500,11.476,
15,accepted,0.000,10.500,
12,accepted,0.501,8.000,
10,accepted,0.501,12.000,
9,accepted,0.000,8.501,
18,accepted,1.000,10.499,
31,accepted,0.000,12.999,
14,accepted,0.500,8.999,
21,accepted,1.000,12.998,
23,accepted,1.500,13.499,
7,accepted,0.500,9.501,
3,accepted,0.500,11.000,
16,accepted,0.000,11.001,
20,accepted,0.000,9.001,
11,accepted,0.000,10.501,
24,accepted,0.500,11.501,
19,accepted,0.000,7.999,
25,accepted,0.000,9.499,
8,accepted,0.501,12.000,
1,accepted,0.000,11.500,
6,accepted,0.000,10.500,
13,accepted,0.000,11.501,
0,accepted,0.500,10.500,
4,accepted,0.499,10.500,
29,accepted,0.499,9.000,
5,accepted,0.000,11.501,
17,accepted,0.502,10.500,
27,accepted,0.501,9.999,
28,accepted,0.501,10.498,
12,accepted,0.500,10.500,
30,accepted,0.500,11.002,
15,accepted,0.500,11.002,
22,accepted,0.000,11.999,
9,accepted,0.000,10.998,
26,accepted,0.501,12.999,
2,accepted,0.000,13.998,
10,accepted,1.001,14.500,
23,accepted,0.000,10.500,
14,accepted,0.500,12.501,
21,accepted,0.000,12.001,
11,accepted,0.000,10.999,
7,accepted,0.000,12.000,
31,accepted,0.500,15.001,
19,accepted,0.000,10.000,
1,accepted,0.000,9.501,
25,accepted,0.000,10.000,
3,accepted,0.000,12.999,
16,accepted,0.501,13.499,
18,accepted,0.500,16.501,
8,accepted,0.500,12.000,
20,accepted,0.000,13.999,
28,accepted,0.498,9.501,
24,accepted,0.000,13.499,
12,accepted,0.500,10.001,
10,accepted,0.000,5.502,
0,accepted,0.500,12.999,
6,accepted,0.000,12.999,
26,accepted,0.503,9.500,
15,accepted,0.501,11.499,
29,accepted,0.501,14.000,
2,accepted,0.000,9.002,
27,accepted,0.000,13.000,
17,accepted,1.000,14.499,
13,accepted,1.000,14.499,
22,accepted,1.002,11.000,
14,accepted,0.000,8.499,
30,accepted,0.000,12.998,
5,accepted,1.002,15.999,
4,accepted,1.002,15.999,
23,accepted,0.000,8.999,
9,accepted,1.002,12.000,
31,accepted,0.501,8.499,
25,accepted,0.000,9.000,
19,accepted,0.000,9.499,
21,accepted,0.500,10.499,
8,accepted,0.000,7.500,
3,accepted,0.498,9.501,
7,accepted,0.501,10.500,
11,accepted,0.000,11.000,
24,accepted,0.000,9.501,
1,accepted,0.999,11.500,
20,accepted,0.499,9.501,
12,accepted,0.000,9.000,
6,accepted,0.501,8.501,
28,accepted,0.000,11.000,
16,accepted,0.501,11.500,
18,accepted,0.000,12.000,
15,accepted,0.589,8.999,
0,accepted,0.000,10.000,
17,accepted,0.500,10.000,
13,accepted,0.500,10.000,
26,accepted,0.000,11.000,
27,accepted,0.499,10.999,
2,accepted,0.499,11.499,
14,accepted,0.500,10.501,
22,accepted,0.500,12.002,
30,accepted,0.500,11.002,
10,accepted,0.499,13.999,
29,accepted,0.589,12.500,
4,accepted,0.501,11.001,
8,accepted,0.500,8.501,
25,accepted,0.000,10.500,
9,accepted,0.000,12.501,
31,accepted,0.000,11.001,
7,accepted,0.500,9.500,
19,accepted,0.000,10.499,
11,accepted,0.000,9.500,
5,accepted,0.000,13.000,
23,accepted,0.000,13.000,
3,accepted,0.000,9.999,
1,accepted,0.500,8.999,
28,accepted,0.000,7.499,
21,accepted,0.499,11.000,
24,accepted,0.000,9.499,
18,accepted,0.000,8.499,
6,accepted,0.000,8.999,
12,accepted,0.000,10.999,
20,accepted,0.000,11.499,
16,accepted,0.500,10.000,
26,accepted,0.499,8.500,
27,accepted,0.000,8.000,
15,accepted,0.999,11.501,
17,accepted,0.500,10.502,
22,accepted,0.000,8.500,
14,accepted,0.499,9.500,
2,accepted,0.000,10.001,
13,accepted,0.500,11.501,
0,accepted,0.999,13.001,
25,accepted,0.501,9.000,
29,accepted,0.000,10.999,
8,accepted,0.499,13.499,
10,accepted,0.499,13.999,
4,accepted,0.501,13.499,
30,accepted,0.000,14.499,
21,accepted,0.501,12.001,
19,accepted,0.000,12.501,
20,accepted,0.501,10.500,
9,accepted,0.500,14.503,
7,accepted,0.000,14.503,
24,accepted,0.000,14.500,
14,accepted,0.000,9.000,
3,accepted,0.500,16.000,
18,accepted,0.000,14.000,
17,accepted,0.000,10.499,
23,accepted,0.000,17.002,
11,accepted,0.000,17.002,
27,accepted,0.000,13.001,
29,accepted,0.500,8.501,
1,accepted,0.000,16.501,
31,accepted,0.000,17.501,
6,accepted,0.000,15.001,
12,accepted,0.000,14.501,
16,accepted,0.000,14.501,
28,accepted,0.501,17.001,
15,accepted,0.000,12.001,
22,accepted,0.000,11.500,
13,accepted,0.500,11.500,
0,accepted,0.000,12.000,
5,accepted,0.500,19.500,
26,accepted,0.000,15.500,
2,accepted,0.000,13.500,
25,accepted,0.000,11.500,
8,accepted,0.497,9.000,
21,accepted,0.000,9.500,
20,accepted,0.500,8.500,
10,accepted,0.000,11.000,
4,accepted,0.000,12.001,
24,accepted,0.500,8.001,
7,accepted,0.999,9.998,
19,accepted,0.501,11.500,
9,accepted,0.501,9.998,
30,accepted,0.000,12.000,
17,accepted,0.500,8.000,
14,accepted,0.000,9.000,
11,accepted,0.000,9.499,
29,accepted,0.499,9.499,
27,accepted,0.500,9.499,
16,accepted,0.000,8.999,
18,accepted,0.000,10.500,
6,accepted,0.500,9.499,
3,accepted,1.000,10.500,
15,accepted,0.500,9.499,
26,accepted,0.000,8.001,
23,accepted,0.499,10.499,
12,accepted,0.000,11.499,
0,accepted,0.000,9.999,
2,accepted,0.000,9.000,
25,accepted,0.499,9.000,
13,accepted,0.000,11.501,
1,accepted,0.499,13.499,
31,accepted,0.000,13.499,
28,accepted,0.500,13.499,
24,accepted,0.536,7.500,
22,accepted,0.500,14.000,
21,accepted,0.000,9.501,
8,accepted,0.000,11.001,
5,accepted,0.500,13.501,
20,accepted,0.000,11.000,
10,accepted,0.536,10.500,
30,accepted,0.500,10.000,
19,accepted,1.001,10.000,
4,accepted,1.001,10.999,
6,accepted,0.000,9.000,
11,accepted,0.500,9.000,
27,accepted,0.501,9.000,
29,accepted,0.000,9.000,
9,accepted,0.999,12.500,
17,accepted,0.000,12.500,
18,accepted,0.500,10.499,
16,accepted,0.000,11.500,
7,accepted,2.501,14.000,
26,accepted,0.000,10.500,
14,accepted,0.500,14.000,
12,accepted,0.000,12.000,
13,accepted,0.000,11.999,
15,accepted,0.000,15.000,
25,accepted,0.000,13.000,
3,accepted,0.000,16.501,
0,accepted,0.000,14.001,
23,accepted,0.500,15.501,
1,accepted,0.000,12.501,
5,accepted,0.000,10.500,
21,accepted,0.000,12.499,
22,accepted,0.000,12.999,
28,accepted,0.000,13.500,
31,accepted,0.000,14.000,
8,accepted,0.000,12.999,
2,accepted,0.000,15.500,
10,accepted,0.000,12.000,
24,accepted,0.000,14.000,
11,accepted,0.500,10.500,
20,accepted,0.000,13.000,
4,accepted,0.500,13.000,
30,accepted,0.499,13.499,
6,accepted,0.500,13.502,
19,accepted,0.000,15.001,
16,accepted,0.500,12.500,
7,accepted,0.000,13.499,
14,accepted,0.000,12.999,
26,accepted,0.000,14.000,
27,accepted,0.000,16.500,
17,accepted,0.000,15.001,
9,accepted,0.000,16.000,
23,accepted,0.000,9.499,
29,accepted,0.000,17.000,
18,accepted,0.499,16.501,
3,accepted,0.499,10.499,
13,accepted,0.000,11.500,
15,accepted,0.000,11.500,
12,accepted,0.000,13.001,
5,accepted,0.000,10.501,
25,accepted,0.000,12.001,
28,accepted,1.001,10.001,
31,accepted,1.001,10.500,
4,accepted,0.000,8.499,
20,accepted,0.499,9.999,
22,accepted,1.502,11.499,
2,accepted,0.500,11.499,
11,accepted,0.000,10.999,
0,accepted,0.000,13.999,
21,accepted,1.001,13.501,
1,accepted,1.001,15.020,
16,accepted,0.000,7.521,
8,accepted,0.501,13.521,
10,accepted,0.501,13.527,
6,accepted,0.000,10.024,
24,accepted,0.000,14.526,
30,accepted,0.000,12.026,
14,accepted,0.500,10.527,
13,accepted,0.000,9.525,
15,accepted,0.500,10.525,
7,accepted,0.000,12.526,
12,accepted,0.000,10.524,
19,accepted,0.000,17.523,
29,accepted,0.506,14.025,
5,accepted,0.000,13.024,
25,accepted,0.000,13.024,
27,accepted,0.501,15.525,
9,accepted,1.027,15.525,
4,accepted,0.000,12.026,
16,accepted,0.499,10.505,
31,accepted,0.500,13.526,
3,accepted,0.000,15.026,
23,accepted,1.027,16.026,
22,accepted,0.500,13.027,
17,accepted,1.527,17.025,
28,accepted,1.027,14.525,
26,accepted,1.021,17.525,
18,accepted,0.506,16.525,
6,accepted,0.000,10.999,
2,accepted,0.000,14.026,
1,accepted,0.000,12.004,
20,accepted,0.499,14.026,
24,accepted,0.000,13.499,
21,accepted,0.500,15.525,
8,accepted,0.000,15.505,
14,accepted,0.000,12.003,
13,accepted,0.000,11.005,
30,accepted,0.500,14.504,
11,accepted,0.000,17.030,
0,accepted,0.000,17.030,
10,accepted,0.499,15.502,
25,accepted,0.000,8.001,
5,accepted,0.499,8.001,
27,accepted,0.500,7.500,
19,accepted,1.000,10.500,
15,accepted,1.000,13.000,
7,accepted,0.000,14.001,
22,accepted,0.498,9.000,
29,accepted,0.500,12.999,
12,accepted,0.500,15.000,
3,accepted,0.000,11.500,
4,accepted,0.000,12.001,
31,accepted,0.500,12.499,
26,accepted,0.000,11.499,
16,accepted,0.000,12.499,
23,accepted,0.000,12.499,
20,accepted,0.000,11.500,
24,accepted,0.000,9.001,
17,accepted,0.000,13.500,
6,accepted,0.000,12.501,
28,accepted,0.000,13.500,
9,accepted,0.000,14.501,
2,accepted,0.000,12.501,
1,accepted,0.500,13.001,
21,accepted,0.000,10.000,
8,accepted,0.500,9.500,
30,accepted,0.000,8.996,
18,accepted,0.500,13.001,
5,accepted,0.500,10.501,
19,accepted,0.000,8.501,
11,accepted,1.000,12.495,
27,accepted,0.500,12.000,
25,accepted,1.000,13.499,
0,accepted,1.000,14.496,
24,accepted,0.501,8.999,
10,accepted,1.000,16.997,
29,accepted,0.000,11.501,
14,accepted,1.001,16.997,
13,accepted,1.500,16.997,
22,accepted,0.000,13.000,
7,accepted,0.000,13.000,
17,accepted,0.501,8.501,
12,accepted,0.000,11.501,
15,accepted,0.500,14.001,
31,accepted,0.000,10.500,
16,accepted,0.501,12.500,
26,accepted,0.501,12.500,
3,accepted,0.000,13.499,
20,accepted,0.000,15.000,
6,accepted,0.000,13.999,
23,accepted,0.999,16.000,
4,accepted,0.000,16.999,
1,accepted,1.500,14.499,
18,accepted,0.500,15.000,
21,accepted,0.500,15.000,
9,accepted,1.500,15.500,
2,accepted,0.000,15.500,
30,accepted,1.001,15.000,
28,accepted,0.501,15.500,
11,accepted,0.000,11.500,
27,accepted,0.000,12.773,
14,accepted,0.000,8.772,
25,accepted,0.000,11.773,
5,accepted,0.500,14.771,
29,accepted,0.000,10.272,
10,accepted,0.000,10.771,
0,accepted,0.000,13.272,
19,accepted,0.555,17.771,
8,accepted,1.001,20.273,
17,accepted,0.000,12.272,
7,accepted,0.499,12.272,
22,accepted,0.500,12.772,
15,accepted,0.000,12.772,
12,accepted,0.000,13.271,
13,accepted,0.000,13.271,
24,accepted,0.501,13.771,
31,accepted,0.000,15.272,
4,accepted,0.000,9.772,
23,accepted,0.000,10.272,
3,accepted,0.000,13.772,
26,accepted,0.000,13.772,
20,accepted,0.000,10.772,
1,accepted,0.000,9.772,
6,accepted,0.499,11.774,
16,accepted,0.000,15.273,
5,accepted,0.000,8.501,
18,accepted,0.000,12.274,
21,accepted,0.501,12.274,
28,accepted,0.000,13.772,
9,accepted,0.000,13.772,
30,accepted,0.000,13.772,
2,accepted,0.500,13.772,
27,accepted,0.000,11.998,
10,accepted,0.500,10.499,
25,accepted,0.000,11.999,
14,accepted,0.500,12.999,
29,accepted,0.000,11.499,
0,accepted,0.000,11.500,
19,accepted,0.500,9.999,
8,accepted,0.500,9.999,
7,accepted,0.000,10.500,
13,accepted,0.502,10.000,
11,accepted,0.000,16.272,
15,accepted,0.999,10.499,
22,accepted,0.000,11.000,
1,accepted,0.500,9.000,
31,accepted,0.502,9.500,
24,accepted,0.499,12.501,
17,accepted,0.500,14.000,
12,accepted,0.000,13.001,
20,accepted,0.499,10.001,
23,accepted,0.498,10.001,
6,accepted,0.500,9.499,
4,accepted,1.000,11.001,
26,accepted,0.498,11.002,
3,accepted,0.498,11.500,
16,accepted,0.500,11.500,
5,accepted,0.000,11.999,
28,accepted,0.000,11.001,
18,accepted,0.000,12.999,
30,accepted,0.000,11.501,
8,accepted,0.500,11.500,
29,accepted,0.500,12.000,
21,accepted,0.000,14.498,
19,accepted,0.000,11.500,
14,accepted,0.501,12.908,
0,accepted,0.500,12.999,
2,accepted,0.501,14.500,
7,accepted,1.501,14.001,
17,accepted,0.000,10.501,
10,accepted,0.501,15.502,
31,accepted,0.500,11.502,
27,accepted,0.500,16.002,
22,accepted,0.000,13.001,
9,accepted,0.500,16.002,
13,accepted,0.999,13.502,
1,accepted,0.501,12.001,
4,accepted,0.000,10.500,
20,accepted,0.000,12.001,
25,accepted,1.500,17.001,
23,accepted,0.501,12.001,
5,accepted,0.000,9.501,
26,accepted,0.000,12.000,
6,accepted,0.000,12.999,
12,accepted,0.499,13.499,
3,accepted,0.500,11.999,
11,accepted,0.000,16.500,
15,accepted,0.500,18.000,
16,accepted,0.000,11.998,
24,accepted,0.000,14.999,
18,accepted,0.000,9.499,
28,accepted,0.000,10.000,
21,accepted,0.998,8.000,
19,accepted,0.000,8.000,
30,accepted,0.000,9.499,
8,accepted,1.000,8.501,
29,accepted,1.000,8.501,
0,accepted,0.000,9.002,
14,accepted,0.000,9.593,
2,accepted,0.500,10.001,
17,accepted,0.500,8.999,
9,accepted,0.000,9.499,
27,accepted,0.000,9.499,
22,accepted,0.500,9.499,
23,accepted,0.000,8.000,
13,accepted,0.000,9.499,
31,accepted,0.000,9.999,
10,accepted,0.000,10.500,
25,accepted,0.000,9.001,
7,accepted,0.000,11.499,
1,accepted,0.000,11.000,
20,accepted,0.000,9.999,
4,accepted,0.000,11.000,
11,accepted,0.499,9.502,
26,accepted,0.000,10.499,
5,accepted,0.000,10.499,
12,accepted,0.000,10.001,
3,accepted,0.000,10.001,
6,accepted,0.000,10.500,
16,accepted,0.000,10.500,
15,accepted,0.000,10.500,
18,accepted,0.000,11.000,
19,accepted,0.000,11.000,
8,accepted,0.000,10.499,
14,accepted,0.499,8.999,
21,accepted,1.501,12.500,
2,accepted,0.000,8.999,
29,accepted,0.500,12.499,
24,accepted,0.000,13.500,
28,accepted,1.501,13.499,
27,accepted,0.501,9.531,
30,accepted,1.000,14.032,
17,accepted,0.000,11.035,
22,accepted,0.499,12.536,
0,accepted,0.000,14.536,
13,accepted,0.499,12.536,
11,accepted,0.000,10.534,
1,accepted,0.000,12.036,
25,accepted,0.500,13.035,
5,accepted,0.000,10.536,
3,accepted,0.500,10.536,
15,accepted,0.000,8.536,
23,accepted,0.000,14.535,
31,accepted,0.499,14.035,
4,accepted,0.000,12.536,
7,accepted,0.000,12.536,
9,accepted,0.000,14.535,
26,accepted,0.000,11.536,
6,accepted,0.000,11.037,
10,accepted,0.000,14.035,
20,accepted,0.000,14.536,
12,accepted,0.500,13.036,
29,accepted,0.501,8.537,
2,accepted,0.000,9.037,
19,accepted,1.000,10.536,
16,accepted,0.000,11.536,
21,accepted,0.000,10.036,
24,accepted,0.000,9.536,
14,accepted,0.499,11.036,
28,accepted,0.000,10.036,
18,accepted,0.000,14.036,
8,accepted,0.500,14.036,
27,accepted,0.000,12.005,
0,accepted,0.500,10.000,
17,accepted,0.500,13.001,
15,accepted,0.500,9.501,
3,accepted,0.000,10.502,
23,accepted,0.000,10.002,
22,accepted,0.000,12.001,
25,accepted,0.000,11.000,
5,accepted,0.000,11.000,
1,accepted,0.500,11.000,
11,accepted,0.500,11.501,
4,accepted,0.500,10.500,
26,accepted,0.000,10.000,
13,accepted,0.000,12.500,
10,accepted,0.000,10.000,
30,accepted,0.000,16.005,
29,accepted,0.500,8.500,
6,accepted,0.500,10.500,
9,accepted,0.000,11.499,
31,accepted,0.000,11.499,
7,accepted,0.000,11.499,
24,accepted,0.500,8.500,
12,accepted,0.500,10.000,
2,accepted,1.000,9.500,
28,accepted,0.500,8.500,
14,accepted,0.000,9.500,
20,accepted,1.501,11.000,
21,accepted,1.000,10.501,
16,accepted,0.500,11.500,
8,accepted,0.000,8.001,
18,accepted,0.500,8.501,
19,accepted,0.500,12.500,
0,accepted,0.000,7.499,
27,accepted,0.501,8.999,
17,accepted,0.000,7.498,
23,accepted,0.000,7.998,
3,accepted,0.000,7.998,
10,accepted,0.000,8.499,
25,accepted,0.000,9.000,
4,accepted,0.000,9.501,
13,accepted,0.000,10.001,
22,accepted,0.000,11.499,
29,accepted,1.499,11.500,
26,accepted,0.000,11.999,
1,accepted,0.501,12.500,
5,accepted,0.000,12.500,
31,accepted,1.000,11.501,
15,accepted,0.000,13.999,
0,accepted,0.498,8.500,
6,accepted,1.499,13.499,
27,accepted,0.000,9.000,
7,accepted,1.000,13.500,
19,accepted,0.000,9.999,
14,accepted,1.000,12.500,
17,accepted,0.000,9.001,
24,accepted,2.500,13.501,
2,accepted,1.000,13.501,
20,accepted,0.502,12.500,
18,accepted,0.998,11.000,
11,accepted,0.000,15.000,
28,accepted,1.000,13.001,
30,accepted,0.000,15.001,
12,accepted,0.500,14.001,
9,accepted,2.500,14.502,
16,accepted,0.000,12.001,
8,accepted,0.000,12.499,
21,accepted,0.500,13.499,
10,accepted,1.001,11.001,
25,accepted,0.499,10.500,
23,accepted,0.499,12.500,
3,accepted,0.499,12.500,
4,accepted,0.000,10.499,
13,accepted,0.000,10.499,
29,accepted,0.000,8.501,
22,accepted,0.000,10.499,
5,accepted,0.498,10.500,
26,accepted,1.500,12.500,
1,accepted,0.999,11.999,
19,accepted,0.000,10.500,
31,accepted,0.000,12.499,
0,accepted,0.498,11.500,
6,accepted,0.501,11.843,
15,accepted,0.501,13.342,
7,accepted,0.000,11.343,
27,accepted,0.499,11.343,
24,accepted,0.499,11.499,
16,accepted,0.000,11.998,
10,accepted,0.000,8.499,
14,accepted,0.000,12.999,
21,accepted,0.000,11.000,
8,accepted,0.000,12.000,
17,accepted,0.000,12.999,
30,accepted,0.499,12.498,
9,accepted,0.000,12.498,
12,accepted,0.000,12.498,
18,accepted,0.499,12.999,
28,accepted,0.499,12.498,
11,accepted,0.499,13.500,
13,accepted,0.000,7.999,
29,accepted,0.500,8.501,
23,accepted,0.499,9.002,
2,accepted,0.000,14.999,
20,accepted,0.000,14.999,
3,accepted,0.500,10.000,
25,accepted,0.000,11.001,
19,accepted,0.000,7.086,
1,accepted,0.657,8.586,
5,accepted,0.657,10.585,
26,accepted,0.000,9.586,
27,accepted,0.000,9.744,
6,accepted,0.000,9.744,
31,accepted,0.501,11.087,
4,accepted,1.343,16.586,
16,accepted,0.501,9.086,
14,accepted,0.499,8.587,
8,accepted,0.582,8.587,
10,accepted,0.582,8.587,
0,accepted,0.500,12.087,
7,accepted,0.498,11.245,
22,accepted,0.843,15.588,
15,accepted,0.499,11.245,
24,accepted,0.501,10.587,
23,accepted,0.504,8.085,
17,accepted,0.000,9.088,
21,accepted,0.582,10.586,
9,accepted,0.000,10.586,
12,accepted,0.501,11.586,
28,accepted,1.001,11.586,
29,accepted,0.000,10.583,
20,accepted,0.500,10.587,
25,accepted,0.500,10.086,
30,accepted,0.501,12.587,
18,accepted,0.501,12.587,
13,accepted,0.500,12.087,
11,accepted,0.500,12.087,
2,accepted,0.000,11.086,
19,accepted,0.500,9.000,
3,accepted,0.500,11.086,
1,accepted,1.001,9.000,
5,accepted,0.000,8.999,
6,accepted,0.000,9.000,
26,accepted,0.000,12.000,
16,accepted,0.498,10.000,
14,accepted,0.000,10.000,
12,accepted,0.000,7.501,
27,accepted,1.000,11.500,
8,accepted,0.000,11.448,
31,accepted,0.498,11.948,
10,accepted,0.000,12.001,
9,accepted,0.000,10.501,
4,accepted,0.000,12.501,
24,accepted,0.000,12.000,
22,accepted,0.499,12.000,
17,accepted,0.000,12.000,
11,accepted,0.000,8.999,
30,accepted,0.500,8.999,
15,accepted,0.000,12.998,
23,accepted,0.000,12.998,
28,accepted,0.000,10.500,
21,accepted,0.000,11.500,
7,accepted,0.499,13.498,
0,accepted,0.500,13.498,
3,accepted,1.000,11.001,
20,accepted,1.000,11.999,
29,accepted,1.500,13.000,
18,accepted,1.500,12.499,
19,accepted,1.500,12.500,
1,accepted,0.501,11.499,
6,accepted,0.000,8.999,
5,accepted,0.501,11.500,
13,accepted,0.501,13.498,
2,accepted,1.500,12.999,
16,accepted,0.000,7.499,
25,accepted,0.501,13.998,
14,accepted,0.000,8.498,
26,accepted,0.000,8.998,
8,accepted,0.500,8.551,
12,accepted,0.000,9.999,
27,accepted,0.000,10.499,
4,accepted,0.000,8.999,
31,accepted,0.501,10.550,
24,accepted,0.500,10.000,
28,accepted,0.000,9.500,
9,accepted,0.000,10.499,
21,accepted,0.500,10.500,
0,accepted,0.000,10.500,
23,accepted,0.000,11.000,
7,accepted,0.000,10.500,
20,accepted,1.000,8.500,
30,accepted,0.000,12.000,
22,accepted,0.000,12.499,
11,accepted,0.000,12.000,
10,accepted,0.499,12.999,
17,accepted,0.000,12.499,
15,accepted,0.499,11.500,
3,accepted,1.500,9.999,
14,accepted,0.000,7.001,
18,accepted,0.000,9.999,
1,accepted,0.500,10.000,
29,accepted,0.000,11.000,
19,accepted,0.501,11.501,
25,accepted,0.000,10.502,
16,accepted,0.499,11.001,
12,accepted,0.500,8.001,
2,accepted,0.000,11.001,
6,accepted,0.000,12.000,
5,accepted,0.501,12.000,
26,accepted,0.000,12.002,
8,accepted,0.000,10.501,
13,accepted,0.501,13.001,
24,accepted,0.000,8.500,
27,accepted,0.500,10.001,
28,accepted,0.000,9.000,
0,accepted,0.000,7.500,
31,accepted,0.500,10.001,
4,accepted,0.000,10.500,
21,accepted,0.000,8.001,
23,accepted,0.000,8.001,
11,accepted,0.000,7.501,
9,accepted,0.000,9.501,
20,accepted,0.500,8.501,
7,accepted,0.000,8.501,
22,accepted,0.500,8.500,
10,accepted,0.500,9.000,
17,accepted,0.500,9.500,
29,accepted,0.500,8.500,
1,accepted,0.999,8.500,
14,accepted,1.000,11.500,
16,accepted,0.499,8.999,
30,accepted,0.500,12.500,
6,accepted,0.000,10.000,
5,accepted,0.000,9.500,
2,accepted,0.000,11.000,
12,accepted,0.000,11.000,
18,accepted,0.500,13.001,
25,accepted,0.000,11.000,
19,accepted,0.000,11.000,
15,accepted,0.499,15.000,
3,accepted,1.000,14.500,
26,accepted,0.499,10.000,
0,accepted,0.500,8.500,
23,accepted,0.500,8.999,
13,accepted,0.499,11.499,
8,accepted,0.500,11.999,
4,accepted,0.000,10.499,
22,accepted,0.000,9.501,
27,accepted,0.500,12.000,
24,accepted,0.500,12.000,
21,accepted,0.000,11.001,
28,accepted,0.500,12.002,
30,accepted,0.000,9.001,
9,accepted,0.000,13.500,
20,accepted,0.000,13.500,
31,accepted,0.500,14.500,
10,accepted,0.501,13.499,
6,accepted,0.500,8.499,
18,accepted,0.501,8.499,
17,accepted,1.501,13.500,
7,accepted,0.000,14.999,
5,accepted,0.000,9.000,
14,accepted,0.000,10.999,
12,accepted,0.000,8.499,
2,accepted,0.000,8.999,
11,accepted,0.500,15.999,
29,accepted,1.000,13.000,
1,accepted,0.000,13.000,
16,accepted,0.000,12.001,
19,accepted,0.000,10.000,
23,accepted,0.499,9.501,
13,accepted,0.498,9.001,
25,accepted,0.000,12.000,
8,accepted,0.499,10.501,
4,accepted,0.499,11.001,
15,accepted,0.500,13.999,
28,accepted,0.499,10.498,
21,accepted,0.000,12.000,
27,accepted,0.500,12.499,
22,accepted,0.000,12.499,
20,accepted,0.000,10.152,
17,accepted,0.499,8.653,
10,accepted,0.000,9.153,
9,accepted,0.500,10.152,
24,accepted,0.000,13.652,
29,accepted,0.000,8.152,
30,accepted,0.501,10.152,
26,accepted,0.500,16.152,
3,accepted,0.500,16.652,
0,accepted,0.000,16.152,
31,accepted,0.000,10.652,
7,accepted,0.499,9.653,
2,accepted,0.500,9.153,
18,accepted,0.499,9.653,
6,accepted,0.000,10.153,
14,accepted,0.000,10.652,
5,accepted,0.499,10.652,
16,accepted,0.000,10.152,
1,accepted,0.500,11.652,
23,accepted,0.000,9.651,
11,accepted,0.499,12.152,
19,accepted,0.501,11.151,
12,accepted,0.000,13.152,
13,accepted,0.499,10.652,
4,accepted,0.000,8.152,
8,accepted,0.000,8.652,
25,accepted,0.000,10.652,
28,accepted,0.501,7.652,
15,accepted,0.000,8.153,
21,accepted,0.000,8.153,
20,accepted,0.501,8.000,
10,accepted,0.500,8.500,
22,accepted,1.500,9.652,
9,accepted,1.000,9.535,
17,accepted,1.000,9.535,
0,accepted,1.500,9.535,
3,accepted,0.500,9.535,
31,accepted,0.000,9.536,
7,accepted,0.500,10.019,
24,accepted,1.500,11.522,
26,accepted,0.000,11.522,
30,accepted,1.000,11.522,
27,accepted,1.500,13.180,
18,accepted,0.000,11.027,
5,accepted,0.500,11.026,
23,accepted,0.499,9.027,
6,accepted,0.000,12.026,
1,accepted,0.500,10.357,
14,accepted,0.500,11.857,
19,accepted,0.000,10.527,
11,accepted,0.000,12.028,
12,accepted,0.499,12.026,
16,accepted,0.000,13.526,
29,accepted,1.500,16.526,
2,accepted,0.500,16.526,
25,accepted,1.032,12.026,
8,accepted,0.000,13.026,
4,accepted,0.000,13.026,
13,accepted,0.000,13.026,
15,accepted,0.504,12.526,
10,accepted,0.503,10.027,
22,accepted,1.504,10.526,
28,accepted,0.501,13.526,
26,accepted,0.000,7.504,
21,accepted,0.501,14.025,
17,accepted,0.000,10.991,
20,accepted,0.000,12.526,
9,accepted,0.000,11.492,
18,accepted,0.000,10.499,
1,accepted,0.000,8.671,
7,accepted,0.501,12.510,
0,accepted,0.000,14.492,
29,accepted,0.000,8.000,
5,accepted,1.000,12.000,
19,accepted,0.000,10.500,
31,accepted,0.501,15.491,
23,accepted,1.000,12.500,
25,accepted,0.000,8.500,
3,accepted,0.000,16.491,
27,accepted,0.000,13.998,
16,accepted,0.000,9.500,
30,accepted,0.000,14.504,
24,accepted,0.000,14.504,
14,accepted,0.000,12.170,
6,accepted,0.499,13.000,
2,accepted,0.500,9.000,
11,accepted,0.499,11.499,
12,accepted,0.000,10.999,
8,accepted,0.501,9.499,
13,accepted,0.000,9.499,
4,accepted,0.500,9.499,
22,accepted,1.001,9.501,
15,accepted,1.000,11.001,
26,accepted,1.000,10.500,
21,accepted,0.000,9.501,
17,accepted,0.000,9.501,
10,accepted,0.499,11.999,
28,accepted,1.000,12.000,
18,accepted,0.000,8.498,
9,accepted,0.000,10.499,
29,accepted,0.000,8.000,
7,accepted,0.000,8.998,
20,accepted,0.499,12.001,
5,accepted,0.501,8.502,
0,accepted,0.000,9.501,
2,accepted,0.000,8.501,
1,accepted,0.000,12.500,
19,accepted,0.499,10.999,
31,accepted,0.499,10.499,
23,accepted,0.000,11.500,
27,accepted,0.000,11.001,
25,accepted,0.499,11.001,
21,accepted,1.001,7.500,
10,accepted,0.000,7.499,
30,accepted,0.000,12.803,
8,accepted,0.000,11.306,
11,accepted,0.000,11.807,
14,accepted,0.000,13.306,
16,accepted,0.500,13.306,
24,accepted,0.501,13.306,
17,accepted,1.002,9.306,
22,accepted,1.001,10.806,
15,accepted,0.500,10.306,
4,accepted,2.002,11.805,
13,accepted,0.500,11.805,
12,accepted,0.499,12.307,
3,accepted,0.499,13.806,
6,accepted,0.000,13.806,
0,accepted,0.499,7.305,
26,accepted,0.000,11.307,
28,accepted,0.000,9.807,
9,accepted,0.501,9.808,
18,accepted,0.000,10.807,
7,accepted,0.000,9.306,
5,accepted,0.501,10.306,
29,accepted,0.000,11.308,
2,accepted,0.803,8.807,
31,accepted,0.000,8.807,
19,accepted,0.000,9.308,
20,accepted,0.501,12.807,
23,accepted,0.500,11.806,
1,accepted,0.000,14.806,
25,accepted,0.000,12.806,
6,accepted,0.499,10.502,
10,accepted,2.002,12.308,
14,accepted,0.501,11.001,
12,accepted,0.499,11.001,
27,accepted,0.000,13.806,
9,accepted,0.000,9.499,
16,accepted,0.500,12.489,
15,accepted,0.500,12.489,
21,accepted,0.499,14.295,
30,accepted,1.000,13.495,
18,accepted,0.000,10.491,
28,accepted,0.500,11.491,
24,accepted,0.500,12.991,
8,accepted,0.501,12.991,
2,accepted,0.500,8.489,
3,accepted,0.499,13.019,
26,accepted,0.000,12.018,
5,accepted,0.500,10.020,
22,accepted,0.000,14.522,
11,accepted,0.500,14.522,
4,accepted,0.500,14.023,
0,accepted,0.500,13.022,
17,accepted,1.000,14.522,
7,accepted,0.000,12.522,
13,accepted,0.501,14.523,
29,accepted,0.000,11.520,
19,accepted,0.000,11.023,
31,accepted,0.500,11.523,
20,accepted,0.000,11.522,
23,accepted,1.030,10.022,
1,accepted,0.000,9.522,
25,accepted,0.000,10.522,
6,accepted,0.000,10.021,
14,accepted,0.000,10.021,
10,accepted,0.000,10.521,
12,accepted,0.000,10.022,
15,accepted,0.000,9.533,
9,accepted,0.501,10.522,
16,accepted,0.501,10.034,
27,accepted,0.000,11.522,
30,accepted,0.500,10.646,
18,accepted,0.000,10.646,
21,accepted,0.000,11.148,
24,accepted,0.999,10.646,
2,accepted,0.000,11.151,
8,accepted,0.000,11.151,
3,accepted,0.000,10.623,
11,accepted,0.500,9.620,
28,accepted,0.502,11.151,
5,accepted,0.000,9.620,
26,accepted,0.499,11.623,
17,accepted,0.500,10.620,
22,accepted,0.000,11.120,
7,accepted,0.000,11.119,
4,accepted,0.500,11.620,
13,accepted,0.000,11.119,
19,accepted,0.000,9.618,
29,accepted,0.000,10.620,
0,accepted,0.500,12.619,
1,accepted,0.000,7.619,
31,accepted,0.000,11.117,
20,accepted,0.500,11.118,
15,accepted,0.000,7.675,
23,accepted,0.615,10.175,
12,accepted,0.500,9.680,
30,accepted,0.000,7.565,
10,accepted,0.500,10.678,
25,accepted,0.500,11.179,
6,accepted,0.500,13.179,
16,accepted,0.500,12.178,
18,accepted,0.000,11.064,
3,accepted,1.000,11.059,
24,accepted,0.499,12.065,
28,accepted,0.500,12.059,
21,accepted,0.500,12.564,
19,accepted,0.000,9.559,
17,accepted,0.000,11.059,
0,accepted,0.504,9.060,
7,accepted,0.555,10.059,
31,accepted,0.500,8.059,
1,accepted,0.000,9.060,
15,accepted,0.500,7.004,
11,accepted,0.000,12.560,
13,accepted,0.000,10.560,
2,accepted,1.000,13.059,
14,accepted,0.500,16.179,
5,accepted,0.501,13.059,
26,accepted,1.001,12.060,
9,accepted,0.000,15.179,
27,accepted,0.500,14.680,
8,accepted,0.500,13.560,
22,accepted,0.000,12.060,
4,accepted,0.000,12.060,
29,accepted,0.504,13.112,
10,accepted,0.499,8.556,
12,accepted,0.499,9.556,
30,accepted,0.000,10.056,
23,accepted,0.500,11.561,
20,accepted,0.000,13.118,
7,accepted,0.000,8.558,
1,accepted,0.505,8.057,
6,accepted,0.000,10.558,
19,accepted,0.000,8.558,
18,accepted,0.000,10.558,
25,accepted,0.000,13.058,
16,accepted,0.000,11.058,
21,accepted,0.499,10.058,
15,accepted,0.000,9.557,
17,accepted,0.499,10.058,
11,accepted,0.501,10.058,
28,accepted,0.000,10.558,
3,accepted,0.000,12.057,
29,accepted,0.000,7.504,
13,accepted,0.000,11.058,
0,accepted,0.500,11.559,
24,accepted,0.000,12.557,
31,accepted,0.553,12.057,
10,accepted,1.000,8.001,
22,accepted,1.000,11.056,
4,accepted,0.500,11.557,
5,accepted,0.999,12.557,
27,accepted,0.500,12.557,
23,accepted,0.000,9.001,
9,accepted,1.000,13.057,
2,accepted,1.499,13.057,
30,accepted,0.500,9.001,
26,accepted,1.000,13.057,
14,accepted,1.499,14.056,
12,accepted,0.500,11.001,
8,accepted,0.500,14.057,
20,accepted,0.000,10.999,
17,accepted,0.501,7.579,
18,accepted,0.501,8.579,
7,accepted,0.499,9.586,
28,accepted,0.499,8.085,
25,accepted,0.499,10.085,
6,accepted,0.499,10.585,
11,accepted,0.000,9.083,
16,accepted,0.501,10.084,
1,accepted,0.000,11.084,
24,accepted,0.000,8.084,
19,accepted,0.000,11.584,
3,accepted,0.000,9.085,
21,accepted,0.500,11.585,
15,accepted,0.501,11.585,
29,accepted,0.501,10.585,
0,accepted,0.499,11.584,
13,accepted,0.000,11.584,
31,accepted,0.500,11.085,
10,accepted,1.001,10.585,
27,accepted,0.000,9.085,
22,accepted,0.501,10.585,
4,accepted,0.000,9.585,
2,accepted,0.000,9.085,
23,accepted,1.085,9.585,
5,accepted,1.579,10.605,
9,accepted,0.506,10.104,
26,accepted,0.506,10.104,
30,accepted,0.506,10.104,
12,accepted,0.499,8.604,
20,accepted,0.499,9.109,
17,accepted,0.000,8.029,
14,accepted,0.000,10.609,
8,accepted,0.000,11.109,
24,accepted,0.502,7.582,
25,accepted,0.000,8.581,
28,accepted,0.000,10.079,
7,accepted,0.000,10.579,
11,accepted,0.499,9.581,
1,accepted,0.499,9.581,
4,accepted,1.052,7.693,
0,accepted,0.000,7.693,
18,accepted,0.000,13.199,
6,accepted,0.000,11.693,
16,accepted,0.502,11.698,
29,accepted,0.000,10.197,
21,accepted,0.000,10.197,
15,accepted,0.000,10.197,
3,accepted,0.500,12.198,
19,accepted,0.500,12.198,
23,accepted,0.505,9.697,
31,accepted,0.552,10.197,
13,accepted,0.000,10.696,
22,accepted,1.052,10.696,
27,accepted,0.505,10.696,
10,accepted,1.057,11.197,
12,accepted,0.000,10.177,
9,accepted,0.000,11.073,
20,accepted,0.499,9.569,
17,accepted,0.000,11.174,
26,accepted,0.000,12.677,
2,accepted,0.000,15.196,
5,accepted,0.499,14.177,
14,accepted,0.000,12.673,
30,accepted,0.000,14.177,
25,accepted,0.613,11.116,
24,accepted,0.000,11.116,
8,accepted,0.000,12.173,
7,accepted,0.500,10.617,
28,accepted,0.000,10.617,
11,accepted,0.000,10.617,
4,accepted,0.000,9.506,
31,accepted,0.000,7.003,
1,accepted,0.000,11.617,
6,accepted,0.000,10.504,
22,accepted,1.000,9.002,
0,accepted,0.605,12.506,
21,accepted,0.500,11.502,
16,accepted,1.000,12.001,
15,accepted,0.500,12.001,
29,accepted,0.500,12.001,
13,accepted,1.500,10.001,
27,accepted,1.501,10.001,
18,accepted,1.000,13.504,
12,accepted,0.501,10.499,
19,accepted,1.000,12.999,
9,accepted,0.500,10.605,
3,accepted,1.000,13.500,
20,accepted,0.500,11.105,
26,accepted,0.000,10.001,
10,accepted,0.500,12.501,
23,accepted,0.500,14.001,
2,accepted,0.502,9.001,
14,accepted,0.500,9.500,
25,accepted,0.000,9.000,
17,accepted,0.503,11.000,
30,accepted,0.000,10.002,
24,accepted,0.500,9.502,
5,accepted,0.503,11.001,
7,accepted,0.000,10.499,
11,accepted,0.000,9.999,
28,accepted,0.000,11.000,
8,accepted,0.000,11.500,
0,accepted,0.000,6.998,
6,accepted,0.499,9.501,
22,accepted,0.500,8.997,
31,accepted,0.000,11.497,
1,accepted,0.000,10.999,
4,accepted,0.000,11.997,
21,accepted,1.501,9.497,
13,accepted,0.999,10.000,
15,accepted,1.499,10.499,
16,accepted,1.501,11.498,
27,accepted,0.499,10.998,
29,accepted,0.999,11.500,
20,accepted,0.499,9.000,
26,accepted,0.499,8.500,
18,accepted,0.999,11.500,
23,accepted,0.000,8.499,
19,accepted,0.501,10.501,
2,accepted,0.000,8.499,
12,accepted,0.499,11.001,
9,accepted,0.499,10.000,
10,accepted,0.000,8.999,
17,accepted,0.501,8.502,
3,accepted,0.501,11.001,
25,accepted,0.000,9.001,
14,accepted,0.000,9.500,
24,accepted,0.000,9.498,
30,accepted,0.000,9.498,
5,accepted,0.500,9.001,
0,accepted,0.000,9.000,
8,accepted,0.000,10.000,
28,accepted,0.000,10.000,
11,accepted,0.501,10.501,
7,accepted,0.000,11.000,
31,accepted,0.000,9.500,
6,accepted,0.000,11.000,
1,accepted,0.501,10.001,
22,accepted,0.501,10.500,
4,accepted,0.499,10.001,
21,accepted,1.500,10.501,
3,accepted,0.000,6.500,
15,accepted,0.499,10.500,
13,accepted,0.998,10.998,
29,accepted,0.500,9.499,
20,accepted,0.000,9.499,
16,accepted,0.501,11.001,
19,accepted,0.000,10.000,
25,accepted,0.000,9.499,
27,accepted,0.500,11.501,
14,accepted,0.000,11.001,
26,accepted,0.999,13.001,
9,accepted,0.501,13.501,
23,accepted,0.500,14.001,
24,accepted,0.501,12.002,
11,accepted,0.000,9.501,
28,accepted,0.000,9.501,
12,accepted,0.501,14.001,
17,accepted,0.499,13.998,
10,accepted,0.000,15.000,
18,accepted,0.500,15.000,
30,accepted,0.000,13.001,
2,accepted,0.501,15.000,
5,accepted,0.501,12.499,
7,accepted,0.000,11.001,
8,accepted,0.500,11.500,
21,accepted,0.501,8.499,
0,accepted,0.000,12.500,
31,accepted,0.000,11.001,
6,accepted,1.000,10.501,
1,accepted,1.000,11.999,
15,accepted,0.502,10.001,
22,accepted,1.000,13.000,
13,accepted,1.000,10.501,
19,accepted,0.000,10.500,
16,accepted,0.501,10.500,
27,accepted,0.501,10.000,
20,accepted,0.000,12.001,
3,accepted,0.000,13.500,
29,accepted,0.000,12.001,
4,accepted,0.000,14.501,
14,accepted,0.000,9.500,
25,accepted,0.000,11.501,
18,accepted,0.000,7.999,
23,accepted,0.000,8.998,
26,accepted,0.501,10.498,
9,accepted,0.501,9.499,
6,accepted,0.000,7.498,
7,accepted,0.000,7.999,
17,accepted,0.000,9.499,
2,accepted,0.000,8.999,
24,accepted,0.000,9.998,
11,accepted,0.500,9.998,
12,accepted,0.000,9.998,
0,accepted,0.500,9.001,
31,accepted,0.000,8.500,
8,accepted,0.000,9.501,
30,accepted,0.000,11.000,
28,accepted,0.000,12.498,
5,accepted,0.000,11.499,
10,accepted,0.000,12.000,
21,accepted,0.000,11.001,
19,accepted,0.000,7.499,
15,accepted,0.000,9.499,
1,accepted,0.500,10.500,
22,accepted,0.499,9.000,
3,accepted,0.500,8.999,
16,accepted,0.000,10.500,
29,accepted,0.501,10.000,
18,accepted,0.000,8.607,
13,accepted,0.499,12.106,
20,accepted,0.500,11.111,
7,accepted,0.500,8.112,
27,accepted,0.000,11.611,
24,accepted,0.000,8.112,
2,accepted,0.000,8.112,
8,accepted,0.000,8.109,
4,accepted,0.500,12.610,
26,accepted,0.000,10.610,
23,accepted,0.000,10.610,
14,accepted,0.998,12.110,
6,accepted,0.500,10.112,
11,accepted,0.000,10.612,
17,accepted,0.500,10.612,
30,accepted,0.500,9.110,
25,accepted,0.499,13.109,
12,accepted,0.500,11.111,
31,accepted,0.000,10.109,
9,accepted,0.499,12.111,
19,accepted,1.000,8.111,
16,accepted,0.500,6.111,
0,accepted,0.000,12.609,
5,accepted,1.106,11.111,
15,accepted,0.606,9.611,
3,accepted,0.501,9.111,
21,accepted,0.505,12.110,
28,accepted,1.607,13.111,
10,accepted,0.000,12.610,
1,accepted,0.606,11.110,
13,accepted,0.000,8.887,
29,accepted,0.000,10.110,
4,accepted,0.500,7.500,
18,accepted,0.000,10.004,
23,accepted,0.000,9.001,
26,accepted,0.500,9.001,
22,accepted,1.005,14.111,
20,accepted,0.500,10.999,
27,accepted,0.500,11.999,
31,accepted,0.000,9.000,
2,accepted,1.000,11.999,
8,accepted,0.500,11.000,
30,accepted,0.000,9.500,
19,accepted,0.000,9.000,
11,accepted,0.500,11.345,
7,accepted,0.000,13.845,
14,accepted,0.500,13.000,
6,accepted,0.000,13.000,
17,accepted,0.000,12.499,
24,accepted,0.000,15.999,
16,accepted,0.000,33.841,
25,accepted,0.500,37.849,
12,accepted,0.500,37.849,
5,accepted,0.617,35.349,
9,accepted,0.500,37.849,
10,accepted,0.500,36.723,
28,accepted,0.500,56.867,
21,accepted,0.500,57.367,
15,accepted,0.000,58.367,
29,accepted,0.500,55.367,
13,accepted,0.000,60.484,
3,accepted,0.000,71.941,
1,accepted,0.000,71.441,
0,accepted,0.500,73.441,
4,accepted,0.499,69.941,
18,accepted,0.654,92.225,
23,accepted,0.000,99.734,
22,accepted,0.000,99.734,
27,accepted,0.000,98.234,
26,accepted,0.000,100.237,
19,accepted,1.031,102.237,
2,accepted,0.500,103.237,
20,accepted,0.500,104.237,
8,accepted,0.500,102.737,
31,accepted,1.001,103.237,
11,accepted,1.004,107.398,
30,accepted,0.000,108.744,
7,accepted,0.000,117.412,
6,accepted,0.000,139.603,
14,accepted,0.501,139.603,
24,accepted,0.000,138.603,
17,accepted,0.501,139.603,
5,accepted,0.500,128.362,
16,accepted,0.000,130.369,
9,accepted,0.000,134.875,
12,accepted,0.000,134.875,
10,accepted,0.500,131.501,
21,accepted,0.501,111.857,
25,accepted,0.000,135.375,
13,accepted,0.000,131.824,
29,accepted,1.003,136.325,
15,accepted,0.503,136.325,
28,accepted,1.003,136.325,
1,accepted,0.500,130.275,
0,accepted,0.000,135.802,
4,accepted,0.000,135.802,
3,accepted,0.000,136.802,
23,accepted,0.000,118.530,
18,accepted,0.000,135.885,
22,accepted,0.000,127.376,
2,accepted,0.000,130.554,
26,accepted,0.000,135.054,
8,accepted,0.500,130.554,
27,accepted,0.000,135.557,
19,accepted,0.000,130.554,
31,accepted,0.000,136.063,
11,accepted,0.503,131.556,
20,accepted,0.000,137.563,
30,accepted,0.000,131.556,
7,accepted,0.500,135.506,
6,accepted,0.000,127.239,
24,accepted,0.553,135.240,
17,accepted,0.499,141.191,
14,accepted,0.553,141.191,
9,accepted,0.000,120.070,
5,accepted,0.000,126.584,
21,accepted,0.000,121.479,
16,accepted,0.000,128.493,
12,accepted,0.000,131.631,
10,accepted,0.000,132.701,
25,accepted,0.000,152.735,
28,accepted,0.000,128.268,
13,accepted,0.501,135.976,
29,accepted,0.501,136.978,
15,accepted,0.499,144.990,
23,accepted,0.555,117.421,
3,accepted,0.500,130.442,
0,accepted,0.000,136.954,
4,accepted,0.500,138.458,
1,accepted,0.500,145.484,
18,accepted,0.500,121.598,
2,accepted,0.589,131.910,
22,accepted,0.500,140.091,
26,accepted,0.500,142.420,
31,accepted,0.000,136.911,
27,accepted,0.500,142.420,
8,accepted,0.000,142.420,
11,accepted,0.000,142.917,
20,accepted,0.000,153.924,
30,accepted,0.000,153.924,
19,accepted,0.548,161.433,
6,accepted,0.000,126.381,
7,accepted,0.571,141.459,
24,accepted,0.504,146.705,
17,accepted,0.504,140.754,
5,accepted,0.000,141.954,
9,accepted,0.000,146.574,
14,accepted,0.504,146.574,
21,accepted,0.000,144.665,
16,accepted,0.499,144.665,
12,accepted,0.969,147.172,
28,accepted,0.000,127.050,
10,accepted,0.504,153.611,
13,accepted,1.504,128.372,
25,accepted,0.501,142.097,
29,accepted,0.000,133.386,
15,accepted,1.000,135.230,
4,accepted,0.501,132.541,
23,accepted,0.000,139.556,
0,accepted,0.000,134.045,
3,accepted,0.501,139.556,
18,accepted,0.000,126.533,
2,accepted,0.501,118.556,
22,accepted,0.000,120.059,
26,accepted,0.000,109.549,
1,accepted,1.002,154.565,
31,accepted,0.000,127.939,
8,accepted,0.700,137.402,
27,accepted,0.700,137.402,
20,accepted,0.000,223.821,
11,accepted,0.000,235.332,
19,accepted,0.673,223.825,
30,accepted,0.000,224.829,
6,accepted,0.673,239.253,
7,accepted,0.499,240.762,
17,accepted,0.659,237.112,
9,accepted,0.000,236.395,
24,accepted,0.000,242.215,
5,accepted,0.000,241.515,
16,accepted,0.504,239.897,
21,accepted,0.000,239.897,
14,accepted,1.007,241.897,
10,accepted,1.000,232.748,
28,accepted,1.499,238.774,
13,accepted,0.000,233.744,
12,accepted,1.000,244.257,
25,accepted,0.000,227.727,
18,accepted,0.499,232.486,
29,accepted,0.684,252.389,
15,accepted,0.000,243.034,
4,accepted,0.000,241.703,
0,accepted,0.000,241.703,
23,accepted,0.504,241.703,
3,accepted,0.504,246.732,
2,accepted,0.503,242.718,
26,accepted,0.000,241.214,
22,accepted,0.503,241.214,
31,accepted,0.000,227.338,
1,accepted,0.500,234.223,
8,accepted,0.000,241.925,
27,accepted,0.501,241.925,
20,accepted,0.000,138.123,
11,accepted,0.000,139.630,
19,accepted,0.000,141.599,
30,accepted,0.000,144.368,
6,accepted,0.000,128.445,
7,accepted,0.500,128.393,
17,accepted,0.500,114.272,
9,accepted,0.499,134.243,
21,accepted,0.500,132.241,
24,accepted,0.499,135.743,
5,accepted,0.499,135.244,
16,accepted,0.000,132.241,
14,accepted,0.000,131.741,
10,accepted,2.025,122.722,
12,accepted,0.502,129.743,
13,accepted,0.000,129.743,
25,accepted,0.502,133.849,
28,accepted,0.000,137.849,
18,accepted,0.000,114.405,
29,accepted,0.000,120.262,
15,accepted,0.000,134.269,
23,accepted,0.000,133.853,
1,accepted,0.000,119.670,
0,accepted,0.000,135.714,
3,accepted,0.000,130.686,
4,accepted,0.000,138.352,
26,accepted,0.000,128.322,
31,accepted,0.500,130.692,
2,accepted,0.500,135.206,
22,accepted,0.501,138.839,
27,accepted,0.000,121.551,
8,accepted,0.000,137.137,
20,accepted,0.000,136.007,
19,accepted,0.499,132.028,
11,accepted,0.000,137.563,
7,accepted,0.501,132.602,
30,accepted,0.501,134.058,
6,accepted,0.000,140.465,
17,accepted,0.000,137.592,
9,accepted,0.000,123.306,
21,accepted,1.583,135.838,
14,accepted,0.000,134.338,
24,accepted,0.000,135.838,
5,accepted,1.583,135.838,
16,accepted,0.504,138.842,
10,accepted,0.000,138.842,
12,accepted,1.633,138.329,
18,accepted,0.500,134.223,
25,accepted,0.500,134.223,
29,accepted,0.000,127.157,
28,accepted,0.000,138.232,
13,accepted,0.500,142.338,
15,accepted,0.000,122.167,
23,accepted,0.569,132.596,
1,accepted,0.000,131.237,
26,accepted,0.000,129.606,
2,accepted,0.000,124.220,
3,accepted,0.500,135.242,
4,accepted,0.500,132.604,
0,accepted,0.000,135.743,
27,accepted,0.000,122.657,
22,accepted,0.000,133.931,
31,accepted,0.000,137.564,
8,accepted,0.499,109.604,
19,accepted,0.000,133.304,
20,accepted,0.501,133.304,
11,accepted,0.501,129.738,
7,accepted,0.499,131.302,
30,accepted,0.000,132.801,
6,accepted,0.500,135.727,
17,accepted,1.004,129.109,
9,accepted,0.000,118.322,
21,accepted,0.000,106.937,
24,accepted,0.501,130.981,
14,accepted,0.501,130.981,
5,accepted,0.000,130.981,
16,accepted,0.000,127.977,
10,accepted,1.000,129.405,
18,accepted,0.000,124.486,
12,accepted,1.000,127.005,
28,accepted,0.000,126.997,
25,accepted,0.000,131.006,
23,accepted,0.500,106.967,
29,accepted,0.000,129.997,
13,accepted,0.000,129.997,
15,accepted,0.540,130.988,
1,accepted,0.718,129.985,
26,accepted,0.718,127.478,
2,accepted,0.500,126.985,
3,accepted,0.500,129.488,
0,accepted,0.000,130.994,
4,accepted,0.000,131.495,
27,accepted,0.500,118.150,
22,accepted,0.000,132.687,
31,accepted,0.000,132.687,
8,accepted,0.000,130.153,
19,accepted,0.000,116.518,
7,accepted,0.498,127.102,
11,accepted,0.500,133.478,
20,accepted,0.500,133.478,
30,accepted,0.000,128.676,
17,accepted,0.500,118.895,
6,accepted,0.000,121.416,
21,accepted,1.500,130.826,
9,accepted,2.000,133.473,
5,accepted,0.000,116.789,
24,accepted,0.000,119.710,
14,accepted,0.000,134.622,
16,accepted,0.000,134.622,
12,accepted,0.000,122.087,
25,accepted,0.000,118.086,
13,accepted,0.000,120.107,
18,accepted,0.000,129.626,
10,accepted,0.000,138.028,
15,accepted,0.554,113.109,
26,accepted,0.000,104.649,
28,accepted,0.000,131.169,
29,accepted,0.554,134.570,
23,accepted,0.554,135.569,
1,accepted,0.000,131.180,
3,accepted,1.146,127.672,
2,accepted,0.000,133.684,
0,accepted,0.500,130.178,
22,accepted,0.000,115.641,
27,accepted,0.000,130.178,
4,accepted,0.501,130.178,
31,accepted,0.500,122.157,
8,accepted,1.499,134.515,
19,accepted,1.500,126.617,
11,accepted,0.500,124.314,
7,accepted,0.500,135.034,
30,accepted,0.503,137.705,
6,accepted,0.000,135.632,
17,accepted,0.000,135.632,
20,accepted,0.000,137.705,
5,accepted,0.000,113.897,
9,accepted,0.000,150.942,
21,accepted,0.000,150.942,
24,accepted,0.000,138.013,
14,accepted,0.000,137.277,
12,accepted,1.003,147.090,
13,accepted,0.500,142.069,
16,accepted,0.504,147.090,
25,accepted,1.507,147.090,
10,accepted,1.003,140.952,
29,accepted,0.499,135.182,
28,accepted,0.504,141.584,
26,accepted,0.000,141.584,
15,accepted,1.003,156.786,
18,accepted,1.003,163.803,
23,accepted,0.000,148.340,
1,accepted,0.500,132.128,
3,accepted,0.500,141.141,
2,accepted,0.500,145.643,
27,accepted,0.504,148.016,
4,accepted,1.004,148.016,
22,accepted,0.000,148.016,
0,accepted,0.504,148.016,
31,accepted,0.000,143.369,
8,accepted,0.000,141.869,
19,accepted,0.000,139.702,
11,accepted,0.000,133.225,
30,accepted,1.501,133.392,
7,accepted,1.000,145.647,
6,accepted,0.000,144.119,
17,accepted,0.000,144.119,
20,accepted,0.000,144.119,
5,accepted,0.498,142.767,
24,accepted,0.000,121.606,
9,accepted,0.914,131.579,
21,accepted,0.000,131.579,
14,accepted,0.500,118.578,
12,accepted,0.000,123.164,
10,accepted,0.627,131.986,
25,accepted,0.000,133.682,
16,accepted,1.242,133.682,
13,accepted,0.000,135.517,
15,accepted,0.000,117.290,
26,accepted,0.000,127.940,
18,accepted,0.000,118.791,
29,accepted,0.000,133.952,
23,accepted,1.004,119.795,
28,accepted,0.500,133.952,
1,accepted,0.499,127.443,
3,accepted,0.499,122.212,
2,accepted,1.214,125.859,
4,accepted,1.214,130.492,
27,accepted,0.499,135.285,
0,accepted,0.499,135.285,
22,accepted,0.499,135.285,
31,accepted,0.499,133.416,
8,accepted,0.000,128.393,
19,accepted,0.000,129.900,
11,accepted,0.500,126.049,
30,accepted,1.076,121.170,
7,accepted,0.000,126.166,
6,accepted,0.500,129.964,
17,accepted,0.500,131.860,
20,accepted,0.500,135.797,
5,accepted,1.008,134.298,
24,accepted,0.499,130.099,
21,accepted,0.000,125.624,
14,accepted,0.000,138.945,
9,accepted,0.000,140.118,
12,accepted,0.501,129.883,
10,accepted,1.553,144.458,
16,accepted,1.419,146.107,
25,accepted,0.000,148.106,
13,accepted,0.000,146.272,
15,accepted,0.000,148.273,
26,accepted,0.000,148.273,
18,accepted,0.000,143.265,
28,accepted,0.000,143.761,
29,accepted,0.000,143.761,
23,accepted,0.000,148.316,
1,accepted,0.000,137.749,
3,accepted,0.000,135.928,
2,accepted,1.188,143.778,
4,accepted,0.497,143.951,
27,accepted,0.000,152.174,
22,accepted,0.500,155.675,
31,accepted,1.177,155.675,
0,accepted,0.677,155.675,
8,accepted,0.501,154.869,
30,accepted,0.501,141.357,
19,accepted,0.501,154.363,
11,accepted,0.501,154.922,
7,accepted,0.501,141.749,
6,accepted,0.000,144.335,
17,accepted,0.000,153.188,
20,accepted,0.501,152.275,
5,accepted,0.000,157.256,
24,accepted,1.552,155.579,
12,accepted,0.682,134.784,
9,accepted,0.000,142.620,
21,accepted,0.000,157.114,
14,accepted,0.000,144.121,
10,accepted,0.500,131.209,
16,accepted,0.000,140.171,
15,accepted,0.000,139.646,
13,accepted,0.500,143.552,
18,accepted,1.529,141.551,
25,accepted,1.529,147.581,
26,accepted,1.529,145.581,
3,accepted,0.000,137.566,
1,accepted,0.500,141.627,
28,accepted,1.028,146.183,
29,accepted,0.500,146.183,
23,accepted,0.000,141.627,
2,accepted,0.504,123.709,
4,accepted,0.573,121.028,
27,accepted,1.002,140.919,
31,accepted,0.000,142.095,
22,accepted,0.000,142.095,
0,accepted,0.000,143.594,
30,accepted,1.004,139.552,
8,accepted,0.527,140.553,
19,accepted,0.000,147.103,
7,accepted,0.501,136.697,
11,accepted,0.000,143.710,
6,accepted,0.505,126.098,
17,accepted,0.500,132.728,
20,accepted,1.003,139.892,
5,accepted,0.503,139.416,
12,accepted,0.000,136.382,
21,accepted,1.501,135.884,
24,accepted,0.644,145.419,
14,accepted,0.501,136.885,
9,accepted,0.500,138.883,
10,accepted,0.501,124.367,
16,accepted,0.000,116.261,
15,accepted,0.000,138.522,
18,accepted,1.510,138.513,
13,accepted,0.501,141.625,
3,accepted,0.504,139.100,
25,accepted,0.000,139.100,
29,accepted,0.499,138.497,
2,accepted,0.000,134.947,
23,accepted,0.000,138.497,
1,accepted,0.499,141.542,
26,accepted,0.499,143.644,
4,accepted,1.005,132.996,
28,accepted,0.000,142.047,
27,accepted,0.500,107.102,
31,accepted,0.501,129.820,
22,accepted,0.501,132.820,
8,accepted,0.501,132.737,
30,accepted,0.501,132.737,
0,accepted,1.001,136.322,
6,accepted,0.000,126.921,
11,accepted,0.000,129.841,
19,accepted,0.000,133.917,
7,accepted,0.000,132.423,
17,accepted,0.000,116.044,
20,accepted,0.500,113.870,
5,accepted,0.000,121.859,
12,accepted,0.000,130.975,
24,accepted,0.500,127.535,
16,accepted,0.504,124.926,
21,accepted,0.000,141.459,
15,accepted,0.000,105.714,
9,accepted,0.000,138.460,
10,accepted,0.504,134.495,
14,accepted,0.504,139.496,
18,accepted,0.502,132.421,
29,accepted,0.000,129.653,
3,accepted,0.501,131.153,
13,accepted,0.000,132.656,
23,accepted,0.000,131.138,
1,accepted,0.000,128.093,
25,accepted,1.131,132.637,
2,accepted,0.000,134.262,
26,accepted,0.500,142.280,
27,accepted,0.000,134.763,
4,accepted,0.500,145.615,
28,accepted,0.000,145.615,
31,accepted,0.000,113.705,
22,accepted,0.000,114.680,
0,accepted,0.000,128.738,
30,accepted,0.000,130.335,
8,accepted,0.000,130.335,
6,accepted,1.004,127.606,
5,accepted,0.504,105.954,
11,accepted,0.000,130.045,
7,accepted,0.538,143.194,
17,accepted,0.000,142.194,
19,accepted,0.000,143.194,
20,accepted,0.000,135.213,
12,accepted,0.000,116.103,
24,accepted,0.000,127.817,
16,accepted,0.000,129.746,
14,accepted,0.000,127.311,
21,accepted,1.039,127.850,
9,accepted,0.000,131.552,
10,accepted,0.000,131.014,
15,accepted,1.003,141.562,
18,accepted,0.500,118.961,
29,accepted,0.500,123.157,
23,accepted,0.500,126.684,
13,accepted,0.500,133.168,
3,accepted,0.000,133.168,
2,accepted,0.000,130.060,
1,accepted,2.001,133.183,
25,accepted,0.000,133.183,
27,accepted,0.500,127.895,
26,accepted,0.500,127.895,
22,accepted,0.499,123.622,
4,accepted,0.000,132.671,
28,accepted,0.501,133.670,
31,accepted,0.500,133.990,
0,accepted,0.000,133.084,
5,accepted,0.000,128.726,
6,accepted,0.000,134.085,
30,accepted,0.000,135.087,
8,accepted,0.000,135.087,
11,accepted,0.000,129.228,
19,accepted,0.000,122.250,
7,accepted,0.000,129.967,
12,accepted,0.525,126.055,
17,accepted,0.500,131.090,
20,accepted,0.000,132.560,
24,accepted,0.501,119.788,
16,accepted,0.500,132.008,
14,accepted,0.000,127.378,
9,accepted,0.499,124.177,
21,accepted,0.500,130.725,
10,accepted,0.000,127.022,
15,accepted,0.000,127.023,
29,accepted,0.000,119.992,
18,accepted,0.648,127.535,
13,accepted,0.501,113.478,
23,accepted,1.444,129.994,
2,accepted,0.500,124.858,
3,accepted,0.500,132.507,
25,accepted,0.000,132.008,
1,accepted,0.000,133.069,
27,accepted,0.000,127.026,
26,accepted,0.000,127.026,
4,accepted,0.000,122.565,
28,accepted,0.000,122.066,
22,accepted,0.500,141.138,
31,accepted,0.500,134.744,
5,accepted,0.000,136.692,
30,accepted,1.001,137.726,
0,accepted,0.502,139.729,
6,accepted,0.499,138.726,
8,accepted,0.998,138.224,
11,accepted,0.499,138.224,
7,accepted,0.000,125.755,
24,accepted,0.000,121.864,
12,accepted,0.000,128.373,
20,accepted,0.503,129.371,
19,accepted,0.500,140.714,
17,accepted,1.005,131.874,
16,accepted,0.500,143.191,
14,accepted,0.505,145.699,
9,accepted,0.505,145.697,
21,accepted,0.505,144.352,
10,accepted,0.000,146.351,
15,accepted,0.500,139.347,
18,accepted,0.000,132.833,
29,accepted,0.502,132.833,
2,accepted,0.000,133.973,
23,accepted,0.000,135.336,
13,accepted,0.501,149.739,
3,accepted,0.000,131.827,
25,accepted,1.034,152.388,
1,accepted,0.000,151.327,
27,accepted,0.500,148.471,
26,accepted,0.000,153.895,
4,accepted,1.502,152.976,
28,accepted,0.000,152.476,
31,accepted,0.000,141.475,
5,accepted,0.000,129.926,
22,accepted,0.000,155.503,
7,accepted,0.500,140.918,
6,accepted,0.500,144.919,
8,accepted,0.500,148.017,
11,accepted,0.000,148.017,
0,accepted,0.500,148.515,
30,accepted,1.000,148.515,
12,accepted,0.000,143.146,
24,accepted,1.997,143.146,
19,accepted,1.496,139.645,
20,accepted,0.504,145.170,
17,accepted,0.504,145.170,
16,accepted,0.000,119.959,
9,accepted,0.000,136.888,
14,accepted,0.000,142.895,
21,accepted,0.000,140.896,
10,accepted,0.000,138.897,
18,accepted,0.500,136.890,
29,accepted,0.000,136.890,
15,accepted,1.738,136.890,
2,accepted,0.000,121.454,
23,accepted,0.000,128.206,
25,accepted,1.087,112.826,
13,accepted,0.000,135.504,
3,accepted,1.087,145.780,
26,accepted,0.618,128.276,
1,accepted,0.000,133.700,
27,accepted,0.618,133.700,
4,accepted,0.000,136.404,
31,accepted,0.000,131.909,
28,accepted,0.000,136.404,
22,accepted,0.498,129.566,
5,accepted,0.920,129.566,
7,accepted,0.000,124.560,
6,accepted,0.505,129.070,
8,accepted,0.505,130.984,
0,accepted,0.000,132.332,
12,accepted,0.498,129.461,
30,accepted,0.498,133.838,
11,accepted,0.000,133.838,
24,accepted,1.077,132.530,
19,accepted,1.077,140.578,
17,accepted,0.000,135.052,
16,accepted,0.675,123.393,
20,accepted,0.500,135.052,
9,accepted,0.498,119.948,
14,accepted,0.539,131.511,
10,accepted,0.501,132.011,
18,accepted,0.000,131.011,
21,accepted,0.000,132.011,
29,accepted,0.000,132.485,
2,accepted,0.000,131.429,
15,accepted,0.000,139.937,
13,accepted,0.000,122.426,
23,accepted,1.004,132.611,
25,accepted,0.000,131.554,
3,accepted,0.500,120.162,
27,accepted,0.000,128.194,
26,accepted,0.000,132.267,
1,accepted,0.503,132.267,
28,accepted,0.000,126.980,
4,accepted,0.000,132.485,
22,accepted,0.499,120.799,
31,accepted,0.000,132.485,
5,accepted,0.502,128.719,
7,accepted,0.000,120.347,
6,accepted,0.000,118.436,
8,accepted,1.523,113.423,
0,accepted,0.543,131.246,
12,accepted,0.529,131.246,
11,accepted,0.000,129.739,
30,accepted,0.500,130.238,
24,accepted,0.000,128.675,
20,accepted,0.506,128.145,
19,accepted,0.502,130.981,
9,accepted,0.000,117.072,
17,accepted,0.000,138.582,
16,accepted,0.500,139.901,
14,accepted,1.009,124.043,
21,accepted,0.500,129.974,
18,accepted,0.000,129.974,
10,accepted,0.501,129.974,
2,accepted,0.500,127.975,
15,accepted,0.502,121.549,
29,accepted,0.000,129.000,
23,accepted,1.054,129.883,
3,accepted,0.499,120.754,
13,accepted,1.054,139.389,
25,accepted,1.054,131.582,
27,accepted,0.500,132.275,
26,accepted,0.501,128.201,
28,accepted,0.500,128.641,
1,accepted,0.499,135.218,
4,accepted,0.000,123.638,
22,accepted,1.005,128.085,
5,accepted,1.005,120.165,
8,accepted,0.000,117.977,
31,accepted,0.000,133.638,
7,accepted,0.000,132.982,
6,accepted,0.541,130.383,
12,accepted,0.000,127.329,
11,accepted,0.000,127.329,
24,accepted,0.000,133.341,
0,accepted,0.501,133.840,
30,accepted,0.000,133.842,
20,accepted,0.754,130.835,
17,accepted,0.499,120.399,
16,accepted,0.000,122.079,
19,accepted,0.000,132.500,
9,accepted,1.004,132.417,
14,accepted,0.000,118.914,
21,accepted,0.000,128.634,
18,accepted,0.502,133.999,
10,accepted,0.500,133.999,
29,accepted,0.500,133.998,
15,accepted,0.000,133.998,
2,accepted,0.500,133.998,
13,accepted,0.000,119.159,
23,accepted,0.499,128.666,
25,accepted,0.000,119.341,
3,accepted,0.000,131.669,
26,accepted,0.000,117.049,
28,accepted,0.000,126.654,
27,accepted,0.503,133.170,
5,accepted,0.499,127.756,
4,accepted,0.499,132.203,
1,accepted,0.502,132.931,
22,accepted,0.499,132.995,
8,accepted,0.500,130.523,
6,accepted,0.000,118.117,
31,accepted,0.000,130.633,
7,accepted,1.130,232.405,
11,accepted,0.000,221.708,
12,accepted,0.000,221.708,
24,accepted,1.249,232.749,
20,accepted,0.503,234.351,
17,accepted,0.504,234.852,
0,accepted,0.000,239.864,
30,accepted,0.499,240.861,
16,accepted,0.501,234.851,
9,accepted,0.501,233.674,
19,accepted,0.000,236.175,
14,accepted,0.500,225.103,
21,accepted,0.000,222.879,
15,accepted,0.728,238.035,
29,accepted,0.504,241.064,
18,accepted,0.728,241.563,
13,accepted,0.000,236.555,
23,accepted,0.000,236.555,
10,accepted,0.000,241.563,
2,accepted,0.504,241.064,
25,accepted,0.000,239.487,
3,accepted,0.605,239.974,
26,accepted,0.646,231.182,
28,accepted,1.114,236.764,
5,accepted,0.000,242.139,
27,accepted,0.000,249.648,
4,accepted,0.500,250.000,
1,accepted,0.000,250.270,
22,accepted,1.326,247.761,
6,accepted,0.000,246.672,
31,accepted,0.000,248.103,
7,accepted,0.000,135.418,
24,accepted,0.000,115.405,
8,accepted,0.000,255.622,
11,accepted,0.000,137.000,
12,accepted,0.000,143.343,
20,accepted,0.501,137.405,
17,accepted,0.000,140.910,
30,accepted,0.000,140.911,
0,accepted,0.500,142.410,
19,accepted,1.028,140.517,
9,accepted,0.000,140.517,
16,accepted,0.000,143.341,
14,accepted,0.608,141.928,
21,accepted,0.000,141.217,
23,accepted,0.000,145.723,
15,accepted,0.500,148.752,
29,accepted,0.000,147.224,
10,accepted,0.499,149.731,
2,accepted,0.498,149.731,
13,accepted,0.000,149.731,
25,accepted,0.499,149.298,
18,accepted,0.499,153.733,
3,accepted,0.000,147.311,
26,accepted,0.501,141.689,
28,accepted,0.503,136.382,
5,accepted,0.500,124.956,
27,accepted,0.500,129.501,
22,accepted,0.000,138.115,
4,accepted,0.501,141.115,
7,accepted,0.000,135.082,
1,accepted,0.502,140.618,
6,accepted,0.000,140.616,
11,accepted,0.000,133.592,
12,accepted,0.000,128.621,
31,accepted,0.000,141.964,
24,accepted,0.000,139.006,
8,accepted,0.000,139.184,
20,accepted,0.000,123.612,
17,accepted,0.558,125.968,
0,accepted,0.000,142.256,
19,accepted,0.504,138.825,
9,accepted,0.000,138.825,
30,accepted,0.504,142.755,
21,accepted,1.508,125.585,
16,accepted,0.602,142.179,
14,accepted,0.000,138.802,
23,accepted,0.499,113.698,
29,accepted,0.000,130.223,
2,accepted,0.000,132.725,
25,accepted,0.504,132.806,
10,accepted,0.000,136.809,
13,accepted,0.000,136.809,
15,accepted,0.500,140.817,
5,accepted,0.500,117.412,
26,accepted,1.004,137.818,
28,accepted,0.501,121.423,
18,accepted,0.500,137.818,
3,accepted,0.500,138.317,
27,accepted,0.500,119.426,
22,accepted,2.006,117.940,
1,accepted,0.000,133.908,
4,accepted,0.000,134.408,
11,accepted,0.647,137.596,
7,accepted,0.499,144.610,
31,accepted,0.500,137.728,
8,accepted,0.500,135.591,
17,accepted,0.000,119.146,
6,accepted,0.000,143.110,
12,accepted,0.000,138.727,
20,accepted,0.506,125.508,
24,accepted,0.000,138.727,
9,accepted,0.000,134.462,
0,accepted,0.000,134.961,
30,accepted,0.500,134.965,
21,accepted,1.000,134.123,
16,accepted,1.000,134.123,
14,accepted,0.000,134.123,
23,accepted,0.000,123.588,
19,accepted,0.000,146.732,
2,accepted,0.000,104.174,
29,accepted,0.501,109.183,
25,accepted,0.000,134.637,
28,accepted,2.082,131.125,
13,accepted,0.504,136.548,
10,accepted,0.504,136.548,
26,accepted,1.005,138.726,
1,accepted,0.000,101.721,
15,accepted,1.082,147.930,
3,accepted,0.501,142.420,
22,accepted,0.000,122.382,
27,accepted,1.005,138.912,
18,accepted,0.501,143.420,
5,accepted,1.583,148.430,
4,accepted,0.000,115.429,
31,accepted,0.000,127.260,
11,accepted,0.620,132.273,
7,accepted,0.000,130.768,
12,accepted,0.000,129.769,
20,accepted,1.500,134.638,
6,accepted,0.000,138.788,
9,accepted,0.500,106.578,
8,accepted,0.499,141.616,
24,accepted,0.000,141.616,
17,accepted,0.499,141.616,
30,accepted,0.000,113.699,
0,accepted,0.000,128.227,
16,accepted,0.000,132.698,
21,accepted,0.500,132.698,
19,accepted,1.787,124.847,
14,accepted,0.000,134.102,
2,accepted,0.000,127.403,
23,accepted,1.288,131.023,
29,accepted,0.687,136.957,
25,accepted,0.499,108.533,
10,accepted,0.502,130.941,
28,accepted,0.000,131.352,
13,accepted,0.502,132.091,
15,accepted,0.000,124.216,
3,accepted,0.643,128.719,
26,accepted,0.643,136.916,
22,accepted,0.000,132.723,
27,accepted,0.000,132.723,
5,accepted,0.643,131.223,
18,accepted,0.000,132.222,
1,accepted,0.000,138.923,
4,accepted,0.000,126.556,
31,accepted,0.000,132.707,
12,accepted,0.000,129.199,
9,accepted,0.499,122.287,
7,accepted,0.000,132.700,
11,accepted,0.500,137.204,
20,accepted,0.499,132.335,
6,accepted,0.000,135.590,
0,accepted,0.000,112.547,
8,accepted,0.000,132.762,
24,accepted,0.500,132.762,
17,accepted,0.000,132.762,
30,accepted,0.700,126.573,
21,accepted,0.000,111.163,
16,accepted,0.000,120.179,
19,accepted,0.000,135.292,
14,accepted,0.000,135.792,
2,accepted,0.000,133.237,
23,accepted,0.000,135.738,
29,accepted,1.507,138.689,
25,accepted,0.000,135.567,
10,accepted,0.500,120.757,
13,accepted,1.507,119.607,
28,accepted,1.507,127.268,
3,accepted,0.000,128.003,
27,accepted,0.000,125.118,
15,accepted,0.504,133.625,
4,accepted,1.000,124.770,
1,accepted,0.498,126.111,
18,accepted,0.000,133.060,
26,accepted,0.000,143.119,
5,accepted,0.000,143.119,
22,accepted,0.000,151.978,
31,accepted,0.000,131.639,
9,accepted,0.500,128.138,
7,accepted,0.000,135.350,
12,accepted,0.500,138.851,
0,accepted,0.000,125.942,
20,accepted,0.582,133.849,
21,accepted,0.500,120.342,
11,accepted,0.582,133.849,
8,accepted,0.500,126.444,
6,accepted,0.500,130.956,
17,accepted,0.000,140.466,
24,accepted,0.500,140.466,
16,accepted,0.000,131.361,
30,accepted,0.000,149.024,
19,accepted,0.000,124.371,
14,accepted,0.999,129.404,
23,accepted,0.500,132.531,
2,accepted,0.500,137.684,
29,accepted,0.579,122.783,
25,accepted,0.000,124.294,
10,accepted,0.684,133.048,
28,accepted,0.684,126.536,
3,accepted,0.000,116.641,
13,accepted,0.000,137.551,
27,accepted,0.500,135.552,
1,accepted,0.500,133.998,
18,accepted,0.504,129.056,
4,accepted,0.500,133.998,
15,accepted,0.500,139.915,
26,accepted,0.504,123.362,
5,accepted,0.000,124.940,
22,accepted,0.000,118.710,
9,accepted,0.000,127.540,
31,accepted,0.000,133.046,
12,accepted,0.500,126.840,
7,accepted,0.500,132.845,
21,accepted,0.000,132.806,
8,accepted,0.501,132.806,
20,accepted,0.605,135.742,
0,accepted,1.106,136.244,
11,accepted,0.605,135.742,
6,accepted,0.000,131.230,
16,accepted,0.000,117.309,
24,accepted,0.500,123.321,
30,accepted,0.000,118.770,
17,accepted,0.000,127.328,
19,accepted,1.006,118.285,
14,accepted,0.500,120.790,
23,accepted,0.499,121.670,
2,accepted,0.000,238.464,
29,accepted,0.000,237.859,
25,accepted,0.000,235.846,
3,accepted,0.000,226.819,
13,accepted,0.501,223.857,
28,accepted,0.499,241.376,
10,accepted,0.499,243.875,
18,accepted,0.500,230.411,
27,accepted,0.500,231.856,
4,accepted,0.000,237.414,
1,accepted,0.000,240.339,
15,accepted,0.000,237.421,
26,accepted,0.500,237.561,
5,accepted,0.500,238.939,
22,accepted,0.499,236.311,
9,accepted,0.000,233.569,
12,accepted,0.619,233.189,
31,accepted,0.619,239.710,
21,accepted,0.000,229.735,
7,accepted,0.000,239.708,
8,accepted,1.000,239.252,
0,accepted,0.000,236.316,
11,accepted,0.000,236.817,
30,accepted,0.000,231.209,
20,accepted,0.000,236.817,
6,accepted,0.498,236.817,
24,accepted,0.000,235.215,
16,accepted,1.510,238.714,
19,accepted,0.717,229.213,
17,accepted,0.000,241.213,
23,accepted,1.004,232.501,
14,accepted,1.004,239.509,
2,accepted,0.000,135.300,
29,accepted,0.000,135.300,
3,accepted,0.829,128.570,
25,accepted,0.552,139.260,
13,accepted,0.829,131.115,
28,accepted,0.000,119.721,
10,accepted,0.000,127.620,
18,accepted,1.004,124.281,
27,accepted,0.504,131.344,
1,accepted,0.504,127.474,
4,accepted,0.504,137.733,
15,accepted,0.000,134.808,
26,accepted,0.000,136.905,
22,accepted,0.499,135.953,
5,accepted,0.499,139.974,
9,accepted,0.500,128.710,
12,accepted,0.504,135.215,
31,accepted,0.000,133.207,
7,accepted,0.619,130.205,
8,accepted,0.000,134.198,
21,accepted,0.619,143.715,
0,accepted,0.000,140.207,
24,accepted,0.500,144.218,
16,accepted,0.499,140.719,
6,accepted,0.000,144.218,
11,accepted,0.500,144.218,
30,accepted,0.500,145.725,
20,accepted,0.500,145.725,
19,accepted,0.000,145.226,
17,accepted,0.000,145.235,
23,accepted,0.508,139.400,
14,accepted,0.000,145.932,
2,accepted,0.000,141.658,
29,accepted,1.004,145.033,
28,accepted,0.000,136.319,
3,accepted,0.000,142.027,
25,accepted,0.505,143.738,
10,accepted,0.501,129.085,
13,accepted,0.501,146.463,
18,accepted,0.499,129.772,
27,accepted,0.500,135.881,
1,accepted,0.000,135.332,
4,accepted,0.000,140.430,
15,accepted,1.004,140.430,
22,accepted,2.004,137.742,
5,accepted,0.500,135.184,
26,accepted,2.004,141.210,
9,accepted,0.000,136.213,
12,accepted,0.000,131.494,
21,accepted,0.000,125.885,
7,accepted,0.000,132.386,
31,accepted,0.674,137.492,
8,accepted,0.000,131.397,
0,accepted,0.000,130.308,
11,accepted,0.000,131.397,
24,accepted,0.000,132.490,
30,accepted,0.000,133.961,
6,accepted,0.000,135.468,
20,accepted,0.000,133.961,
16,accepted,0.000,135.468,
19,accepted,1.010,131.486,
23,accepted,0.000,125.484,
17,accepted,0.000,134.480,
14,accepted,0.499,120.952,
2,accepted,0.499,127.511,
29,accepted,0.500,129.744,
3,accepted,0.501,134.680,
28,accepted,0.501,134.680,
25,accepted,0.540,131.517,
10,accepted,0.000,131.517,
18,accepted,1.006,132.733,
13,accepted,0.000,135.263,
27,accepted,0.000,122.591,
1,accepted,1.600,129.098,
4,accepted,0.000,123.722,
15,accepted,0.000,129.238,
22,accepted,0.000,131.505,
5,accepted,0.500,134.041,
26,accepted,0.000,136.919,
9,accepted,0.499,129.375,
12,accepted,0.498,125.582,
21,accepted,0.000,118.670,
31,accepted,2.005,124.077,
8,accepted,0.500,128.551,
7,accepted,1.004,134.063,
0,accepted,0.000,124.638,
24,accepted,0.500,126.983,
11,accepted,1.004,128.076,
30,accepted,0.000,125.543,
20,accepted,0.617,129.599,
6,accepted,0.000,133.987,
19,accepted,0.574,132.460,
16,accepted,0.000,135.420,
23,accepted,0.000,127.387,
17,accepted,1.004,132.307,
14,accepted,0.499,132.307,
2,accepted,0.528,124.466,
29,accepted,0.000,130.702,
28,accepted,0.501,130.453,
18,accepted,0.000,125.912,
3,accepted,0.501,132.487,
25,accepted,0.000,133.987,
10,accepted,0.617,133.987,
13,accepted,0.501,131.882,
1,accepted,0.501,123.364,
27,accepted,0.501,135.381,
4,accepted,0.501,128.810,
15,accepted,0.000,124.793,
22,accepted,0.499,128.835,
5,accepted,0.000,126.354,
12,accepted,0.500,126.454,
21,accepted,0.000,126.459,
26,accepted,0.573,132.080,
9,accepted,1.074,132.080,
31,accepted,0.620,126.454,
7,accepted,0.503,119.066,
8,accepted,0.000,119.066,
0,accepted,0.000,124.061,
30,accepted,1.003,124.484,
24,accepted,0.000,126.022,
11,accepted,0.000,134.521,
20,accepted,0.000,130.927,
16,accepted,0.000,131.606,
6,accepted,0.000,133.039,
19,accepted,0.500,133.039,
23,accepted,0.499,133.106,
17,accepted,0.501,126.186,
14,accepted,0.501,135.186,
2,accepted,1.000,134.359,
29,accepted,0.502,122.517,
18,accepted,0.000,124.449,
28,accepted,0.000,128.144,
3,accepted,0.500,133.487,
25,accepted,1.500,131.987,
13,accepted,0.000,126.124,
10,accepted,1.000,133.125,
15,accepted,0.499,123.057,
1,accepted,0.499,137.057,
4,accepted,0.500,127.149,
27,accepted,0.000,139.650,
22,accepted,0.000,123.393,
12,accepted,1.000,127.610,
5,accepted,0.000,134.715,
21,accepted,0.500,128.616,
26,accepted,0.500,135.557,
31,accepted,1.001,129.057,
9,accepted,0.500,135.557,
8,accepted,0.000,149.935,
0,accepted,1.001,143.933,
7,accepted,1.001,149.935,
24,accepted,0.000,135.610,
30,accepted,0.000,137.000,
11,accepted,0.500,128.501,
16,accepted,1.507,129.488,
19,accepted,0.000,132.174,
20,accepted,2.007,139.174,
17,accepted,3.022,137.068,
6,accepted,0.000,138.568,
14,accepted,2.004,128.068,
23,accepted,2.022,137.068,
2,accepted,0.000,137.836,
29,accepted,0.503,137.836,
18,accepted,0.000,134.688,
25,accepted,0.000,128.630,
28,accepted,0.000,143.485,
3,accepted,0.000,136.107,
10,accepted,1.007,137.506,
13,accepted,0.503,138.005,
4,accepted,0.502,121.480,
22,accepted,0.000,117.335,
15,accepted,0.502,134.583,
1,accepted,0.000,134.583,
27,accepted,0.000,137.499,
12,accepted,0.000,124.642,
5,accepted,0.000,132.646,
31,accepted,0.501,126.197,
21,accepted,0.501,136.138,
26,accepted,1.113,137.246,
9,accepted,1.612,137.246,
24,accepted,0.524,114.705,
7,accepted,0.000,125.394,
8,accepted,1.000,125.394,
30,accepted,0.000,126.827,
0,accepted,0.000,130.894,
11,accepted,0.000,133.137,
16,accepted,0.500,125.154,
20,accepted,2.504,129.976,
17,accepted,1.002,128.167,
19,accepted,1.500,134.561,
23,accepted,0.500,128.167,
14,accepted,0.499,134.245,
6,accepted,0.500,136.145,
2,accepted,1.003,132.334,
29,accepted,0.999,132.334,
18,accepted,0.998,127.335,
25,accepted,0.500,132.365,
10,accepted,0.536,122.352,
28,accepted,0.504,130.311,
3,accepted,0.000,136.931,
13,accepted,0.499,133.896,
22,accepted,0.000,129.987,
4,accepted,0.507,134.395,
27,accepted,0.500,122.841,
1,accepted,0.500,134.390,
15,accepted,0.500,134.390,
12,accepted,0.000,133.349,
31,accepted,0.000,122.348,
5,accepted,0.499,125.346,
21,accepted,0.000,129.356,
26,accepted,0.896,130.822,
24,accepted,0.000,131.489,
7,accepted,1.004,123.477,
9,accepted,0.500,134.002,
11,accepted,0.503,119.666,
8,accepted,0.694,135.548,
30,accepted,0.000,131.051,
20,accepted,0.503,123.909,
0,accepted,0.000,139.731,
16,accepted,0.500,131.917,
23,accepted,0.000,129.559,
14,accepted,0.000,123.480,
17,accepted,0.000,130.186,
19,accepted,0.591,138.211,
6,accepted,1.000,130.233,
2,accepted,0.580,119.924,
18,accepted,0.499,132.427,
25,accepted,0.499,124.417,
29,accepted,0.501,134.934,
22,accepted,0.000,121.703,
10,accepted,1.003,133.747,
28,accepted,0.000,128.827,
3,accepted,0.504,132.719,
13,accepted,0.000,132.719,
1,accepted,0.000,121.214,
4,accepted,0.000,131.719,
27,accepted,0.000,136.305,
31,accepted,0.000,118.762,
15,accepted,0.611,130.266,
12,accepted,0.739,123.907,
5,accepted,0.000,132.658,
21,accepted,0.000,123.149,
24,accepted,0.000,120.468,
26,accepted,0.500,135.165,
9,accepted,2.005,135.815,
11,accepted,2.505,127.815,
7,accepted,1.001,135.815,
8,accepted,0.000,132.909,
20,accepted,0.500,128.203,
30,accepted,0.000,136.882,
16,accepted,0.500,141.669,
0,accepted,0.000,141.669,
23,accepted,0.000,131.934,
14,accepted,0.500,137.509,
6,accepted,1.000,133.299,
19,accepted,0.500,133.299,
17,accepted,0.000,142.826,
2,accepted,0.000,136.934,
25,accepted,0.000,139.942,
29,accepted,0.000,141.961,
18,accepted,0.000,142.462,
28,accepted,0.504,138.134,
22,accepted,0.000,138.638,
10,accepted,0.000,142.650,
1,accepted,2.504,139.139,
13,accepted,0.499,141.015,
3,accepted,2.329,141.015,
4,accepted,0.499,143.197,
27,accepted,0.499,136.913,
31,accepted,0.499,138.117,
15,accepted,0.000,141.115,
5,accepted,0.502,129.226,
12,accepted,0.000,137.977,
21,accepted,2.071,139.230,
24,accepted,0.600,141.371,
26,accepted,0.500,131.950,
7,accepted,0.000,136.045,
8,accepted,0.000,128.431,
11,accepted,0.500,137.596,
9,accepted,0.500,137.596,
30,accepted,0.494,132.991,
23,accepted,0.503,120.528,
20,accepted,0.503,136.994,
16,accepted,0.500,131.740,
14,accepted,0.000,127.631,
0,accepted,0.500,133.206,
6,accepted,0.500,133.227,
19,accepted,1.000,135.692,
17,accepted,0.500,134.190,
2,accepted,0.500,133.022,
25,accepted,0.000,123.533,
29,accepted,0.000,131.379,
10,accepted,0.000,123.361,
28,accepted,0.500,127.373,
18,accepted,1.000,132.879,
22,accepted,0.000,137.883,
13,accepted,0.000,124.490,
1,accepted,0.505,127.544,
3,accepted,0.000,131.969,
4,accepted,1.036,131.983,
31,accepted,0.000,129.950,
27,accepted,0.500,131.153,
15,accepted,1.504,133.759,
5,accepted,1.504,136.955,
12,accepted,1.000,138.897,
21,accepted,0.000,128.394,
24,accepted,0.998,132.307,
26,accepted,0.505,141.720,
7,accepted,0.000,137.636,
11,accepted,0.000,146.986,
8,accepted,0.500,146.986,
30,accepted,1.004,138.953,
9,accepted,0.000,148.489,
23,accepted,0.500,145.961,
16,accepted,0.000,142.074,
20,accepted,0.000,150.286,
6,accepted,0.000,146.086,
0,accepted,0.501,156.125,
14,accepted,0.000,156.125,
19,accepted,0.000,153.623,
17,accepted,1.999,155.127,
2,accepted,1.000,152.553,
25,accepted,1.068,157.058,
29,accepted,0.500,146.692,
18,accepted,0.971,145.193,
28,accepted,1.500,157.339,
10,accepted,1.500,158.741,
1,accepted,0.504,155.421,
13,accepted,0.504,157.099,
4,accepted,0.000,146.925,
22,accepted,0.000,157.099,
3,accepted,0.000,151.583,
15,accepted,1.002,148.599,
31,accepted,1.002,156.863,
27,accepted,1.002,156.863,
21,accepted,0.503,153.363,
12,accepted,0.503,153.363,
5,accepted,0.503,155.306,
24,accepted,0.500,138.486,
26,accepted,1.001,137.776,
11,accepted,0.503,141.053,
30,accepted,0.000,139.550,
7,accepted,0.000,151.954,
16,accepted,0.000,127.215,
23,accepted,0.661,134.539,
8,accepted,0.661,144.055,
20,accepted,0.640,127.215,
9,accepted,0.000,142.552,
6,accepted,0.642,125.710,
19,accepted,0.599,123.719,
14,accepted,0.500,136.231,
17,accepted,0.742,124.725,
0,accepted,0.500,136.231,
2,accepted,0.000,131.956,
25,accepted,0.000,123.422,
18,accepted,0.000,127.931,
29,accepted,0.691,134.757,
28,accepted,1.500,133.298,
10,accepted,1.004,131.896,
3,accepted,0.000,121.064,
1,accepted,1.031,124.030,
4,accepted,1.000,134.059,
13,accepted,0.500,134.059,
22,accepted,0.000,134.059,
31,accepted,0.999,122.181,
27,accepted,0.500,136.189,
15,accepted,0.999,140.145,
5,accepted,0.000,132.568,
12,accepted,0.000,132.568,
26,accepted,0.625,122.254,
24,accepted,0.000,133.053,
21,accepted,0.000,134.244,
11,accepted,0.000,127.170,
7,accepted,0.500,127.170,
30,accepted,0.500,127.170,
16,accepted,0.500,124.168,
23,accepted,0.000,125.250,
9,accepted,0.633,142.271,
8,accepted,0.000,142.271,
20,accepted,0.633,142.271,
19,accepted,0.000,120.247,
6,accepted,0.677,131.765,
0,accepted,2.499,124.244,
14,accepted,2.506,132.689,
17,accepted,2.506,132.689,
2,accepted,0.500,117.121,
3,accepted,0.000,115.118,
25,accepted,0.000,138.139,
29,accepted,0.502,134.335,
18,accepted,0.502,141.161,
28,accepted,0.502,124.147,
4,accepted,0.499,116.117,
10,accepted,0.499,137.985,
22,accepted,0.000,133.134,
1,accepted,0.499,143.163,
31,accepted,1.082,137.047,
13,accepted,0.584,137.047,
5,accepted,0.000,116.206,
27,accepted,0.000,124.638,
12,accepted,0.500,126.574,
24,accepted,0.499,131.759,
21,accepted,0.499,135.426,
15,accepted,0.500,141.435,
26,accepted,0.000,135.426,
11,accepted,0.563,122.094,
16,accepted,1.002,128.979,
30,accepted,1.999,138.055,
23,accepted,1.000,138.794,
7,accepted,2.501,139.876,
19,accepted,0.000,129.867,
8,accepted,0.000,129.867,
9,accepted,0.000,130.960,
20,accepted,0.000,130.960,
0,accepted,0.500,128.959,
6,accepted,0.499,137.101,
17,accepted,0.000,126.155,
14,accepted,0.000,135.711,
2,accepted,0.504,135.297,
25,accepted,0.524,134.245,
3,accepted,0.524,135.245,
29,accepted,0.500,131.215,
4,accepted,0.000,132.618,
28,accepted,0.500,135.619,
18,accepted,0.500,136.118,
1,accepted,0.000,124.201,
31,accepted,0.500,122.791,
22,accepted,0.000,126.704,
10,accepted,0.000,133.386,
27,accepted,0.499,132.716,
5,accepted,0.499,135.712,
13,accepted,0.679,135.712,
12,accepted,0.000,126.916,
24,accepted,0.000,128.064,
26,accepted,1.000,134.943,
15,accepted,0.500,134.943,
21,accepted,0.500,135.945,
11,accepted,0.000,126.341,
30,accepted,0.000,120.883,
16,accepted,0.000,137.114,
7,accepted,0.000,132.714,
8,accepted,0.557,126.723,
19,accepted,1.501,126.723,
23,accepted,1.501,134.817,
20,accepted,3.000,135.138,
0,accepted,1.878,130.631,
9,accepted,0.900,135.138,
14,accepted,0.500,119.934,
6,accepted,0.000,134.490,
17,accepted,0.000,133.990,
2,accepted,1.000,135.302,
3,accepted,0.539,125.351,
25,accepted,0.000,134.862,
29,accepted,0.000,130.362,
28,accepted,0.000,126.463,
18,accepted,0.000,128.375,
4,accepted,0.500,134.844,
1,accepted,0.000,126.244,
31,accepted,1.126,123.741,
27,accepted,0.000,121.852,
22,accepted,0.644,134.375,
10,accepted,0.000,136.879,
5,accepted,0.000,125.460,
12,accepted,1.003,128.938,
13,accepted,1.003,134.517,
24,accepted,0.998,126.437,
21,accepted,0.506,134.348,
26,accepted,0.000,135.349,
15,accepted,0.506,135.349,
11,accepted,0.500,134.348,
30,accepted,1.002,125.147,
16,accepted,1.999,127.502,
7,accepted,0.501,121.006,
20,accepted,0.500,122.787,
8,accepted,0.500,132.295,
19,accepted,0.500,133.380,
23,accepted,0.000,133.879,
14,accepted,0.000,127.386,
9,accepted,0.000,134.754,
0,accepted,0.000,134.754,
17,accepted,0.499,133.768,
6,accepted,1.626,135.268,
2,accepted,0.000,127.729,
3,accepted,0.615,131.764,
25,accepted,0.499,126.352,
29,accepted,0.499,131.814,
1,accepted,1.500,122.967,
18,accepted,0.501,129.435,
28,accepted,0.000,131.348,
31,accepted,0.661,133.410,
4,accepted,0.661,133.410,
22,accepted,0.000,123.880,
27,accepted,0.503,124.880,
5,accepted,0.000,124.377,
13,accepted,0.000,120.686,
12,accepted,0.967,124.694,
10,accepted,0.000,130.743,
24,accepted,0.000,134.858,
21,accepted,0.503,127.624,
30,accepted,0.000,139.395,
15,accepted,0.499,140.697,
26,accepted,0.501,140.697,
11,accepted,0.000,140.697,
16,accepted,0.000,135.808,
20,accepted,0.000,129.507,
7,accepted,0.500,142.899,
14,accepted,0.500,124.476,
19,accepted,0.000,142.012,
8,accepted,0.500,144.600,
23,accepted,0.500,143.015,
9,accepted,0.000,142.165,
17,accepted,1.003,134.151,
0,accepted,0.000,142.165,
6,accepted,0.000,132.651,
2,accepted,0.000,138.680,
3,accepted,0.000,131.579,
28,accepted,0.000,134.564,
29,accepted,0.000,135.101,
25,accepted,0.639,147.503,
18,accepted,0.000,145.417,
31,accepted,0.000,136.630,
4,accepted,0.557,136.630,
1,accepted,0.499,152.582,
27,accepted,0.000,145.535,
22,accepted,0.000,145.535,
10,accepted,0.563,145.169,
13,accepted,0.563,145.169,
12,accepted,0.563,145.169,
5,accepted,0.551,151.978,
21,accepted,0.504,129.996,
24,accepted,0.500,142.220,
11,accepted,0.523,137.267,
26,accepted,1.023,137.267,
7,accepted,0.500,126.814,
30,accepted,0.000,139.828,
15,accepted,0.500,139.828,
16,accepted,0.000,141.919,
14,accepted,0.000,130.761,
23,accepted,0.000,121.235,
20,accepted,0.564,136.327,
8,accepted,0.569,133.256,
19,accepted,0.500,134.759,
6,accepted,0.506,135.650,
9,accepted,0.506,135.650,
17,accepted,0.499,135.650,
0,accepted,0.506,135.650,
3,accepted,0.997,125.207,
2,accepted,0.500,140.149,
29,accepted,0.703,120.027,
4,accepted,0.636,117.269,
25,accepted,0.000,122.838,
28,accepted,0.507,129.778,
18,accepted,0.636,123.928,
1,accepted,0.000,126.277,
27,accepted,0.500,123.270,
31,accepted,0.000,133.280,
22,accepted,0.000,129.782,
13,accepted,1.003,121.782,
12,accepted,0.500,134.227,
10,accepted,0.000,134.227,
21,accepted,0.500,121.504,
5,accepted,0.500,134.483,
24,accepted,1.000,134.343,
11,accepted,1.003,120.539,
16,accepted,2.499,133.041,
26,accepted,2.499,145.619,
15,accepted,0.000,159.011,
30,accepted,1.522,159.011,
19,accepted,0.601,138.571,
20,accepted,0.601,153.254,
23,accepted,0.601,159.098,
14,accepted,1.522,160.598,
7,accepted,1.522,168.612,
8,accepted,1.003,147.077,
6,accepted,0.502,145.826,
9,accepted,0.000,159.458,
17,accepted,0.502,160.958,
0,accepted,0.503,163.581,
29,accepted,0.500,147.668,
3,accepted,0.503,157.096,
2,accepted,1.003,153.103,
4,accepted,0.658,148.949,
18,accepted,2.534,146.921,
25,accepted,2.534,160.301,
28,accepted,2.000,160.301,
31,accepted,1.038,149.461,
22,accepted,2.033,153.442,
1,accepted,1.038,161.447,
27,accepted,0.000,159.953,
13,accepted,0.503,261.580,
12,accepted,0.000,251.139,
10,accepted,0.000,262.683,
5,accepted,1.157,260.983,
21,accepted,0.000,262.683,
11,accepted,1.125,255.439,
24,accepted,0.625,261.979,
16,accepted,0.499,247.861,
26,accepted,2.001,254.003,
15,accepted,2.001,238.048,
7,accepted,0.000,238.962,
30,accepted,1.502,248.562,
20,accepted,0.500,246.305,
19,accepted,0.527,248.967,
23,accepted,0.527,240.461,
8,accepted,0.000,241.461,
14,accepted,0.000,241.461,
6,accepted,1.663,239.111,
9,accepted,0.534,227.080,
0,accepted,2.197,243.064,
17,accepted,0.534,245.686,
29,accepted,0.500,240.060,
4,accepted,1.007,332.583,
3,accepted,0.505,342.090,
2,accepted,0.505,342.090,
28,accepted,0.606,341.562,
18,accepted,0.000,349.938,
25,accepted,0.631,341.562,
22,accepted,0.000,327.399,
31,accepted,2.605,340.891,
27,accepted,0.637,330.398,
1,accepted,1.136,343.901,
10,accepted,0.000,228.241,
13,accepted,0.637,241.788,
12,accepted,0.999,241.792,
5,accepted,1.000,233.757,
21,accepted,1.000,238.666,
11,accepted,0.000,232.152,
24,accepted,0.685,235.095,
16,accepted,0.000,233.174,
26,accepted,1.497,240.421,
15,accepted,2.996,240.421,
7,accepted,3.498,231.417,
20,accepted,0.504,235.563,
8,accepted,0.000,236.064,
30,accepted,0.504,238.563,
23,accepted,1.009,237.064,
14,accepted,0.999,242.075,
6,accepted,0.999,236.260,
19,accepted,2.999,245.585,
9,accepted,0.000,234.658,
0,accepted,0.549,230.068,
17,accepted,0.000,234.180,
29,accepted,1.006,241.692,
4,accepted,3.507,142.642,
2,accepted,3.507,142.642,
3,accepted,3.507,142.642,
22,accepted,0.611,124.811,
28,accepted,0.611,128.320,
18,accepted,1.000,128.320,
25,accepted,3.000,128.320,
27,accepted,0.883,126.820,
31,accepted,0.000,133.799,
1,accepted,2.000,124.302,
10,accepted,2.001,121.799,
12,accepted,0.500,133.307,
13,accepted,0.000,136.313,
5,accepted,0.000,134.796,
21,accepted,1.003,129.887,
11,accepted,1.009,131.661,
24,accepted,3.009,134.830,
16,accepted,3.616,129.073,
15,accepted,1.000,132.800,
20,accepted,1.000,132.310,
7,accepted,1.500,137.956,
26,accepted,1.500,139.465,
30,accepted,2.498,138.818,
14,accepted,2.497,132.806,
19,accepted,3.498,132.297,
23,accepted,2.498,140.818,
6,accepted,2.998,139.805,
0,accepted,0.570,129.219,
8,accepted,2.498,153.256,
9,accepted,0.522,144.735,
17,accepted,2.500,138.786,
29,accepted,1.500,148.294,
3,accepted,0.000,148.949,
22,accepted,0.000,147.478,
18,accepted,2.500,145.469,
2,accepted,1.003,151.478,
4,accepted,1.003,151.978,
28,accepted,0.612,152.874,
25,accepted,0.612,152.874,
31,accepted,0.603,150.996,
27,accepted,0.603,157.976,
10,accepted,1.998,141.965,
1,accepted,0.501,147.492,
12,accepted,0.593,135.458,
5,accepted,0.500,150.364,
13,accepted,0.653,158.929,
21,accepted,0.499,161.429,
11,accepted,0.999,163.101,
24,accepted,0.499,158.493,
16,accepted,2.501,156.374,
15,accepted,0.000,179.668,
30,accepted,2.001,173.385,
20,accepted,1.500,181.393,
7,accepted,1.500,182.936,
26,accepted,2.001,182.936,
14,accepted,1.595,179.435,
0,accepted,0.000,166.998,
19,accepted,1.595,179.435,
9,accepted,4.500,174.004,
23,accepted,0.999,186.441,
6,accepted,0.000,178.933,
8,accepted,2.501,174.503,
17,accepted,0.000,168.261,
29,accepted,1.002,152.815,
3,accepted,0.999,157.511,
2,accepted,0.612,165.673,
28,accepted,4.000,164.269,
22,accepted,1.005,171.674,
18,accepted,4.504,173.532,
4,accepted,6.004,173.032,
10,accepted,0.505,162.884,
25,accepted,0.000,170.986,
27,accepted,1.199,169.037,
31,accepted,1.509,170.433,
1,accepted,1.509,169.933,
12,accepted,1.505,163.425,
5,accepted,0.503,148.624,
13,accepted,0.500,144.058,
21,accepted,0.000,158.600,
24,accepted,0.500,161.810,
16,accepted,0.500,156.108,
11,accepted,0.499,163.313,
15,accepted,1.000,152.601,
30,accepted,0.500,146.338,
20,accepted,0.000,151.958,
26,accepted,0.503,154.827,
0,accepted,2.000,148.320,
7,accepted,0.000,154.827,
14,accepted,4.005,150.320,
19,accepted,0.645,153.425,
9,accepted,0.500,146.419,
17,accepted,0.999,140.314,
23,accepted,2.500,149.920,
8,accepted,5.500,149.421,
29,accepted,6.001,140.410,
6,accepted,0.999,149.920,
3,accepted,0.505,139.571,
2,accepted,0.000,130.381,
28,accepted,1.498,145.748,
18,accepted,0.504,150.453,
4,accepted,0.000,151.550,
22,accepted,0.504,155.290,
10,accepted,3.499,155.513,
25,accepted,2.498,155.513,
27,accepted,2.000,149.360,
1,accepted,1.003,148.468,
31,accepted,1.003,148.468,
12,accepted,1.003,148.468,
21,accepted,1.016,133.328,
13,accepted,0.500,154.368,
5,accepted,0.500,154.368,
24,accepted,0.000,146.580,
11,accepted,0.499,148.393,
16,accepted,0.499,151.394,
15,accepted,1.076,124.494,
20,accepted,0.000,118.247,
30,accepted,0.634,239.371,
26,accepted,2.118,246.632,
14,accepted,2.118,246.632,
7,accepted,1.500,247.132,
19,accepted,0.999,242.027,
0,accepted,2.618,247.132,
17,accepted,0.000,245.697,
8,accepted,2.499,252.530,
2,accepted,2.000,242.012,
3,accepted,4.499,243.513,
29,accepted,7.000,252.530,
6,accepted,2.499,253.031,
9,accepted,2.999,258.532,
23,accepted,2.499,255.030,
28,accepted,0.504,226.151,
18,accepted,0.675,232.596,
4,accepted,0.000,237.006,
22,accepted,0.000,242.638,
25,accepted,1.999,241.210,
1,accepted,1.500,242.210,
27,accepted,0.000,250.653,
10,accepted,1.001,250.653,
31,accepted,1.001,250.150,
12,accepted,1.001,250.150,
5,accepted,1.000,241.712,
21,accepted,5.500,241.712,
13,accepted,1.000,241.712,
24,accepted,2.506,222.683,
11,accepted,2.002,239.401,
16,accepted,2.002,237.901,
15,accepted,0.501,238.338,
30,accepted,2.501,126.036,
20,accepted,4.000,243.039,
14,accepted,0.501,117.252,
7,accepted,0.502,124.272,
19,accepted,0.502,130.799,
26,accepted,1.001,135.301,
0,accepted,1.001,134.801,
17,accepted,0.000,129.300,
8,accepted,1.999,124.307,
6,accepted,0.503,125.847,
3,accepted,1.500,130.809,
29,accepted,0.503,130.809,
2,accepted,1.066,130.809,
28,accepted,3.067,131.848,
23,accepted,2.001,136.854,
9,accepted,4.998,136.854,
18,accepted,1.002,120.839,
4,accepted,0.503,123.340,
22,accepted,1.004,122.826,
25,accepted,0.548,228.571,
1,accepted,0.501,241.602,
31,accepted,0.501,233.662,
5,accepted,1.044,237.897,
12,accepted,1.044,240.462,
10,accepted,0.501,240.462,
27,accepted,0.501,241.960,
13,accepted,0.000,239.395,
24,accepted,0.499,233.320,
21,accepted,0.500,241.327,
11,accepted,1.001,232.202,
16,accepted,0.507,240.855,
15,accepted,0.535,243.457,
30,accepted,1.999,240.255,
20,accepted,1.999,240.404,
14,accepted,2.999,233.393,
7,accepted,0.000,231.266,
19,accepted,1.002,230.861,
8,accepted,0.000,226.850,
26,accepted,1.002,230.361,
6,accepted,0.000,236.010,
17,accepted,0.500,241.561,
0,accepted,0.500,241.561,
3,accepted,0.660,337.344,
29,accepted,0.000,344.854,
2,accepted,0.660,351.365,
28,accepted,0.499,346.722,
9,accepted,0.000,346.456,
18,accepted,0.000,346.456,
23,accepted,0.000,349.956,
4,accepted,0.569,345.368,
25,accepted,0.000,235.710,
22,accepted,0.000,346.968,
1,accepted,0.000,236.673,
31,accepted,0.000,250.818,
12,accepted,0.499,244.018,
10,accepted,0.000,244.018,
27,accepted,0.000,249.528,
5,accepted,0.501,251.026,
13,accepted,0.000,249.528,
24,accepted,1.002,256.677,
21,accepted,1.503,256.677,
11,accepted,0.504,251.189,
16,accepted,0.000,250.743,
15,accepted,0.500,238.653,
30,accepted,0.900,243.736,
20,accepted,0.000,247.982,
7,accepted,0.502,244.210,
14,accepted,0.581,256.619,
19,accepted,0.581,245.104,
17,accepted,0.500,237.788,
26,accepted,1.000,254.121,
8,accepted,1.499,254.121,
0,accepted,0.000,242.920,
6,accepted,0.504,242.920,
29,accepted,1.206,133.621,
3,accepted,0.504,141.131,
28,accepted,0.000,145.015,
2,accepted,0.499,146.918,
23,accepted,0.000,140.781,
9,accepted,0.000,144.282,
4,accepted,0.000,137.360,
18,accepted,0.000,146.287,
25,accepted,0.501,136.644,
22,accepted,0.000,136.644,
1,accepted,0.000,132.824,
10,accepted,0.501,129.185,
31,accepted,0.000,130.828,
5,accepted,0.000,130.487,
12,accepted,0.501,137.495,
27,accepted,0.000,135.806,
13,accepted,0.000,135.806,
24,accepted,0.500,128.681,
21,accepted,0.000,135.203,
16,accepted,0.000,120.522,
11,accepted,0.503,130.230,
15,accepted,0.000,127.157,
30,accepted,0.000,136.252,
20,accepted,0.507,132.366,
7,accepted,1.002,131.745,
17,accepted,0.000,119.847,
14,accepted,0.503,129.238,
26,accepted,1.005,122.234,
19,accepted,0.000,134.753,
6,accepted,0.501,132.745,
8,accepted,0.501,132.745,
3,accepted,0.000,130.242,
0,accepted,0.501,140.752,
29,accepted,0.000,136.747,
28,accepted,0.000,144.974,
2,accepted,0.000,144.974,
9,accepted,0.000,143.974,
18,accepted,0.000,142.970,
25,accepted,0.000,139.103,
4,accepted,0.000,146.986,
23,accepted,0.000,146.986,
22,accepted,0.505,147.121,
1,accepted,0.000,146.464,
5,accepted,0.000,136.659,
10,accepted,0.000,148.473,
27,accepted,0.000,134.843,
31,accepted,0.000,154.359,
12,accepted,0.000,154.698,
13,accepted,1.003,157.885,
24,accepted,0.000,155.929,
16,accepted,0.501,148.321,
11,accepted,0.500,148.321,
21,accepted,0.500,155.272,
15,accepted,0.000,152.409,
7,accepted,0.000,149.992,
30,accepted,0.000,155.578,
20,accepted,0.000,156.410,
14,accepted,0.500,153.562,
17,accepted,0.501,155.567,
26,accepted,0.000,148.047,
8,accepted,0.501,143.046,
6,accepted,0.000,143.046,
19,accepted,0.000,153.557,
0,accepted,1.000,140.477,
3,accepted,1.000,146.982,
29,accepted,0.000,149.998,
25,accepted,0.000,134.366,
28,accepted,0.501,140.197,
18,accepted,0.500,141.831,
2,accepted,0.500,142.833,
22,accepted,0.501,134.355,
4,accepted,0.501,142.372,
23,accepted,0.501,142.372,
9,accepted,0.501,146.884,
10,accepted,0.500,122.558,
1,accepted,0.000,135.073,
5,accepted,1.117,126.062,
27,accepted,0.000,130.071,
31,accepted,0.500,122.542,
12,accepted,0.503,120.545,
13,accepted,0.659,129.609,
24,accepted,0.501,132.612,
11,accepted,1.000,128.375,
21,accepted,0.000,128.375,
16,accepted,0.500,128.375,
15,accepted,1.079,124.216,
7,accepted,0.000,120.810,
20,accepted,0.000,120.536,
30,accepted,0.000,130.386,
14,accepted,0.552,127.696,
17,accepted,0.000,130.393,
26,accepted,0.000,134.398,
8,accepted,0.000,128.888,
0,accepted,0.503,123.451,
19,accepted,0.000,133.232,
3,accepted,0.503,127.794,
6,accepted,0.000,133.232,
29,accepted,0.000,123.437,
25,accepted,0.500,126.672,
18,accepted,0.499,127.222,
22,accepted,0.504,127.675,
28,accepted,0.499,132.862,
23,accepted,0.000,130.180,
2,accepted,0.504,132.731,
4,accepted,0.000,133.113,
9,accepted,1.511,133.182,
10,accepted,0.000,127.359,
5,accepted,0.503,127.359,
12,accepted,0.500,122.903,
27,accepted,0.500,127.912,
1,accepted,0.000,135.425,
31,accepted,0.000,131.829,
13,accepted,0.503,130.248,
21,accepted,0.000,131.809,
11,accepted,0.000,131.809,
24,accepted,0.000,133.437,
16,accepted,0.000,133.813,
15,accepted,0.500,128.801,
7,accepted,0.000,126.033,
20,accepted,0.555,120.889,
30,accepted,0.500,122.320,
17,accepted,0.500,131.378,
14,accepted,0.502,134.074,
26,accepted,0.000,132.819,
19,accepted,0.000,128.475,
6,accepted,0.602,129.632,
8,accepted,0.000,133.976,
0,accepted,0.000,133.976,
29,accepted,0.000,128.843,
3,accepted,0.000,134.007,
25,accepted,0.999,120.771,
18,accepted,0.000,122.531,
22,accepted,0.504,124.536,
4,accepted,0.000,128.510,
28,accepted,0.000,133.947,
23,accepted,0.000,134.358,
2,accepted,0.000,134.358,
9,accepted,0.505,134.456,
10,accepted,0.000,130.041,
5,accepted,0.000,130.041,
27,accepted,0.000,125.970,
31,accepted,1.003,127.717,
1,accepted,0.000,131.633,
12,accepted,1.003,131.633,
13,accepted,0.000,124.990,
21,accepted,0.000,130.823,
11,accepted,0.659,135.924,
24,accepted,0.659,135.924,
16,accepted,0.862,135.421,
15,accepted,0.500,130.916,
20,accepted,0.000,129.329,
7,accepted,0.500,129.829,
30,accepted,1.001,121.387,
14,accepted,0.000,124.362,
17,accepted,0.504,124.362,
19,accepted,0.651,131.356,
26,accepted,0.000,131.356,
6,accepted,0.500,131.282,
8,accepted,0.500,134.285,
29,accepted,0.000,131.419,
0,accepted,0.000,136.295,
3,accepted,0.000,131.920,
18,accepted,0.000,121.600,
22,accepted,0.000,116.591,
25,accepted,0.524,129.364,
23,accepted,0.500,122.413,
4,accepted,1.503,125.328,
2,accepted,0.000,133.929,
28,accepted,0.500,136.844,
9,accepted,0.000,133.827,
5,accepted,0.000,138.646,
31,accepted,0.000,130.187,
10,accepted,0.501,139.845,
27,accepted,0.000,136.350,
12,accepted,0.000,134.685,
1,accepted,0.000,138.769,
13,accepted,0.502,120.497,
21,accepted,0.584,128.434,
11,accepted,0.000,133.355,
24,accepted,1.005,133.355,
15,accepted,0.631,132.894,
20,accepted,0.000,124.890,
16,accepted,0.501,137.399,
7,accepted,0.627,128.391,
14,accepted,0.000,114.348,
30,accepted,0.000,131.888,
17,accepted,1.500,118.864,
19,accepted,0.000,111.717,
8,accepted,0.500,123.528,
26,accepted,0.999,132.992,
6,accepted,0.000,133.108,
22,accepted,0.503,123.081,
29,accepted,0.503,133.529,
3,accepted,0.000,137.093,
0,accepted,0.500,137.093,
25,accepted,0.501,133.089,
18,accepted,1.001,137.202,
23,accepted,0.501,119.053,
4,accepted,0.498,124.113,
2,accepted,0.000,133.029,
28,accepted,0.000,133.029,
9,accepted,0.498,129.952,
5,accepted,0.000,130.208,
27,accepted,0.502,128.510,
10,accepted,0.000,134.453,
1,accepted,1.507,125.871,
31,accepted,0.000,138.145,
13,accepted,0.000,131.564,
12,accepted,2.007,135.647,
21,accepted,0.877,122.602,
15,accepted,0.499,136.685,
11,accepted,0.498,137.724,
20,accepted,0.000,139.192,
24,accepted,0.499,140.736,
16,accepted,0.000,136.688,
14,accepted,0.000,137.675,
17,accepted,0.000,133.159,
7,accepted,0.000,141.173,
19,accepted,0.000,135.880,
30,accepted,0.000,145.689,
8,accepted,0.500,124.990,
26,accepted,0.504,128.629,
6,accepted,0.000,131.347,
29,accepted,0.000,135.410,
22,accepted,0.000,137.335,
3,accepted,0.000,139.954,
25,accepted,0.000,135.935,
0,accepted,0.663,139.954,
23,accepted,0.000,135.824,
4,accepted,0.498,134.830,
18,accepted,0.500,139.890,
2,accepted,0.000,128.793,
28,accepted,0.595,132.427,
9,accepted,0.000,138.724,
10,accepted,0.000,129.713,
27,accepted,0.000,138.165,
5,accepted,0.000,139.663,
12,accepted,0.505,131.543,
31,accepted,0.000,133.543,
1,accepted,0.499,137.236,
21,accepted,0.000,130.623,
13,accepted,0.000,141.623,
11,accepted,0.676,125.020,
15,accepted,0.648,134.036,
24,accepted,0.500,134.029,
16,accepted,0.500,132.532,
20,accepted,0.000,134.443,
7,accepted,0.000,129.974,
14,accepted,0.000,129.974,
17,accepted,0.500,129.974,
19,accepted,0.559,125.034,
8,accepted,0.000,129.048,
30,accepted,0.000,134.054,
26,accepted,0.000,120.030,
6,accepted,0.000,122.517,
29,accepted,0.500,134.204,
22,accepted,0.000,134.204,
3,accepted,1.060,132.284,
25,accepted,1.060,135.285,
4,accepted,0.000,127.217,
0,accepted,0.000,136.782,
23,accepted,0.000,135.939,
2,accepted,0.501,117.477,
18,accepted,1.032,133.373,
28,accepted,0.000,124.861,
9,accepted,0.000,125.183,
10,accepted,0.000,126.176,
27,accepted,0.500,134.192,
12,accepted,0.000,133.181,
5,accepted,0.000,136.198,
1,accepted,1.001,136.408,
31,accepted,1.498,137.921,
13,accepted,0.500,137.347,
21,accepted,0.000,139.847,
11,accepted,0.000,124.290,
15,accepted,0.499,129.301,
24,accepted,0.494,132.797,
16,accepted,0.000,132.797,
17,accepted,0.500,133.877,
20,accepted,1.001,135.390,
14,accepted,0.000,133.877,
7,accepted,1.000,133.877,
26,accepted,0.000,126.382,
19,accepted,0.500,135.403,
30,accepted,0.000,126.382,
6,accepted,0.500,125.201,
8,accepted,0.500,138.326,
29,accepted,0.000,124.625,
22,accepted,0.500,136.847,
3,accepted,0.000,133.662,
4,accepted,0.498,135.096,
23,accepted,0.502,134.530,
18,accepted,0.500,134.530,
25,accepted,0.498,140.686,
0,accepted,0.502,139.189,
28,accepted,0.000,132.018,
10,accepted,0.000,121.478,
9,accepted,0.531,124.989,
2,accepted,0.000,144.048,
27,accepted,0.000,119.276,
12,accepted,0.000,129.383,
31,accepted,1.003,129.635,
5,accepted,0.000,134.374,
1,accepted,1.003,137.687,
21,accepted,0.000,127.621,
13,accepted,0.498,130.122,
11,accepted,0.000,129.700,
15,accepted,0.500,125.081,
24,accepted,0.555,127.198,
16,accepted,0.000,132.711,
14,accepted,0.000,129.704,
7,accepted,0.504,131.203,
20,accepted,0.000,134.268,
26,accepted,0.000,129.669,
17,accepted,0.000,134.268,
30,accepted,0.000,132.199,
19,accepted,0.000,134.010,
6,accepted,0.500,134.295,
8,accepted,0.000,131.957,
29,accepted,0.000,130.726,
3,accepted,0.499,130.360,
22,accepted,0.499,133.863,
18,accepted,0.000,129.457,
23,accepted,0.000,130.957,
4,accepted,0.000,139.113,
9,accepted,1.003,128.506,
25,accepted,0.000,136.523,
0,accepted,0.000,136.523,
28,accepted,0.000,131.017,
27,accepted,1.003,125.194,
10,accepted,1.003,135.019,
2,accepted,0.501,134.008,
12,accepted,0.000,120.096,
5,accepted,0.000,130.436,
31,accepted,0.000,134.635,
1,accepted,0.503,129.378,
21,accepted,0.000,132.935,
13,accepted,0.500,134.438,
11,accepted,0.000,131.377,
24,accepted,0.501,117.854,
15,accepted,1.001,126.472,
16,accepted,0.501,120.375,
14,accepted,0.664,131.809,
7,accepted,0.000,130.310,
26,accepted,0.000,131.279,
20,accepted,0.507,135.180,
30,accepted,0.000,134.149,
17,accepted,0.507,136.680,
19,accepted,1.000,133.812,
8,accepted,0.500,128.953,
6,accepted,0.560,133.336,
29,accepted,0.000,129.715,
3,accepted,0.498,118.250,
22,accepted,0.692,133.354,
4,accepted,0.624,124.215,
18,accepted,0.624,131.354,
9,accepted,0.501,130.179,
23,accepted,0.504,137.245,
25,accepted,0.502,131.649,
28,accepted,0.502,130.149,
27,accepted,0.000,128.159,
2,accepted,0.500,127.156,
10,accepted,0.000,127.156,
0,accepted,0.502,132.657,
12,accepted,0.000,119.645,
5,accepted,0.000,130.381,
31,accepted,0.842,129.179,
1,accepted,1.500,132.401,
21,accepted,0.000,128.399,
11,accepted,0.501,131.300,
15,accepted,0.498,130.897,
24,accepted,0.999,130.897,
13,accepted,3.001,138.402,
16,accepted,0.585,122.862,
14,accepted,1.017,117.933,
26,accepted,0.498,117.808,
7,accepted,1.124,129.893,
20,accepted,0.500,129.439,
30,accepted,0.000,132.014,
19,accepted,0.000,130.540,
6,accepted,0.500,126.007,
8,accepted,0.000,128.420,
17,accepted,0.999,134.925,
29,accepted,0.608,126.226,
3,accepted,0.496,129.406,
4,accepted,0.000,121.763,
22,accepted,0.498,133.471,
18,accepted,0.500,132.290,
25,accepted,0.505,125.993,
9,accepted,0.505,127.464,
27,accepted,0.600,130.994,
23,accepted,0.505,133.472,
10,accepted,1.499,131.831,
0,accepted,1.499,131.831,
28,accepted,1.498,132.839,
2,accepted,0.999,131.831,
12,accepted,0.500,134.001,
5,accepted,0.500,116.949,
31,accepted,0.574,124.969,
1,accepted,0.499,128.282,
21,accepted,0.660,131.366,
11,accepted,0.498,131.072,
15,accepted,0.000,128.472,
16,accepted,0.000,129.973,
13,accepted,0.506,132.816,
24,accepted,1.007,132.816,
14,accepted,0.000,126.311,
26,accepted,0.000,128.685,
7,accepted,0.000,120.634,
19,accepted,0.503,128.234,
20,accepted,0.499,132.309,
30,accepted,0.501,128.734,
6,accepted,0.000,133.015,
8,accepted,1.003,130.603,
17,accepted,2.007,132.115,
29,accepted,0.501,131.120,
3,accepted,0.000,124.553,
4,accepted,0.000,120.983,
22,accepted,0.000,131.947,
18,accepted,0.000,127.517,
27,accepted,0.000,124.969,
9,accepted,0.000,131.977,
25,accepted,0.000,131.977,
23,accepted,0.999,125.968,
28,accepted,1.000,129.714,
0,accepted,0.499,132.722,
10,accepted,0.499,133.849,
12,accepted,0.499,131.679,
2,accepted,2.000,134.349,
5,accepted,0.000,124.665,
1,accepted,0.000,112.204,
31,accepted,0.000,122.523,
21,accepted,0.000,127.080,
11,accepted,0.000,125.966,
16,accepted,0.000,130.111,
15,accepted,0.500,131.613,
14,accepted,0.500,128.769,
13,accepted,0.000,128.769,
24,accepted,0.505,132.779,
26,accepted,0.000,126.495,
19,accepted,0.000,110.842,
7,accepted,0.505,133.004,
30,accepted,1.006,117.861,
20,accepted,1.006,131.392,
6,accepted,0.498,129.629,
17,accepted,0.000,130.842,
8,accepted,0.639,133.818,
3,accepted,0.999,128.632,
4,accepted,0.999,120.692,
29,accepted,1.628,129.137,
22,accepted,0.000,114.994,
27,accepted,1.500,108.956,
18,accepted,1.000,128.629,
9,accepted,0.000,132.604,
0,accepted,1.501,125.013,
23,accepted,0.642,132.604,
25,accepted,0.642,134.108,
28,accepted,2.501,130.525,
10,accepted,0.500,131.670,
2,accepted,0.000,131.169,
1,accepted,0.000,129.300,
5,accepted,0.000,135.675,
12,accepted,0.500,137.675,
31,accepted,1.003,129.786,
21,accepted,0.000,132.066,
11,accepted,1.647,138.435,
16,accepted,0.499,135.497,
24,accepted,0.503,136.333,
14,accepted,0.000,140.342,
26,accepted,0.000,136.333,
15,accepted,0.000,141.842,
13,accepted,0.000,141.989,
19,accepted,0.500,144.494,
30,accepted,1.131,139.980,
7,accepted,0.500,144.492,
20,accepted,0.500,130.953,
6,accepted,0.000,144.964,
8,accepted,0.501,142.250,
17,accepted,0.500,151.750,
3,accepted,0.500,147.083,
4,accepted,0.499,149.726,
29,accepted,0.000,156.871,
22,accepted,0.000,150.873,
27,accepted,0.000,150.873,
18,accepted,0.000,135.727,
0,accepted,0.519,143.376,
9,accepted,0.673,144.838,
28,accepted,0.000,148.879,
25,accepted,1.173,149.880,
23,accepted,0.500,151.383,
2,accepted,0.000,149.104,
10,accepted,0.000,149.104,
5,accepted,0.000,144.603,
31,accepted,0.000,141.616,
12,accepted,0.000,150.113,
1,accepted,0.000,150.113,
21,accepted,0.504,131.549,
11,accepted,0.499,137.139,
16,accepted,0.500,140.442,
26,accepted,0.000,137.096,
30,accepted,0.000,131.094,
24,accepted,1.163,145.762,
14,accepted,0.000,146.755,
19,accepted,0.000,135.592,
13,accepted,0.499,145.607,
15,accepted,0.499,147.254,
7,accepted,0.000,133.086,
20,accepted,1.627,131.582,
6,accepted,0.000,117.061,
8,accepted,0.000,115.587,
17,accepted,0.500,134.514,
4,accepted,0.000,128.513,
3,accepted,0.000,132.729,
29,accepted,0.503,124.496,
22,accepted,0.000,129.309,
18,accepted,0.500,130.810,
27,accepted,0.000,133.311,
9,accepted,0.000,118.818,
0,accepted,0.500,128.293,
28,accepted,0.000,128.301,
25,accepted,0.499,134.308,
23,accepted,0.499,134.308,
10,accepted,2.000,130.304,
5,accepted,0.000,128.800,
31,accepted,1.492,133.800,
1,accepted,0.500,130.169,
12,accepted,0.000,132.795,
2,accepted,2.500,143.707,
11,accepted,1.003,116.547,
21,accepted,0.500,134.505,
16,accepted,0.503,127.219,
26,accepted,0.554,133.247,
30,accepted,0.732,126.055,
14,accepted,0.732,129.589,
20,accepted,1.501,126.090,
13,accepted,1.999,134.598,
24,accepted,0.501,136.090,
19,accepted,1.999,138.076,
7,accepted,3.000,137.576,
15,accepted,3.000,138.076,
6,accepted,0.607,133.097,
8,accepted,0.000,134.998,
17,accepted,0.500,123.058,
3,accepted,1.001,131.912,
4,accepted,2.001,134.971,
29,accepted,1.000,131.845,
22,accepted,0.500,126.124,
18,accepted,0.000,126.123,
27,accepted,0.000,125.122,
9,accepted,0.000,126.442,
0,accepted,0.548,120.521,
23,accepted,0.000,122.785,
25,accepted,0.503,126.792,
28,accepted,0.000,132.798,
5,accepted,0.501,131.830,
10,accepted,0.000,133.390,
1,accepted,1.000,132.011,
31,accepted,0.500,133.890,
12,accepted,0.502,129.384,
11,accepted,0.503,130.525,
2,accepted,1.028,133.506,
21,accepted,0.000,133.026,
16,accepted,0.497,114.843,
26,accepted,0.520,132.820,
20,accepted,0.500,128.319,
30,accepted,2.020,132.845,
13,accepted,0.000,128.682,
14,accepted,0.500,134.190,
19,accepted,0.501,126.332,
15,accepted,0.501,126.332,
7,accepted,0.501,126.332,
24,accepted,0.000,130.310,
6,accepted,0.000,131.312,
8,accepted,0.499,133.415,
17,accepted,0.000,118.390,
3,accepted,0.560,123.004,
4,accepted,0.502,131.637,
29,accepted,0.000,133.509,
22,accepted,0.500,128.950,
27,accepted,0.500,132.005,
18,accepted,1.511,133.506,
9,accepted,0.500,129.595,
25,accepted,0.000,114.140,
23,accepted,1.002,118.147,
0,accepted,0.000,134.433,
5,accepted,0.501,121.231,
28,accepted,0.501,133.739,
1,accepted,1.499,129.198,
10,accepted,1.501,134.698,
31,accepted,0.630,134.706,
11,accepted,0.500,126.686,
12,accepted,0.498,134.706,
21,accepted,0.501,125.685,
2,accepted,0.501,128.186,
16,accepted,0.625,134.995,
26,accepted,0.483,125.685,
30,accepted,0.000,124.185,
13,accepted,0.546,127.753,
20,accepted,0.000,133.624,
6,accepted,1.027,126.284,
14,accepted,2.524,133.420,
15,accepted,1.528,133.794,
7,accepted,1.027,133.794,
3,accepted,1.114,108.742,
8,accepted,0.500,125.284,
19,accepted,1.528,138.298,
24,accepted,1.527,137.798,
17,accepted,1.114,131.289,
22,accepted,0.501,121.654,
29,accepted,1.046,123.115,
4,accepted,1.046,124.987,
27,accepted,0.999,125.775,
18,accepted,0.501,131.382,
25,accepted,0.000,128.280,
9,accepted,0.000,135.209,
23,accepted,1.004,129.767,
28,accepted,0.000,111.837,
0,accepted,1.508,131.436,
5,accepted,0.498,117.807,
10,accepted,0.000,132.254,
1,accepted,0.502,132.254,
31,accepted,0.503,132.303,
11,accepted,0.503,132.303,
21,accepted,2.500,136.306,
12,accepted,3.000,139.267,
2,accepted,2.000,138.812,
26,accepted,0.500,112.308,
16,accepted,0.503,130.001,
30,accepted,0.000,113.308,
13,accepted,0.500,120.266,
20,accepted,0.000,131.743,
6,accepted,0.594,126.075,
3,accepted,0.000,124.573,
24,accepted,0.500,125.735,
14,accepted,1.003,131.741,
8,accepted,0.000,136.746,
7,accepted,0.503,138.247,
19,accepted,0.500,134.245,
15,accepted,0.000,138.748,
17,accepted,0.500,131.242,
22,accepted,0.000,112.385,
4,accepted,0.000,121.398,
27,accepted,0.000,117.726,
29,accepted,0.000,129.903,
9,accepted,0.000,120.001,
18,accepted,0.555,126.857,
28,accepted,0.499,130.369,
23,accepted,0.000,132.039,
25,accepted,0.499,133.526,
5,accepted,1.000,131.872,
0,accepted,1.000,131.872,
10,accepted,0.580,110.413,
1,accepted,0.000,129.749,
12,accepted,1.499,122.302,
11,accepted,1.999,129.266,
31,accepted,2.999,130.268,
30,accepted,2.999,133.769,
26,accepted,0.000,134.769,
13,accepted,1.999,117.372,
2,accepted,1.501,135.268,
21,accepted,0.500,137.774,
16,accepted,1.501,134.769,
3,accepted,0.000,111.400,
20,accepted,1.998,118.359,
6,accepted,0.501,133.426,
24,accepted,0.000,131.266,
8,accepted,0.000,127.267,
14,accepted,0.000,135.276,
15,accepted,0.000,126.766,
19,accepted,1.002,133.782,
4,accepted,0.503,124.768,
17,accepted,0.000,133.782,
22,accepted,0.500,140.160,
7,accepted,0.000,146.805,
27,accepted,0.505,131.286,
9,accepted,0.503,125.055,
29,accepted,1.031,137.793,
18,accepted,0.503,129.998,
28,accepted,1.499,134.063,
23,accepted,0.499,141.281,
25,accepted,0.499,142.782,
5,accepted,2.506,144.213,
0,accepted,2.003,149.300,
10,accepted,1.503,141.787,
1,accepted,0.000,124.952,
31,accepted,0.502,123.273,
12,accepted,1.004,127.753,
11,accepted,0.000,142.839,
16,accepted,0.000,129.831,
26,accepted,0.640,146.869,
21,accepted,0.500,148.372,
3,accepted,0.500,142.866,
20,accepted,0.000,138.910,
2,accepted,0.000,152.375,
30,accepted,0.500,152.875,
13,accepted,0.500,152.875,
6,accepted,0.565,132.357,
8,accepted,0.000,124.841,
24,accepted,0.499,128.851,
19,accepted,0.000,136.698,
14,accepted,1.208,143.714,
4,accepted,0.498,136.698,
15,accepted,0.000,143.714,
22,accepted,0.000,138.849,
17,accepted,0.000,145.227,
27,accepted,0.501,145.227,
7,accepted,0.504,145.728,
9,accepted,0.000,146.615,
18,accepted,0.000,143.799,
29,accepted,0.000,148.742,
28,accepted,0.500,143.748,
23,accepted,0.500,144.039,
25,accepted,0.500,142.538,
5,accepted,0.503,139.605,
0,accepted,0.500,134.518,
31,accepted,0.000,137.466,
1,accepted,3.000,141.864,
10,accepted,0.000,152.043,
12,accepted,0.528,143.166,
16,accepted,2.006,148.126,
11,accepted,0.502,148.126,
21,accepted,0.000,133.737,
26,accepted,0.000,135.240,
3,accepted,1.003,143.135,
20,accepted,2.127,140.133,
2,accepted,0.502,139.132,
13,accepted,1.628,141.250,
6,accepted,0.499,134.237,
24,accepted,0.500,141.991,
30,accepted,1.628,149.004,
19,accepted,0.000,123.119,
8,accepted,0.500,141.991,
14,accepted,0.500,123.119,
4,accepted,1.500,135.277,
22,accepted,0.497,126.747,
17,accepted,0.500,138.674,
15,accepted,0.502,147.203,
7,accepted,0.500,125.651,
18,accepted,0.000,126.645,
27,accepted,0.668,138.666,
23,accepted,0.593,112.183,
9,accepted,0.501,139.358,
29,accepted,1.000,137.231,
28,accepted,0.499,119.693,
31,accepted,0.499,114.837,
25,accepted,0.499,132.617,
0,accepted,0.499,132.617,
5,accepted,0.999,132.617,
1,accepted,0.619,123.853,
12,accepted,0.619,113.673,
10,accepted,0.000,120.673,
11,accepted,0.584,135.858,
16,accepted,1.083,137.358,
21,accepted,0.499,133.206,
26,accepted,1.083,133.713,
3,accepted,0.499,124.314,
20,accepted,1.520,125.308,
2,accepted,1.520,128.307,
19,accepted,0.504,117.935,
30,accepted,1.520,117.935,
13,accepted,1.560,131.572,
14,accepted,0.504,123.818,
24,accepted,0.499,132.738,
6,accepted,1.004,141.944,
4,accepted,0.000,123.081,
17,accepted,0.000,111.154,
8,accepted,2.503,135.239,
22,accepted,0.000,128.581,
7,accepted,0.585,123.159,
15,accepted,2.086,135.118,
23,accepted,0.499,116.578,
27,accepted,0.000,127.163,
18,accepted,0.499,127.163,
28,accepted,0.538,131.642,
29,accepted,0.538,131.642,
9,accepted,0.538,136.108,
31,accepted,0.000,128.151,
25,accepted,0.000,123.224,
1,accepted,0.500,121.638,
0,accepted,0.500,129.714,
12,accepted,0.507,133.148,
5,accepted,0.493,134.733,
10,accepted,0.000,129.648,
3,accepted,0.000,128.921,
26,accepted,0.000,129.921,
16,accepted,0.535,132.522,
21,accepted,0.000,132.522,
11,accepted,0.535,134.023,
30,accepted,0.502,131.023,
20,accepted,0.560,134.022,
2,accepted,1.061,131.023,
19,accepted,0.000,131.023,
14,accepted,0.000,126.640,
24,accepted,0.000,117.720,
13,accepted,0.502,126.640,
4,accepted,0.000,119.358,
6,accepted,1.003,125.418,
22,accepted,0.503,125.245,
17,accepted,0.503,130.744,
8,accepted,0.000,130.744,
7,accepted,1.000,126.372,
15,accepted,0.000,130.466,
18,accepted,1.002,129.738,
23,accepted,2.501,132.679,
27,accepted,1.499,132.679,
28,accepted,0.500,117.615,
9,accepted,0.501,123.728,
31,accepted,1.173,120.184,
29,accepted,0.503,129.697,
25,accepted,0.000,125.198,
1,accepted,0.500,130.210,
0,accepted,0.000,129.226,
12,accepted,1.500,130.746,
5,accepted,3.000,137.278,
10,accepted,0.500,136.278,
3,accepted,0.505,123.841,
26,accepted,0.000,128.207,
21,accepted,0.676,130.254,
11,accepted,0.676,132.754,
16,accepted,2.007,132.754,
14,accepted,0.000,129.722,
19,accepted,1.153,131.222,
30,accepted,0.000,131.222,
2,accepted,0.000,132.724,
13,accepted,0.000,131.224,
20,accepted,1.153,132.724,
24,accepted,0.500,132.725,
4,accepted,0.000,131.396,
6,accepted,0.000,126.385,
8,accepted,0.501,120.010,
22,accepted,0.000,120.700,
17,accepted,0.000,120.700,
7,accepted,0.499,123.893,
15,accepted,0.504,125.623,
18,accepted,1.671,132.794,
23,accepted,2.171,133.353,
27,accepted,0.000,133.353,
28,accepted,0.000,133.854,
31,accepted,0.501,122.772,
9,accepted,0.498,130.780,
1,accepted,0.697,121.065,
29,accepted,0.501,133.594,
25,accepted,0.501,126.076,
0,accepted,0.501,120.756,
12,accepted,0.965,131.732,
10,accepted,0.498,128.017,
5,accepted,0.498,130.714,
3,accepted,0.498,119.630,
26,accepted,0.000,119.263,
21,accepted,1.498,115.122,
19,accepted,0.536,128.703,
14,accepted,0.000,128.703,
11,accepted,0.998,130.171,
2,accepted,1.036,129.112,
30,accepted,0.000,130.613,
16,accepted,0.536,134.919,
24,accepted,0.500,130.448,
13,accepted,0.000,131.949,
6,accepted,3.001,128.809,
20,accepted,0.000,133.120,
4,accepted,0.000,128.809,
22,accepted,0.499,132.448,
8,accepted,0.499,133.138,
7,accepted,0.500,124.287,
17,accepted,0.499,135.113,
15,accepted,2.500,118.593,
27,accepted,0.000,129.314,
23,accepted,0.000,129.314,
18,accepted,0.999,132.815,
0,accepted,0.000,116.299,
31,accepted,0.499,132.318,
28,accepted,0.500,134.836,
1,accepted,0.499,123.015,
9,accepted,0.000,128.419,
29,accepted,0.532,131.605,
25,accepted,0.532,131.605,
12,accepted,0.000,115.782,
5,accepted,0.504,127.632,
10,accepted,0.000,131.491,
3,accepted,0.671,126.889,
26,accepted,0.659,126.896,
21,accepted,3.000,132.284,
19,accepted,2.500,128.894,
30,accepted,0.000,126.983,
11,accepted,0.000,134.398,
14,accepted,0.000,135.401,
2,accepted,1.199,133.491,
24,accepted,0.503,130.653,
13,accepted,0.503,130.653,
20,accepted,0.500,129.482,
6,accepted,0.000,129.482,
16,accepted,1.199,130.653,
4,accepted,0.500,134.386,
17,accepted,0.602,127.392,
7,accepted,0.602,134.145,
22,accepted,0.602,136.810,
8,accepted,0.587,141.851,
15,accepted,0.874,127.097,
27,accepted,0.502,128.975,
0,accepted,0.849,124.471,
18,accepted,0.000,132.974,
1,accepted,0.000,126.951,
31,accepted,1.719,132.048,
9,accepted,0.719,129.441,
28,accepted,1.719,130.529,
23,accepted,1.000,146.063,
25,accepted,0.500,131.450,
12,accepted,1.500,124.559,
29,accepted,1.000,133.278,
5,accepted,1.001,117.071,
10,accepted,0.504,124.541,
26,accepted,0.000,118.014,
3,accepted,0.000,124.521,
21,accepted,0.500,119.085,
30,accepted,2.561,113.438,
11,accepted,0.501,114.463,
19,accepted,2.000,126.494,
14,accepted,0.500,124.993,
13,accepted,2.000,134.450,
6,accepted,1.499,137.320,
24,accepted,3.500,138.321,
20,accepted,1.999,138.321,
17,accepted,0.000,133.917,
2,accepted,2.499,138.821,
16,accepted,0.000,139.821,
4,accepted,0.000,134.917,
22,accepted,0.000,129.971,
7,accepted,0.000,129.971,
8,accepted,1.501,124.930,
15,accepted,0.000,126.575,
27,accepted,0.503,120.557,
0,accepted,0.000,130.531,
31,accepted,1.500,130.568,
18,accepted,1.500,135.145,
1,accepted,1.500,135.145,
9,accepted,0.500,132.068,
5,accepted,0.503,112.681,
28,accepted,0.500,133.567,
12,accepted,0.503,124.057,
23,accepted,0.503,124.057,
29,accepted,0.000,123.728,
25,accepted,0.000,125.556,
10,accepted,0.000,113.049,
26,accepted,0.501,131.151,
3,accepted,1.001,132.650,
30,accepted,1.500,128.849,
21,accepted,6.500,141.371,
11,accepted,0.000,126.330,
14,accepted,3.054,114.796,
19,accepted,4.554,120.987,
13,accepted,1.164,116.558,
24,accepted,1.500,123.697,
6,accepted,0.499,132.698,
17,accepted,0.500,131.197,
16,accepted,0.000,130.197,
20,accepted,0.500,131.697,
2,accepted,0.999,131.697,
27,accepted,1.611,107.158,
4,accepted,3.500,133.700,
8,accepted,2.999,133.393,
7,accepted,2.999,133.393,
15,accepted,3.001,139.748,
22,accepted,5.998,141.393,
0,accepted,1.179,108.190,
31,accepted,1.161,139.658,
5,accepted,2.665,138.158,
12,accepted,1.000,138.659,
1,accepted,1.000,140.659,
9,accepted,1.501,140.158,
18,accepted,3.165,140.659,
23,accepted,0.501,138.659,
29,accepted,0.000,137.661,
28,accepted,0.000,139.160,
10,accepted,0.000,135.663,
25,accepted,0.502,141.663,
26,accepted,1.137,130.084,
3,accepted,2.000,137.547,
21,accepted,0.500,140.891,
24,accepted,1.000,120.579,
30,accepted,0.000,146.817,
11,accepted,3.545,142.808,
19,accepted,5.045,141.624,
13,accepted,1.500,133.173,
14,accepted,7.545,144.393,
6,accepted,0.626,147.817,
17,accepted,0.000,149.873,
20,accepted,0.500,151.879,
8,accepted,1.499,146.876,
2,accepted,0.500,151.379,
16,accepted,0.500,151.879,
27,accepted,0.499,151.382,
15,accepted,0.999,141.877,
4,accepted,0.530,153.375,
0,accepted,0.999,143.876,
7,accepted,1.034,157.734,
22,accepted,0.503,149.735,
31,accepted,0.500,133.603,
12,accepted,1.500,145.909,
23,accepted,1.500,145.909,
18,accepted,1.500,145.909,
1,accepted,1.500,146.987,
5,accepted,2.000,148.987,
29,accepted,0.500,146.486,
9,accepted,0.500,146.987,
28,accepted,0.500,146.486,
25,accepted,0.000,153.986,
3,accepted,1.617,118.935,
10,accepted,0.000,153.986,
26,accepted,0.593,131.399,
11,accepted,3.001,148.686,
13,accepted,1.501,147.101,
30,accepted,2.999,148.686,
21,accepted,1.000,150.602,
24,accepted,2.500,148.686,
14,accepted,2.500,147.650,
6,accepted,0.604,123.044,
19,accepted,0.000,158.786,
17,accepted,2.499,129.996,
8,accepted,1.980,145.015,
27,accepted,0.519,154.308,
20,accepted,1.980,157.671,
2,accepted,0.519,157.671,
4,accepted,0.000,152.672,
16,accepted,0.519,157.671,
15,accepted,0.504,157.310,
7,accepted,6.182,163.970,
0,accepted,1.685,170.329,
22,accepted,0.501,164.470,
31,accepted,2.498,141.520,
23,accepted,0.499,159.220,
1,accepted,0.501,158.142,
12,accepted,0.499,159.220,
25,accepted,1.000,146.638,
18,accepted,0.499,159.220,
5,accepted,0.499,158.641,
29,accepted,0.501,160.111,
28,accepted,0.000,160.111,
9,accepted,0.000,160.111,
3,accepted,0.500,158.103,
10,accepted,0.503,158.103,
26,accepted,0.500,156.103,
11,accepted,1.003,144.983,
24,accepted,2.504,144.983,
13,accepted,0.505,144.983,
20,accepted,0.500,96.697,
6,accepted,0.000,135.386,
17,accepted,0.505,126.878,
14,accepted,0.505,144.932,
30,accepted,2.023,145.482,
8,accepted,1.500,117.248,
21,accepted,1.500,152.878,
19,accepted,2.001,142.778,
16,accepted,1.000,130.141,
27,accepted,0.499,140.531,
4,accepted,1.000,138.667,
2,accepted,1.000,138.667,
1,accepted,1.000,94.492,
7,accepted,0.499,135.979,
15,accepted,0.499,150.498,
22,accepted,0.000,136.011,
0,accepted,2.007,136.011,
31,accepted,1.007,136.011,
3,accepted,3.499,121.543,
12,accepted,0.000,133.008,
10,accepted,1.895,123.050,
9,accepted,2.394,132.545,
28,accepted,2.394,135.587,
18,accepted,3.612,139.059,
25,accepted,2.111,147.404,
23,accepted,2.111,147.404,
26,accepted,2.394,135.940,
29,accepted,2.111,145.435,
5,accepted,3.394,146.905,
24,accepted,0.499,132.553,
11,accepted,0.499,132.553,
19,accepted,1.000,128.756,
8,accepted,0.000,129.256,
21,accepted,0.531,141.267,
17,accepted,0.000,148.663,
16,accepted,0.500,115.719,
13,accepted,1.500,149.162,
6,accepted,0.000,149.162,
30,accepted,0.531,149.162,
2,accepted,0.505,107.691,
14,accepted,0.531,149.162,
4,accepted,0.500,107.691,
20,accepted,3.499,151.661,
27,accepted,0.500,116.199,
1,accepted,2.003,137.391,
7,accepted,0.501,132.273,
0,accepted,0.500,131.741,
31,accepted,0.499,142.388,
3,accepted,0.500,118.885,
22,accepted,2.000,147.888,
15,accepted,1.000,148.420,
10,accepted,0.999,118.880,
12,accepted,0.502,124.395,
9,accepted,0.502,143.423,
23,accepted,0.000,132.042,
28,accepted,1.001,141.889,
18,accepted,0.000,140.387,
26,accepted,1.000,135.081,
25,accepted,1.000,137.709,
5,accepted,2.500,145.715,
29,accepted,4.000,147.216,
11,accepted,0.000,131.285,
24,accepted,1.130,137.289,
19,accepted,0.000,139.707,
8,accepted,1.640,139.207,
21,accepted,0.000,130.196,
30,accepted,0.000,132.698,
16,accepted,1.998,133.197,
20,accepted,0.000,130.698,
14,accepted,0.000,137.239,
17,accepted,2.500,137.738,
2,accepted,3.499,141.256,
6,accepted,0.000,141.754,
4,accepted,0.000,141.256,
27,accepted,0.000,132.747,
13,accepted,0.000,141.754,
1,accepted,1.008,128.623,
0,accepted,0.500,131.585,
7,accepted,0.000,131.585,
31,accepted,2.500,127.682,
3,accepted,2.500,129.682,
10,accepted,3.612,132.117,
15,accepted,2.000,137.085,
22,accepted,3.612,137.085,
9,accepted,0.503,111.042,
12,accepted,2.000,131.576,
23,accepted,0.000,141.206,
28,accepted,1.500,143.663,
18,accepted,0.500,143.663,
26,accepted,4.500,140.625,
8,unfinished,0.504,107.319,"Get ""http://127.0.0.1:18080/"": context deadline exceeded"
18,unfinished,0.000,7.601,"Get ""http://127.0.0.1:18080/"": context deadline exceeded"
3,unfinished,0.000,49.136,"Get ""http://127.0.0.1:18080/"": context deadline exceeded"
31,unfinished,1.049,56.636,"Get ""http://127.0.0.1:18080/.within.website/x/cmd/anubis/api/pass-challenge?elapsedTime=1.049&id=01a0f012-e991-79e3-8416-f8273028fcf7&nonce=5336&redir=%2F&response=00003eaf624f769a9190832425c65cc9421598e8dc47d968db0c3565b45fe5b1"": context deadline exceeded"
17,unfinished,0.500,96.776,"Get ""http://127.0.0.1:18080/.within.website/x/cmd/anubis/api/pass-challenge?elapsedTime=0.500&id=01a0f012-e964-73f9-b1c3-240d596d6ef0&nonce=54355&redir=%2F&response=00002323f1296d6e046e473311a44e50c9b14cd502a657e1e21fc30118c2827d"": context deadline exceeded"
27,unfinished,0.575,92.760,"Get ""http://127.0.0.1:18080/.within.website/x/cmd/anubis/api/pass-challenge?elapsedTime=0.575&id=01a0f012-e965-7dd6-8ce7-6568d49310e5&nonce=5537&redir=%2F&response=0000eed8b6fce1ffb75706677e1e1b8c96457afdfe2c6d490f2e8af3e3a849e2"": context deadline exceeded"
25,unfinished,0.499,145.598,"Get ""http://127.0.0.1:18080/"": context deadline exceeded"
23,unfinished,0.000,10.059,"Get ""http://127.0.0.1:18080/"": context deadline exceeded"
29,unfinished,0.504,136.091,"Get ""http://127.0.0.1:18080/"": context deadline exceeded"
13,unfinished,0.575,92.760,"Get ""http://127.0.0.1:18080/.within.website/x/cmd/anubis/api/pass-challenge?elapsedTime=0.575&id=01a0f012-e965-7df4-96f5-8c933f9f60cb&nonce=44871&redir=%2F&response=00005e6fd82219915d289ea5b9e8a7083f38327fc42a9b8a64752ee598d29442"": context deadline exceeded"
24,unfinished,0.590,113.835,"Get ""http://127.0.0.1:18080/"": context deadline exceeded"
30,unfinished,1.000,101.318,"Get ""http://127.0.0.1:18080/.within.website/x/cmd/anubis/api/pass-challenge?elapsedTime=1.000&id=01a0f012-e963-7697-92c3-b3e09f1f9b22&nonce=24948&redir=%2F&response=00005df97696ca4d171f6b5de12c9a272c0d8753d07051dde85e7f486702a751"": context deadline exceeded"
21,unfinished,0.732,104.319,"Get ""http://127.0.0.1:18080/"": context deadline exceeded"
19,unfinished,1.004,107.319,"Get ""http://127.0.0.1:18080/"": context deadline exceeded"
14,unfinished,2.501,96.776,"Get ""http://127.0.0.1:18080/.within.website/x/cmd/anubis/api/pass-challenge?elapsedTime=2.501&id=01a0f012-e963-75fd-bb92-69164403ee08&nonce=175437&redir=%2F&response=000078485e18eebdb524c6857ad3cd85b31480ec308cc502049f1358896a2185"": context deadline exceeded"
5,unfinished,0.503,137.591,"Get ""http://127.0.0.1:18080/"": context deadline exceeded"
12,unfinished,0.000,41.732,"Get ""http://127.0.0.1:18080/"": context deadline exceeded"
15,unfinished,0.000,41.732,"Get ""http://127.0.0.1:18080/"": context deadline exceeded"
9,unfinished,0.000,41.732,"Get ""http://127.0.0.1:18080/"": context deadline exceeded"
22,unfinished,0.000,41.732,"Get ""http://127.0.0.1:18080/"": context deadline exceeded"
28,unfinished,0.000,7.601,"Get ""http://127.0.0.1:18080/"": context deadline exceeded"
7,unfinished,1.500,63.379,"Get ""http://127.0.0.1:18080/.within.website/x/cmd/anubis/api/pass-challenge?elapsedTime=1.500&id=01a0f012-e978-7797-8f93-5659027d43d0&nonce=41304&redir=%2F&response=0000dd4a884a30f649f0355f7893cd123d852aea2512dd87641abf4c6abd1e72"": context deadline exceeded"
26,unfinished,0.000,7.601,"Get ""http://127.0.0.1:18080/"": context deadline exceeded"
6,unfinished,0.500,92.760,"Get ""http://127.0.0.1:18080/.within.website/x/cmd/anubis/api/pass-challenge?elapsedTime=0.500&id=01a0f012-e964-7984-83c9-94f0f1226d4d&nonce=39128&redir=%2F&response=00007c3a5932a4e9f4470d7e4a0905f3f69bcaab98b2a52b249491d10638056e"": context deadline exceeded"
11,unfinished,1.003,119.838,"Get ""http://127.0.0.1:18080/"": context deadline exceeded"
0,unfinished,0.504,63.379,"Get ""http://127.0.0.1:18080/.within.website/x/cmd/anubis/api/pass-challenge?elapsedTime=0.504&id=01a0f012-e97a-7512-9050-9c2b1d7cb013&nonce=46379&redir=%2F&response=00006a1570a140e2dd17e4cc9fd96832c157c9ae2bd37eb0cc338586d6375a30"": context deadline exceeded"
1,unfinished,2.536,70.205,"Get ""http://127.0.0.1:18080/.within.website/x/cmd/anubis/api/pass-challenge?elapsedTime=2.536&id=01a0f012-e974-7c27-a37e-9a06dc0fa98a&nonce=87795&redir=%2F&response=0000bdedae27c8cd4f79f1b7173b31d19eb4ddad2d43771365154efb1c3401b5"": context deadline exceeded"
16,unfinished,3.000,101.823,"Get ""http://127.0.0.1:18080/"": context deadline exceeded"
4,unfinished,0.000,92.760,"Get ""http://127.0.0.1:18080/.within.website/x/cmd/anubis/api/pass-challenge?elapsedTime=0.000&id=01a0f012-e964-75a9-8577-82b2e693a80c&nonce=50111&redir=%2F&response=0000b0b8fe8fe589b82555a57111f303231b970a15bbd7094c037f215f0f1d6f"": context deadline exceeded"
20,unfinished,3.501,101.318,"Get ""http://127.0.0.1:18080/.within.website/x/cmd/anubis/api/pass-challenge?elapsedTime=3.501&id=01a0f012-e962-7b36-b643-8b9c3e01229c&nonce=83658&redir=%2F&response=0000d16c52510f2b4518a89cdef4674074dee36e8b86b867b221456680424490"": context deadline exceeded"
2,unfinished,2.075,92.760,"Get ""http://127.0.0.1:18080/.within.website/x/cmd/anubis/api/pass-challenge?elapsedTime=2.075&id=01a0f012-e966-71ad-8d30-8defb9a41262&nonce=17936&redir=%2F&response=000067d5b66b21604218700c72aae18429b1ec1ca512972d64afaeedf343804a"": context deadline exceeded"
10,unfinished,0.000,45.200,"Get ""http://127.0.0.1:18080/"": context deadline exceeded"
